method,instance,run,start,seed,lengthPhaseI,objAfter,visitedAfter,tour
NearestNeighbor (NNa),TSPA.csv,0,0,356428082,39089,1370,159,0 170 117 93 140 36 67 163 69 108 110 191 139 198 46 115 116 105 47 65 77 43 42 5 96 41 193 159 195 146 103 181 192 160 48 54 30 147 104 177 10 190 4 84 11 166 28 184 131 149 24 123 194 6 154 180 158 53 136 182 121 99 189 19 97 1 101 150 100 26 152 74 125 87 2 82 120 44 25 78 145 168 31 85 188 56 13 171 88 16 157 17 196 169 174 187 81 91 179 55 52 106 178 3 32 138 14 155 144 102 49 62 9 61 15 64 114 186 23 76 89 183 137 66 141 51 109 118 59 72 162 161 133 130 12 124 111 167 33 37 185 40 119 8 165 39 95 58 164 71 27 107 90 70 29 156 126 112 60
NearestNeighbor (NNa),TSPA.csv,1,1,356428083,38470,1068,169,1 97 26 100 121 99 189 19 152 74 125 87 2 82 120 44 25 78 145 168 31 85 188 56 13 171 88 16 157 17 196 169 174 187 81 91 179 55 52 106 178 3 32 138 14 155 144 102 49 62 9 61 15 64 114 186 23 76 89 183 153 0 170 117 93 140 36 67 163 69 108 110 191 139 198 46 115 116 105 47 65 77 43 42 5 96 41 193 159 195 146 103 181 192 160 48 54 30 147 104 177 10 190 4 84 11 166 28 184 131 149 24 123 194 6 154 180 158 53 136 182 63 80 176 66 141 51 109 118 59 72 162 161 133 94 124 130 12 111 167 33 37 148 101 150 86 70 29 156 126 112 60 137 73 132 21 7 164 58 71 27 107 90 39 165 8 185 40 119
NearestNeighbor (NNa),TSPA.csv,2,2,356428084,39201,1354,163,87 125 74 152 97 1 101 150 100 26 121 99 189 19 94 124 130 12 111 167 33 37 9 62 61 102 49 32 3 178 106 52 55 57 92 82 120 44 25 78 145 168 31 85 188 56 13 171 88 16 157 17 196 169 174 187 81 91 179 185 40 119 8 165 39 95 58 164 7 21 132 144 155 15 64 114 186 23 76 89 183 153 0 170 117 93 140 36 67 163 69 108 110 191 139 198 46 115 116 105 47 65 77 43 42 5 96 41 193 159 195 146 103 181 192 160 48 54 30 147 104 177 10 190 4 84 11 166 28 184 131 149 24 123 194 6 154 180 158 53 136 182 63 80 176 66 141 51 109 118 59 72 162 161 29 156 126 112 60 137 107 27 90
NearestNeighbor (NNa),TSPA.csv,3,3,356428085,38408,1735,162,3 178 32 138 14 155 144 102 49 62 9 61 15 64 114 186 23 76 89 183 153 0 170 117 93 140 36 67 163 69 108 110 191 139 198 46 115 116 105 47 65 77 43 42 5 96 41 193 159 195 146 103 181 192 160 48 54 30 147 104 177 10 190 4 84 11 166 28 184 131 149 24 123 194 6 154 180 158 53 136 182 121 99 189 19 97 1 101 150 100 26 152 74 125 87 2 82 120 44 25 78 145 168 31 85 188 56 13 171 88 16 157 17 196 169 174 187 81 91 179 55 52 185 40 119 8 165 39 95 58 164 7 21 132 33 37 148 111 167 124 94 130 12 176 66 141 51 109 118 59 72 162 161 29 156 126 112 60 137 107 27 90
NearestNeighbor (NNa),TSPA.csv,4,4,356428086,40615,3774,162,4 84 11 166 28 184 147 104 177 10 190 54 30 48 160 192 181 146 103 22 159 193 41 191 139 198 46 68 140 36 67 163 69 108 117 170 0 76 89 183 23 137 66 141 51 109 118 59 72 162 161 194 6 154 180 158 53 136 182 121 99 189 19 97 1 101 150 100 26 152 74 125 87 2 82 120 44 25 78 145 168 31 85 188 56 13 171 88 16 157 17 196 169 174 187 81 91 179 55 52 106 178 3 32 138 14 155 144 102 49 62 9 61 15 64 114 73 132 21 7 164 58 71 27 107 90 39 165 8 185 40 119 128 167 111 148 37 33 12 130 124 94 63 133 24 149 131 47 65 116 105 77 43 42 5 96 115 197 29 156 126 112
NearestNeighbor (NNa),TSPA.csv,5,5,356428087,39166,2260,160,5 96 41 193 159 195 146 103 22 20 18 69 108 67 163 36 140 93 117 170 0 46 198 139 191 110 115 116 105 47 65 77 166 28 184 11 84 4 112 126 156 29 24 149 131 59 118 109 51 66 141 60 72 162 161 194 6 154 180 158 53 136 182 121 99 189 19 97 1 101 150 100 26 152 74 125 87 2 82 120 44 25 78 145 168 31 85 188 56 13 171 88 16 157 17 196 169 174 187 81 91 179 55 52 106 178 3 32 138 14 155 144 102 49 62 9 61 15 64 114 186 23 76 89 183 137 176 80 94 124 130 12 111 167 33 37 185 40 119 8 165 39 95 58 164 71 27 107 90 70 190 10 177 104 147 54 30 48 160 192
NearestNeighbor (NNa),TSPA.csv,6,6,356428088,42530,2106,158,6 194 161 162 133 63 182 136 53 158 180 121 99 189 19 97 1 101 150 100 26 152 74 125 87 2 82 120 44 25 78 145 168 31 85 188 56 13 171 88 16 157 17 196 169 174 187 81 91 179 55 52 106 178 3 32 138 14 155 144 102 49 62 9 61 15 64 114 186 23 76 89 183 153 0 170 117 93 140 36 67 163 69 108 110 191 139 198 46 115 116 105 47 65 77 43 42 5 96 41 193 159 195 146 103 181 192 160 48 54 30 147 104 177 10 190 4 84 11 166 28 184 131 149 24 29 156 126 112 59 118 109 51 66 141 60 72 176 130 12 124 111 167 33 37 185 40 119 8 165 39 95 58 164 7 90 107 27
NearestNeighbor (NNa),TSPA.csv,7,7,356428089,36941,2759,165,7 164 58 71 27 107 90 174 187 81 196 169 40 119 185 8 165 39 95 21 132 144 155 102 49 32 3 178 106 52 55 57 92 82 120 44 25 78 145 168 31 85 188 56 13 171 88 16 157 91 179 172 167 111 148 37 33 9 62 61 15 64 114 186 23 76 89 183 153 0 170 117 93 140 36 67 163 69 108 110 191 139 198 46 115 116 105 47 65 77 43 42 5 96 41 193 159 195 146 103 181 192 160 48 54 30 147 104 177 10 190 4 84 11 166 28 184 131 149 24 123 194 6 154 180 158 53 136 182 121 99 189 19 97 1 101 150 100 26 152 74 125 87 124 94 130 12 176 66 141 51 109 118 59 72 162 161 29 156 126 112 60 137 14 138
NearestNeighbor (NNa),TSPA.csv,8,8,356428090,37616,1973,165,8 165 39 95 58 164 7 21 132 144 155 102 49 32 3 178 106 52 55 57 92 82 120 44 25 78 145 168 31 85 188 56 13 171 88 16 157 17 196 169 174 187 81 91 179 185 40 119 90 107 27 138 14 62 9 61 15 64 114 186 23 76 89 183 153 0 170 117 93 140 36 67 163 69 108 110 191 139 198 46 115 116 105 47 65 77 43 42 5 96 41 193 159 195 146 103 181 192 160 48 54 30 147 104 177 10 190 4 84 11 166 28 184 131 149 24 123 194 6 154 180 158 53 136 182 121 99 189 19 97 1 101 150 100 26 152 74 125 87 167 111 148 37 33 12 130 124 94 80 176 66 141 51 109 118 59 72 162 161 29 156 126 112 60 137
NearestNeighbor (NNa),TSPA.csv,9,9,356428091,38842,1143,165,9 62 61 102 49 32 3 178 106 52 55 57 92 82 120 44 25 78 145 168 31 85 188 56 13 171 88 16 157 17 196 169 174 187 81 91 179 185 40 119 8 165 39 95 58 164 7 21 132 144 155 14 138 128 167 111 148 37 33 15 64 114 186 23 76 89 183 153 0 170 117 93 140 36 67 163 69 108 110 191 139 198 46 115 116 105 47 65 77 43 42 5 96 41 193 159 195 146 103 181 192 160 48 54 30 147 104 177 10 190 4 84 11 166 28 184 131 149 24 123 194 6 154 180 158 53 136 182 121 99 189 19 97 1 101 150 100 26 152 74 125 87 124 94 130 12 176 66 141 51 109 118 59 72 162 161 29 156 126 112 60 137 107 27 90
NearestNeighbor (NNa),TSPA.csv,10,10,356428092,39385,4191,159,190 177 104 147 54 30 48 160 192 181 146 103 22 159 193 41 191 139 198 46 68 140 36 67 163 69 108 117 170 0 76 89 183 23 137 66 141 51 109 118 59 72 162 161 194 6 154 180 158 53 136 182 121 99 189 19 97 1 101 150 100 26 152 74 125 87 2 82 120 44 25 78 145 168 31 85 188 56 13 171 88 16 157 17 196 169 174 187 81 91 179 55 52 106 178 3 32 138 14 155 144 102 49 62 9 61 15 64 114 73 132 21 7 164 58 71 27 107 90 39 165 8 185 40 119 128 167 111 148 37 33 12 130 124 94 63 133 24 149 131 47 65 116 105 77 43 42 5 96 166 28 184 11 84 4 112 126 156 29
NearestNeighbor (NNa),TSPA.csv,11,11,356428093,39502,2199,161,11 84 4 112 126 156 29 24 149 131 47 65 116 105 77 43 42 5 96 41 193 159 195 146 103 22 20 18 69 108 67 163 36 140 93 117 170 0 46 198 139 191 110 115 59 118 109 51 66 141 60 72 162 161 194 6 154 180 158 53 136 182 121 99 189 19 97 1 101 150 100 26 152 74 125 87 2 82 120 44 25 78 145 168 31 85 188 56 13 171 88 16 157 17 196 169 174 187 81 91 179 55 52 106 178 3 32 138 14 155 144 102 49 62 9 61 15 64 114 186 23 76 89 183 137 176 80 94 124 130 12 111 167 33 37 185 40 119 8 165 39 95 58 164 71 27 107 90 166 28 184 147 104 177 10 190 54 30 48 160 192
NearestNeighbor (NNa),TSPA.csv,12,12,356428094,37690,5490,163,12 130 124 94 189 19 99 121 182 136 53 158 180 173 6 194 161 162 133 80 176 66 141 51 109 118 59 72 60 46 198 139 191 110 193 41 96 5 42 43 77 105 116 65 47 131 149 24 29 156 126 112 4 84 11 166 28 184 147 104 177 10 190 54 30 48 160 192 181 146 103 22 159 199 18 69 108 67 163 36 140 93 117 170 0 183 89 76 23 186 114 64 15 61 62 9 33 37 148 111 167 172 129 82 120 44 25 78 145 168 31 85 188 56 13 171 88 16 157 17 196 169 174 187 81 91 179 55 52 106 178 3 32 138 14 155 144 102 49 21 7 164 58 71 27 107 90 39 165 8 185 40 119 87 125 74 152 97 1 101 150 100 26
NearestNeighbor (NNa),TSPA.csv,13,13,356428095,36630,3216,165,13 56 113 171 88 16 31 85 188 157 168 145 78 25 44 120 82 92 57 55 52 106 178 3 32 138 14 155 144 102 49 62 9 61 15 64 114 186 23 76 89 183 153 0 170 117 93 140 36 67 163 69 108 110 191 139 198 46 115 116 105 47 65 77 43 42 5 96 41 193 159 195 146 103 181 192 160 48 54 30 147 104 177 10 190 4 84 11 166 28 184 131 149 24 123 194 6 154 180 158 53 136 182 121 99 189 19 97 1 101 150 100 26 152 74 125 87 167 111 148 37 33 12 130 124 94 80 176 66 141 51 109 118 59 72 162 161 29 156 126 112 60 137 73 132 21 7 164 58 71 27 107 90 174 187 81 196 169 40 119 185 8 165 91 179
NearestNeighbor (NNa),TSPA.csv,14,14,356428096,37923,2020,164,138 32 3 178 106 52 55 57 92 82 120 44 25 78 145 168 31 85 188 56 13 171 88 16 157 17 196 169 174 187 81 91 179 185 40 119 8 165 39 95 58 164 7 21 132 144 155 102 49 62 9 61 15 64 114 186 23 76 89 183 153 0 170 117 93 140 36 67 163 69 108 110 191 139 198 46 115 116 105 47 65 77 43 42 5 96 41 193 159 195 146 103 181 192 160 48 54 30 147 104 177 10 190 4 84 11 166 28 184 131 149 24 123 194 6 154 180 158 53 136 182 121 99 189 19 97 1 101 150 100 26 152 74 125 87 167 111 148 37 33 12 130 124 94 80 176 66 141 51 109 118 59 72 162 161 29 156 126 112 60 137 107 27 90
NearestNeighbor (NNa),TSPA.csv,15,15,356428097,37222,2995,164,15 64 114 186 23 76 89 183 153 0 170 117 93 140 36 67 163 69 108 110 191 139 198 46 115 116 105 47 65 77 43 42 5 96 41 193 159 195 146 103 181 192 160 48 54 30 147 104 177 10 190 4 84 11 166 28 184 131 149 24 123 194 6 154 180 158 53 136 182 121 99 189 19 97 1 101 150 100 26 152 74 125 87 2 82 120 44 25 78 145 168 31 85 188 56 13 171 88 16 157 17 196 169 174 187 81 91 179 55 52 106 178 3 32 138 14 155 144 102 49 62 9 61 33 37 148 111 167 124 94 130 12 176 66 141 51 109 118 59 72 162 161 29 156 126 112 60 137 73 132 21 7 164 58 71 27 107 90 39 165 8 185 40 119
NearestNeighbor (NNa),TSPA.csv,16,16,356428098,37853,3335,165,16 88 171 113 56 13 31 157 17 196 169 174 187 81 168 145 78 25 44 120 82 92 57 55 52 106 178 3 32 138 14 155 144 102 49 62 9 61 15 64 114 186 23 76 89 183 153 0 170 117 93 140 36 67 163 69 108 110 191 139 198 46 115 116 105 47 65 77 43 42 5 96 41 193 159 195 146 103 181 192 160 48 54 30 147 104 177 10 190 4 84 11 166 28 184 131 149 24 123 194 6 154 180 158 53 136 182 121 99 189 19 97 1 101 150 100 26 152 74 125 87 167 111 148 37 33 12 130 124 94 80 176 66 141 51 109 118 59 72 162 161 29 156 126 112 60 137 73 132 21 7 164 58 71 27 107 90 39 165 8 185 40 119 91 179
NearestNeighbor (NNa),TSPA.csv,17,17,356428099,37398,3737,164,196 169 174 187 81 157 31 85 188 56 13 171 88 16 25 44 120 82 92 57 55 52 106 178 3 32 138 14 155 144 102 49 62 9 61 15 64 114 186 23 76 89 183 153 0 170 117 93 140 36 67 163 69 108 110 191 139 198 46 115 116 105 47 65 77 43 42 5 96 41 193 159 195 146 103 181 192 160 48 54 30 147 104 177 10 190 4 84 11 166 28 184 131 149 24 123 194 6 154 180 158 53 136 182 121 99 189 19 97 1 101 150 100 26 152 74 125 87 167 111 148 37 33 12 130 124 94 80 176 66 141 51 109 118 59 72 162 161 29 156 126 112 60 137 73 132 21 7 164 58 71 27 107 90 39 165 8 185 40 119 91 179 145 168
NearestNeighbor (NNa),TSPA.csv,18,18,356428100,39173,2527,158,18 69 108 67 163 36 140 93 117 170 0 46 198 139 191 110 193 41 96 5 42 43 77 105 116 65 47 131 149 24 123 194 6 154 180 158 53 136 182 121 99 189 19 97 1 101 150 100 26 152 74 125 87 2 82 120 44 25 78 145 168 31 85 188 56 13 171 88 16 157 17 196 169 174 187 81 91 179 55 52 106 178 3 32 138 14 155 144 102 49 62 9 61 15 64 114 186 23 76 89 183 137 66 141 51 109 118 59 72 162 161 133 130 12 124 111 167 33 37 185 40 119 8 165 39 95 58 164 71 27 107 90 70 29 156 126 112 4 84 11 166 28 184 147 104 177 10 190 54 30 48 160 192 181 146 103 22 159
NearestNeighbor (NNa),TSPA.csv,19,19,356428101,37700,5444,162,19 189 99 121 182 136 53 158 180 173 6 194 161 162 133 80 176 66 141 51 109 118 59 72 60 46 198 139 191 110 193 41 96 5 42 43 77 105 116 65 47 131 149 24 29 156 126 112 4 84 11 166 28 184 147 104 177 10 190 54 30 48 160 192 181 146 103 22 159 199 18 69 108 67 163 36 140 93 117 170 0 183 89 76 23 186 114 64 15 61 62 9 33 37 148 111 167 172 129 82 120 44 25 78 145 168 31 85 188 56 13 171 88 16 157 17 196 169 174 187 81 91 179 55 52 106 178 3 32 138 14 155 144 102 49 21 7 164 58 71 27 107 90 39 165 8 185 40 119 87 125 74 152 97 1 101 150 100 26 94 130 12
NearestNeighbor (NNa),TSPA.csv,20,20,356428102,39128,2604,159,199 18 69 108 67 163 36 140 93 117 170 0 46 198 139 191 110 193 41 96 5 42 43 77 105 116 65 47 131 149 24 123 194 6 154 180 158 53 136 182 121 99 189 19 97 1 101 150 100 26 152 74 125 87 2 82 120 44 25 78 145 168 31 85 188 56 13 171 88 16 157 17 196 169 174 187 81 91 179 55 52 106 178 3 32 138 14 155 144 102 49 62 9 61 15 64 114 186 23 76 89 183 137 66 141 51 109 118 59 72 162 161 133 130 12 124 111 167 33 37 185 40 119 8 165 39 95 58 164 71 27 107 90 70 29 156 126 112 4 84 11 166 28 184 147 104 177 10 190 54 30 48 160 192 181 146 103 22 159
NearestNeighbor (NNa),TSPA.csv,21,21,356428103,36747,3128,164,21 7 164 58 71 27 107 90 174 187 81 196 169 40 119 185 8 165 39 138 32 3 178 106 52 55 57 92 82 120 44 25 78 145 168 31 85 188 56 13 171 88 16 157 91 179 172 167 111 148 37 33 9 62 61 102 49 155 144 132 73 64 114 186 23 76 89 183 153 0 170 117 93 140 36 67 163 69 108 110 191 139 198 46 115 116 105 47 65 77 43 42 5 96 41 193 159 195 146 103 181 192 160 48 54 30 147 104 177 10 190 4 84 11 166 28 184 131 149 24 123 194 6 154 180 158 53 136 182 121 99 189 19 97 1 101 150 100 26 152 74 125 87 124 94 130 12 176 66 141 51 109 118 59 72 162 161 29 156 126 112 60 137 15
NearestNeighbor (NNa),TSPA.csv,22,22,356428104,41298,4326,160,146 103 195 159 193 41 191 139 198 46 68 140 36 67 163 69 108 117 170 0 76 89 183 23 137 66 141 51 109 118 59 72 162 161 194 6 154 180 158 53 136 182 121 99 189 19 97 1 101 150 100 26 152 74 125 87 2 82 120 44 25 78 145 168 31 85 188 56 13 171 88 16 157 17 196 169 174 187 81 91 179 55 52 106 178 3 32 138 14 155 144 102 49 62 9 61 15 64 114 73 132 21 7 164 58 71 27 107 90 39 165 8 185 40 119 128 167 111 148 37 33 12 130 124 94 63 133 24 149 131 47 65 116 105 77 43 42 5 96 166 28 184 11 84 4 112 126 156 29 190 10 177 104 147 54 30 48 160 192 181
NearestNeighbor (NNa),TSPA.csv,23,23,356428105,38717,5618,164,23 186 114 64 15 61 62 9 33 37 148 111 167 172 129 82 120 44 25 78 145 168 31 85 188 56 13 171 88 16 157 17 196 169 174 187 81 91 179 55 52 106 178 3 32 138 14 155 144 102 49 21 7 164 58 71 27 107 90 39 165 8 185 40 119 87 125 74 152 97 1 101 150 100 26 121 99 189 19 94 124 130 12 63 182 136 53 158 180 173 6 194 161 162 133 80 176 66 141 51 109 118 59 72 60 46 198 139 191 110 193 41 96 5 42 43 77 105 116 65 47 131 149 24 29 156 126 112 4 84 11 166 28 184 147 104 177 10 190 54 30 48 160 192 181 146 103 22 159 199 18 69 108 67 163 36 140 93 117 170 0 183 89 76
NearestNeighbor (NNa),TSPA.csv,24,24,356428106,38663,2453,160,24 123 194 6 154 180 158 53 136 182 121 99 189 19 97 1 101 150 100 26 152 74 125 87 2 82 120 44 25 78 145 168 31 85 188 56 13 171 88 16 157 17 196 169 174 187 81 91 179 55 52 106 178 3 32 138 14 155 144 102 49 62 9 61 15 64 114 186 23 76 89 183 153 0 170 117 93 140 36 67 163 69 108 110 191 139 198 46 115 116 105 47 65 77 43 42 5 96 41 193 159 195 146 103 181 192 160 48 54 30 147 104 177 10 190 4 84 11 166 28 184 131 149 59 118 109 51 66 141 60 72 162 161 133 80 12 130 124 111 167 33 37 185 40 119 8 165 39 95 58 164 71 27 107 90 70 29 156 126 112
NearestNeighbor (NNa),TSPA.csv,25,25,356428107,36785,3525,162,25 44 120 82 92 57 55 52 106 178 3 32 138 14 155 144 102 49 62 9 61 15 64 114 186 23 76 89 183 153 0 170 117 93 140 36 67 163 69 108 110 191 139 198 46 115 116 105 47 65 77 43 42 5 96 41 193 159 195 146 103 181 192 160 48 54 30 147 104 177 10 190 4 84 11 166 28 184 131 149 24 123 194 6 154 180 158 53 136 182 121 99 189 19 97 1 101 150 100 26 152 74 125 87 167 111 148 37 33 12 130 124 94 80 176 66 141 51 109 118 59 72 162 161 29 156 126 112 60 137 73 132 21 7 164 58 71 27 107 90 174 187 81 196 169 40 119 185 8 165 91 179 145 168 31 85 188 56 13 171 88 16
NearestNeighbor (NNa),TSPA.csv,26,26,356428108,42576,-1566,166,26 100 97 1 101 150 121 99 189 19 152 74 125 87 2 82 120 44 25 78 145 168 31 85 188 56 13 171 88 16 157 17 196 169 174 187 81 91 179 55 52 106 178 3 32 138 14 155 144 102 49 62 9 61 15 64 114 186 23 76 89 183 153 0 170 117 93 140 36 67 163 69 108 110 191 139 198 46 115 116 105 47 65 77 43 42 5 96 41 193 159 195 146 103 181 192 160 48 54 30 147 104 177 10 190 4 84 11 166 28 184 131 149 24 123 194 6 154 180 158 53 136 182 63 80 176 66 141 51 109 118 59 72 162 161 133 94 124 130 12 111 167 33 37 185 40 119 8 165 39 95 58 164 7 21 132 73 137 60 126 156 29 70 90 107 27
NearestNeighbor (NNa),TSPA.csv,27,27,356428109,37026,2722,164,27 107 90 174 187 81 196 169 40 119 185 8 165 39 95 58 164 7 21 132 144 155 102 49 32 3 178 106 52 55 57 92 82 120 44 25 78 145 168 31 85 188 56 13 171 88 16 157 91 179 172 167 111 148 37 33 9 62 61 15 64 114 186 23 76 89 183 153 0 170 117 93 140 36 67 163 69 108 110 191 139 198 46 115 116 105 47 65 77 43 42 5 96 41 193 159 195 146 103 181 192 160 48 54 30 147 104 177 10 190 4 84 11 166 28 184 131 149 24 123 194 6 154 180 158 53 136 182 121 99 189 19 97 1 101 150 100 26 152 74 125 87 124 94 130 12 176 66 141 51 109 118 59 72 162 161 29 156 126 112 60 137 14 138
NearestNeighbor (NNa),TSPA.csv,28,28,356428110,39453,2172,161,28 166 11 84 4 112 126 156 29 24 149 131 47 65 116 105 77 43 42 5 96 41 193 159 195 146 103 22 20 18 69 108 67 163 36 140 93 117 170 0 46 198 139 191 110 115 59 118 109 51 66 141 60 72 162 161 194 6 154 180 158 53 136 182 121 99 189 19 97 1 101 150 100 26 152 74 125 87 2 82 120 44 25 78 145 168 31 85 188 56 13 171 88 16 157 17 196 169 174 187 81 91 179 55 52 106 178 3 32 138 14 155 144 102 49 62 9 61 15 64 114 186 23 76 89 183 137 176 80 94 124 130 12 111 167 33 37 185 40 119 8 165 39 95 58 164 71 27 107 90 184 147 104 177 10 190 54 30 48 160 192
NearestNeighbor (NNa),TSPA.csv,29,29,356428111,40231,3774,162,29 156 126 112 4 84 11 166 28 184 147 104 177 10 190 54 30 48 160 192 181 146 103 22 159 193 41 191 139 198 46 68 140 36 67 163 69 108 117 170 0 76 89 183 23 137 66 141 51 109 118 59 72 162 161 194 6 154 180 158 53 136 182 121 99 189 19 97 1 101 150 100 26 152 74 125 87 2 82 120 44 25 78 145 168 31 85 188 56 13 171 88 16 157 17 196 169 174 187 81 91 179 55 52 106 178 3 32 138 14 155 144 102 49 62 9 61 15 64 114 73 132 21 7 164 58 71 27 107 90 39 165 8 185 40 119 128 167 111 148 37 33 12 130 124 94 63 133 24 149 131 47 65 116 105 77 43 42 5 96 115 197
NearestNeighbor (NNa),TSPA.csv,30,30,356428112,39915,3284,162,30 54 147 104 177 10 190 4 84 11 166 28 184 48 160 192 181 146 103 22 159 193 41 191 139 198 46 68 140 36 67 163 69 108 117 170 0 76 89 183 23 137 66 141 51 109 118 59 72 162 161 194 6 154 180 158 53 136 182 121 99 189 19 97 1 101 150 100 26 152 74 125 87 2 82 120 44 25 78 145 168 31 85 188 56 13 171 88 16 157 17 196 169 174 187 81 91 179 55 52 106 178 3 32 138 14 155 144 102 49 62 9 61 15 64 114 73 132 21 7 164 58 71 27 107 90 39 165 8 185 40 119 128 167 111 148 37 33 12 130 124 94 63 133 24 149 131 47 65 116 105 77 43 42 5 96 115 197 29 156 126 112
NearestNeighbor (NNa),TSPA.csv,31,31,356428113,36261,3668,163,31 85 188 56 13 171 88 16 25 44 120 82 92 57 55 52 106 178 3 32 138 14 155 144 102 49 62 9 61 15 64 114 186 23 76 89 183 153 0 170 117 93 140 36 67 163 69 108 110 191 139 198 46 115 116 105 47 65 77 43 42 5 96 41 193 159 195 146 103 181 192 160 48 54 30 147 104 177 10 190 4 84 11 166 28 184 131 149 24 123 194 6 154 180 158 53 136 182 121 99 189 19 97 1 101 150 100 26 152 74 125 87 167 111 148 37 33 12 130 124 94 80 176 66 141 51 109 118 59 72 162 161 29 156 126 112 60 137 73 132 21 7 164 58 71 27 107 90 174 187 81 196 169 40 119 185 8 165 91 179 145 168 157
NearestNeighbor (NNa),TSPA.csv,32,32,356428114,38281,1775,163,32 3 178 106 52 55 57 92 82 120 44 25 78 145 168 31 85 188 56 13 171 88 16 157 17 196 169 174 187 81 91 179 185 40 119 8 165 39 95 58 164 7 21 132 144 155 102 49 62 9 61 15 64 114 186 23 76 89 183 153 0 170 117 93 140 36 67 163 69 108 110 191 139 198 46 115 116 105 47 65 77 43 42 5 96 41 193 159 195 146 103 181 192 160 48 54 30 147 104 177 10 190 4 84 11 166 28 184 131 149 24 123 194 6 154 180 158 53 136 182 121 99 189 19 97 1 101 150 100 26 152 74 125 87 167 111 148 37 33 12 130 124 94 80 176 66 141 51 109 118 59 72 162 161 29 156 126 112 60 137 107 27 90
NearestNeighbor (NNa),TSPA.csv,33,33,356428115,37266,2922,165,33 37 148 111 167 172 129 82 120 44 25 78 145 168 31 85 188 56 13 171 88 16 157 17 196 169 174 187 81 91 179 55 52 106 178 3 32 138 14 155 144 102 49 62 9 61 15 64 114 186 23 76 89 183 153 0 170 117 93 140 36 67 163 69 108 110 191 139 198 46 115 116 105 47 65 77 43 42 5 96 41 193 159 195 146 103 181 192 160 48 54 30 147 104 177 10 190 4 84 11 166 28 184 131 149 24 123 194 6 154 180 158 53 136 182 121 99 189 19 97 1 101 150 100 26 152 74 125 87 124 94 130 12 176 66 141 51 109 118 59 72 162 161 29 156 126 112 60 137 73 132 21 7 164 58 71 27 107 90 39 165 8 185 40 119
NearestNeighbor (NNa),TSPA.csv,34,34,356428116,41195,4305,160,160 192 181 146 103 22 159 193 41 191 139 198 46 68 140 36 67 163 69 108 117 170 0 76 89 183 23 137 66 141 51 109 118 59 72 162 161 194 6 154 180 158 53 136 182 121 99 189 19 97 1 101 150 100 26 152 74 125 87 2 82 120 44 25 78 145 168 31 85 188 56 13 171 88 16 157 17 196 169 174 187 81 91 179 55 52 106 178 3 32 138 14 155 144 102 49 62 9 61 15 64 114 73 132 21 7 164 58 71 27 107 90 39 165 8 185 40 119 128 167 111 148 37 33 12 130 124 94 63 133 24 149 131 47 65 116 105 77 43 42 5 96 166 28 184 11 84 4 112 126 156 29 190 10 177 104 147 54 30 48
NearestNeighbor (NNa),TSPA.csv,35,35,356428117,39454,2159,162,11 166 28 184 84 4 112 126 156 29 24 149 131 47 65 116 105 77 43 42 5 96 41 193 159 195 146 103 22 20 18 69 108 67 163 36 140 93 117 170 0 46 198 139 191 110 115 59 118 109 51 66 141 60 72 162 161 194 6 154 180 158 53 136 182 121 99 189 19 97 1 101 150 100 26 152 74 125 87 2 82 120 44 25 78 145 168 31 85 188 56 13 171 88 16 157 17 196 169 174 187 81 91 179 55 52 106 178 3 32 138 14 155 144 102 49 62 9 61 15 64 114 186 23 76 89 183 137 176 80 94 124 130 12 111 167 33 37 185 40 119 8 165 39 95 58 164 71 27 107 90 70 190 10 177 104 147 54 30 48 160 192
NearestNeighbor (NNa),TSPA.csv,36,36,356428118,38913,2604,159,36 140 93 117 170 0 46 198 139 191 110 193 41 96 5 42 43 77 105 116 65 47 131 149 24 123 194 6 154 180 158 53 136 182 121 99 189 19 97 1 101 150 100 26 152 74 125 87 2 82 120 44 25 78 145 168 31 85 188 56 13 171 88 16 157 17 196 169 174 187 81 91 179 55 52 106 178 3 32 138 14 155 144 102 49 62 9 61 15 64 114 186 23 76 89 183 137 66 141 51 109 118 59 72 162 161 133 130 12 124 111 167 33 37 185 40 119 8 165 39 95 58 164 71 27 107 90 70 29 156 126 112 4 84 11 166 28 184 147 104 177 10 190 54 30 48 160 192 181 146 103 22 159 199 18 69 108 67 163
NearestNeighbor (NNa),TSPA.csv,37,37,356428119,37274,2913,165,37 33 148 111 167 172 129 82 120 44 25 78 145 168 31 85 188 56 13 171 88 16 157 17 196 169 174 187 81 91 179 55 52 106 178 3 32 138 14 155 144 102 49 62 9 61 15 64 114 186 23 76 89 183 153 0 170 117 93 140 36 67 163 69 108 110 191 139 198 46 115 116 105 47 65 77 43 42 5 96 41 193 159 195 146 103 181 192 160 48 54 30 147 104 177 10 190 4 84 11 166 28 184 131 149 24 123 194 6 154 180 158 53 136 182 121 99 189 19 97 1 101 150 100 26 152 74 125 87 124 94 130 12 176 66 141 51 109 118 59 72 162 161 29 156 126 112 60 137 73 132 21 7 164 58 71 27 107 90 39 165 8 185 40 119
NearestNeighbor (NNa),TSPA.csv,38,38,356428120,36267,3668,163,31 85 188 56 13 171 88 16 25 44 120 82 92 57 55 52 106 178 3 32 138 14 155 144 102 49 62 9 61 15 64 114 186 23 76 89 183 153 0 170 117 93 140 36 67 163 69 108 110 191 139 198 46 115 116 105 47 65 77 43 42 5 96 41 193 159 195 146 103 181 192 160 48 54 30 147 104 177 10 190 4 84 11 166 28 184 131 149 24 123 194 6 154 180 158 53 136 182 121 99 189 19 97 1 101 150 100 26 152 74 125 87 167 111 148 37 33 12 130 124 94 80 176 66 141 51 109 118 59 72 162 161 29 156 126 112 60 137 73 132 21 7 164 58 71 27 107 90 174 187 81 196 169 40 119 185 8 165 91 179 145 168 157
NearestNeighbor (NNa),TSPA.csv,39,39,356428121,37476,2628,164,165 8 185 40 119 174 187 81 196 169 91 179 145 168 78 25 44 120 82 92 57 55 52 106 178 3 32 138 14 155 144 102 49 62 9 61 15 64 114 186 23 76 89 183 153 0 170 117 93 140 36 67 163 69 108 110 191 139 198 46 115 116 105 47 65 77 43 42 5 96 41 193 159 195 146 103 181 192 160 48 54 30 147 104 177 10 190 4 84 11 166 28 184 131 149 24 123 194 6 154 180 158 53 136 182 121 99 189 19 97 1 101 150 100 26 152 74 125 87 167 111 148 37 33 12 130 124 94 80 176 66 141 51 109 118 59 72 162 161 29 156 126 112 60 137 73 132 21 7 164 58 71 27 107 90 157 31 85 188 56 13 171 88 16
NearestNeighbor (NNa),TSPA.csv,40,40,356428122,37481,2607,165,40 119 185 8 165 39 95 58 164 7 21 132 144 155 102 49 32 3 178 106 52 55 57 92 82 120 44 25 78 145 168 31 85 188 56 13 171 88 16 157 17 196 169 174 187 81 91 179 172 167 111 148 37 33 9 62 61 15 64 114 186 23 76 89 183 153 0 170 117 93 140 36 67 163 69 108 110 191 139 198 46 115 116 105 47 65 77 43 42 5 96 41 193 159 195 146 103 181 192 160 48 54 30 147 104 177 10 190 4 84 11 166 28 184 131 149 24 123 194 6 154 180 158 53 136 182 121 99 189 19 97 1 101 150 100 26 152 74 125 87 124 94 130 12 176 66 141 51 109 118 59 72 162 161 29 156 126 112 60 137 14 138 107 27 90
NearestNeighbor (NNa),TSPA.csv,41,41,356428123,39934,1341,160,41 193 159 195 146 103 22 20 18 69 108 67 163 36 140 93 117 170 0 46 198 139 191 110 115 116 105 47 65 77 43 42 5 96 192 160 48 54 30 147 104 177 10 190 4 84 11 166 28 184 131 149 24 123 194 6 154 180 158 53 136 182 121 99 189 19 97 1 101 150 100 26 152 74 125 87 2 82 120 44 25 78 145 168 31 85 188 56 13 171 88 16 157 17 196 169 174 187 81 91 179 55 52 106 178 3 32 138 14 155 144 102 49 62 9 61 15 64 114 186 23 76 89 183 137 66 141 51 109 118 59 72 162 161 133 130 12 124 111 167 33 37 185 40 119 8 165 39 95 58 164 71 27 107 90 70 29 156 126 112
NearestNeighbor (NNa),TSPA.csv,42,42,356428124,39124,2304,161,42 5 96 41 193 159 195 146 103 22 20 18 69 108 67 163 36 140 93 117 170 0 46 198 139 191 110 115 116 105 47 65 77 166 28 184 11 84 4 112 126 156 29 24 149 131 59 118 109 51 66 141 60 72 162 161 194 6 154 180 158 53 136 182 121 99 189 19 97 1 101 150 100 26 152 74 125 87 2 82 120 44 25 78 145 168 31 85 188 56 13 171 88 16 157 17 196 169 174 187 81 91 179 55 52 106 178 3 32 138 14 155 144 102 49 62 9 61 15 64 114 186 23 76 89 183 137 176 80 94 124 130 12 111 167 33 37 185 40 119 8 165 39 95 58 164 71 27 107 90 70 190 10 177 104 147 54 30 48 160 192
NearestNeighbor (NNa),TSPA.csv,43,43,356428125,37526,2889,160,43 77 105 116 65 47 131 149 24 123 194 6 154 180 158 53 136 182 121 99 189 19 97 1 101 150 100 26 152 74 125 87 2 82 120 44 25 78 145 168 31 85 188 56 13 171 88 16 157 17 196 169 174 187 81 91 179 55 52 106 178 3 32 138 14 155 144 102 49 62 9 61 15 64 114 186 23 76 89 183 153 0 170 117 93 140 36 67 163 69 108 110 191 139 198 46 115 59 118 109 51 66 141 60 72 162 161 133 80 12 130 124 111 167 33 37 185 40 119 8 165 39 95 58 164 71 27 107 90 70 29 156 126 112 4 84 11 166 28 184 147 104 177 10 190 54 30 48 160 192 181 146 103 22 159 193 41 96 5 42
NearestNeighbor (NNa),TSPA.csv,44,44,356428126,36925,3518,161,44 120 82 92 57 55 52 106 178 3 32 138 14 155 144 102 49 62 9 61 15 64 114 186 23 76 89 183 153 0 170 117 93 140 36 67 163 69 108 110 191 139 198 46 115 116 105 47 65 77 43 42 5 96 41 193 159 195 146 103 181 192 160 48 54 30 147 104 177 10 190 4 84 11 166 28 184 131 149 24 123 194 6 154 180 158 53 136 182 121 99 189 19 97 1 101 150 100 26 152 74 125 87 167 111 148 37 33 12 130 124 94 80 176 66 141 51 109 118 59 72 162 161 29 156 126 112 60 137 73 132 21 7 164 58 71 27 107 90 174 187 81 196 169 40 119 185 8 165 91 179 145 168 31 85 188 56 13 171 88 16
NearestNeighbor (NNa),TSPA.csv,45,45,356428127,42369,2694,157,162 161 194 6 154 180 158 53 136 182 121 99 189 19 97 1 101 150 100 26 152 74 125 87 2 82 120 44 25 78 145 168 31 85 188 56 13 171 88 16 157 17 196 169 174 187 81 91 179 55 52 106 178 3 32 138 14 155 144 102 49 62 9 61 15 64 114 186 23 76 89 183 153 0 170 117 93 140 36 67 163 69 108 110 191 139 198 46 115 116 105 47 65 77 43 42 5 96 41 193 159 195 146 103 181 192 160 48 54 30 147 104 177 10 190 4 84 11 166 28 184 131 149 24 29 156 126 112 72 59 118 109 51 66 176 80 94 124 130 12 111 167 33 37 185 40 119 8 165 39 95 58 164 7 90 107 27
NearestNeighbor (NNa),TSPA.csv,46,46,356428128,37970,2213,159,139 191 110 193 41 96 5 42 43 77 105 116 65 47 131 149 24 123 194 6 154 180 158 53 136 182 121 99 189 19 97 1 101 150 100 26 152 74 125 87 2 82 120 44 25 78 145 168 31 85 188 56 13 171 88 16 157 17 196 169 174 187 81 91 179 55 52 106 178 3 32 138 14 155 144 102 49 62 9 61 15 64 114 186 23 76 89 183 153 0 170 117 93 140 36 67 163 69 108 68 115 59 118 109 51 66 141 60 72 162 161 133 80 12 130 124 111 167 33 37 185 40 119 8 165 39 95 58 164 71 27 107 90 70 29 156 126 112 4 84 11 166 28 184 147 104 177 10 190 54 30 48 160 192 181 146 103 22 159
NearestNeighbor (NNa),TSPA.csv,47,47,356428129,40426,631,164,47 65 116 105 77 43 42 5 96 41 193 159 195 146 103 22 20 18 69 108 67 163 36 140 93 117 170 0 46 198 139 191 110 115 59 118 109 51 66 141 60 72 162 161 194 6 154 180 158 53 136 182 121 99 189 19 97 1 101 150 100 26 152 74 125 87 2 82 120 44 25 78 145 168 31 85 188 56 13 171 88 16 157 17 196 169 174 187 81 91 179 55 52 106 178 3 32 138 14 155 144 102 49 62 9 61 15 64 114 186 23 76 89 183 137 176 80 133 24 149 131 166 28 184 11 84 4 112 126 156 29 127 70 94 124 130 12 111 167 33 37 185 40 119 8 165 39 95 58 164 71 27 107 90 192 160 48 54 30 147 104 177 10 190
NearestNeighbor (NNa),TSPA.csv,48,48,356428130,39890,3290,162,48 54 30 147 104 177 10 190 4 84 11 166 28 184 160 192 181 146 103 22 159 193 41 191 139 198 46 68 140 36 67 163 69 108 117 170 0 76 89 183 23 137 66 141 51 109 118 59 72 162 161 194 6 154 180 158 53 136 182 121 99 189 19 97 1 101 150 100 26 152 74 125 87 2 82 120 44 25 78 145 168 31 85 188 56 13 171 88 16 157 17 196 169 174 187 81 91 179 55 52 106 178 3 32 138 14 155 144 102 49 62 9 61 15 64 114 73 132 21 7 164 58 71 27 107 90 39 165 8 185 40 119 128 167 111 148 37 33 12 130 124 94 63 133 24 149 131 47 65 116 105 77 43 42 5 96 115 197 29 156 126 112
NearestNeighbor (NNa),TSPA.csv,49,49,356428131,39104,145,165,49 102 155 144 14 138 32 3 178 106 52 55 57 92 82 120 44 25 78 145 168 31 85 188 56 13 171 88 16 157 17 196 169 174 187 81 91 179 185 40 119 8 165 39 95 58 164 7 21 132 73 64 114 186 23 76 89 183 153 0 170 117 93 140 36 67 163 69 108 110 191 139 198 46 115 116 105 47 65 77 43 42 5 96 41 193 159 195 146 103 181 192 160 48 54 30 147 104 177 10 190 4 84 11 166 28 184 131 149 24 123 194 6 154 180 158 53 136 182 121 99 189 19 97 1 101 150 100 26 152 74 125 87 167 111 148 37 33 9 62 61 15 137 66 141 51 109 118 59 72 162 161 133 130 12 124 94 70 29 156 126 112 107 27 90
NearestNeighbor (NNa),TSPA.csv,50,50,356428132,38831,3127,166,56 13 85 188 31 157 17 196 169 174 187 81 168 145 78 25 44 120 82 92 57 55 52 106 178 3 32 138 14 155 144 102 49 62 9 61 15 64 114 186 23 76 89 183 153 0 170 117 93 140 36 67 163 69 108 110 191 139 198 46 115 116 105 47 65 77 43 42 5 96 41 193 159 195 146 103 181 192 160 48 54 30 147 104 177 10 190 4 84 11 166 28 184 131 149 24 123 194 6 154 180 158 53 136 182 121 99 189 19 97 1 101 150 100 26 152 74 125 87 167 111 148 37 33 12 130 124 94 80 176 66 141 51 109 118 59 72 162 161 29 156 126 112 60 137 73 132 21 7 164 58 71 27 107 90 39 165 8 185 40 119 91 179 171 88 16
NearestNeighbor (NNa),TSPA.csv,51,51,356428133,39894,2806,155,51 109 118 59 72 162 161 194 6 154 180 158 53 136 182 121 99 189 19 97 1 101 150 100 26 152 74 125 87 2 82 120 44 25 78 145 168 31 85 188 56 13 171 88 16 157 17 196 169 174 187 81 91 179 55 52 106 178 3 32 138 14 155 144 102 49 62 9 61 15 64 114 186 23 76 89 183 153 0 170 117 93 140 36 67 163 69 108 110 191 139 198 46 115 116 105 47 65 77 43 42 5 96 41 193 159 195 146 103 181 192 160 48 54 30 147 104 177 10 190 4 84 11 166 28 184 131 149 24 29 156 126 112 133 80 12 130 124 111 167 33 37 185 40 119 8 165 39 95 58 164 71 27 107 90
NearestNeighbor (NNa),TSPA.csv,52,52,356428134,38364,1542,164,52 55 57 92 82 120 44 25 78 145 168 31 85 188 56 13 171 88 16 157 17 196 169 174 187 81 91 179 185 40 119 8 165 39 95 58 164 7 21 132 144 155 102 49 32 3 178 138 14 62 9 61 15 64 114 186 23 76 89 183 153 0 170 117 93 140 36 67 163 69 108 110 191 139 198 46 115 116 105 47 65 77 43 42 5 96 41 193 159 195 146 103 181 192 160 48 54 30 147 104 177 10 190 4 84 11 166 28 184 131 149 24 123 194 6 154 180 158 53 136 182 121 99 189 19 97 1 101 150 100 26 152 74 125 87 167 111 148 37 33 12 130 124 94 80 176 66 141 51 109 118 59 72 162 161 29 156 126 112 60 137 107 27 90
NearestNeighbor (NNa),TSPA.csv,53,53,356428135,41923,2664,159,53 158 180 173 6 194 161 162 133 63 182 136 121 99 189 19 97 1 101 150 100 26 152 74 125 87 2 82 120 44 25 78 145 168 31 85 188 56 13 171 88 16 157 17 196 169 174 187 81 91 179 55 52 106 178 3 32 138 14 155 144 102 49 62 9 61 15 64 114 186 23 76 89 183 153 0 170 117 93 140 36 67 163 69 108 110 191 139 198 46 115 116 105 47 65 77 43 42 5 96 41 193 159 195 146 103 181 192 160 48 54 30 147 104 177 10 190 4 84 11 166 28 184 131 149 24 29 156 126 112 59 118 109 51 66 141 60 72 176 130 12 124 111 167 33 37 185 40 119 8 165 39 95 58 164 7 90 107 27
NearestNeighbor (NNa),TSPA.csv,54,54,356428136,39989,3281,162,54 30 147 104 177 10 190 4 84 11 166 28 184 48 160 192 181 146 103 22 159 193 41 191 139 198 46 68 140 36 67 163 69 108 117 170 0 76 89 183 23 137 66 141 51 109 118 59 72 162 161 194 6 154 180 158 53 136 182 121 99 189 19 97 1 101 150 100 26 152 74 125 87 2 82 120 44 25 78 145 168 31 85 188 56 13 171 88 16 157 17 196 169 174 187 81 91 179 55 52 106 178 3 32 138 14 155 144 102 49 62 9 61 15 64 114 73 132 21 7 164 58 71 27 107 90 39 165 8 185 40 119 128 167 111 148 37 33 12 130 124 94 63 133 24 149 131 47 65 116 105 77 43 42 5 96 115 197 29 156 126 112
NearestNeighbor (NNa),TSPA.csv,55,55,356428137,36853,3392,165,106 178 3 32 138 14 155 144 102 49 62 9 61 15 64 114 186 23 76 89 183 153 0 170 117 93 140 36 67 163 69 108 110 191 139 198 46 115 116 105 47 65 77 43 42 5 96 41 193 159 195 146 103 181 192 160 48 54 30 147 104 177 10 190 4 84 11 166 28 184 131 149 24 123 194 6 154 180 158 53 136 182 121 99 189 19 97 1 101 150 100 26 152 74 125 87 2 82 120 44 25 78 145 168 31 85 188 56 13 171 88 16 157 17 196 169 174 187 81 91 179 92 172 167 111 148 37 33 12 130 124 94 80 176 66 141 51 109 118 59 72 162 161 29 156 126 112 60 137 73 132 21 7 164 58 71 27 107 90 39 165 8 185 40 119
NearestNeighbor (NNa),TSPA.csv,56,56,356428138,38807,3276,166,56 13 85 188 31 157 17 196 169 174 187 81 168 145 78 25 44 120 82 92 57 55 52 106 178 3 32 138 14 155 144 102 49 62 9 61 15 64 114 186 23 76 89 183 153 0 170 117 93 140 36 67 163 69 108 110 191 139 198 46 115 116 105 47 65 77 43 42 5 96 41 193 159 195 146 103 181 192 160 48 54 30 147 104 177 10 190 4 84 11 166 28 184 131 149 24 123 194 6 154 180 158 53 136 182 121 99 189 19 97 1 101 150 100 26 152 74 125 87 167 111 148 37 33 12 130 124 94 80 176 66 141 51 109 118 59 72 162 161 29 156 126 112 60 137 73 132 21 7 164 58 71 27 107 90 39 165 8 185 40 119 91 179 16 88 171
NearestNeighbor (NNa),TSPA.csv,57,57,356428139,37108,3229,165,92 82 120 44 25 78 145 168 31 85 188 56 13 171 88 16 157 17 196 169 174 187 81 91 179 55 52 106 178 3 32 138 14 155 144 102 49 62 9 61 15 64 114 186 23 76 89 183 153 0 170 117 93 140 36 67 163 69 108 110 191 139 198 46 115 116 105 47 65 77 43 42 5 96 41 193 159 195 146 103 181 192 160 48 54 30 147 104 177 10 190 4 84 11 166 28 184 131 149 24 123 194 6 154 180 158 53 136 182 121 99 189 19 97 1 101 150 100 26 152 74 125 87 167 111 148 37 33 12 130 124 94 80 176 66 141 51 109 118 59 72 162 161 29 156 126 112 60 137 73 132 21 7 164 58 71 27 107 90 39 165 8 185 40 119
NearestNeighbor (NNa),TSPA.csv,58,58,356428140,37775,1640,166,58 164 7 95 39 165 8 185 40 119 174 187 81 196 169 91 179 145 168 78 25 44 120 82 92 57 55 52 106 178 3 32 138 14 155 144 102 49 62 9 61 15 64 114 186 23 76 89 183 153 0 170 117 93 140 36 67 163 69 108 110 191 139 198 46 115 116 105 47 65 77 43 42 5 96 41 193 159 195 146 103 181 192 160 48 54 30 147 104 177 10 190 4 84 11 166 28 184 131 149 24 123 194 6 154 180 158 53 136 182 121 99 189 19 97 1 101 150 100 26 152 74 125 87 167 111 148 37 33 12 130 124 94 80 176 66 141 51 109 118 59 72 162 161 29 156 126 112 60 137 73 132 21 71 27 107 90 157 31 85 188 56 13 171 88 16
NearestNeighbor (NNa),TSPA.csv,59,59,356428141,37989,1810,161,59 118 109 51 66 141 60 46 198 139 191 110 193 41 96 5 42 43 77 105 116 65 47 131 149 24 123 194 6 154 180 158 53 136 182 121 99 189 19 97 1 101 150 100 26 152 74 125 87 2 82 120 44 25 78 145 168 31 85 188 56 13 171 88 16 157 17 196 169 174 187 81 91 179 55 52 106 178 3 32 138 14 155 144 102 49 62 9 61 15 64 114 186 23 76 89 183 153 0 170 117 93 140 36 67 163 69 108 68 115 72 162 161 133 80 12 130 124 111 167 33 37 185 40 119 8 165 39 95 58 164 71 27 107 90 70 29 156 126 112 4 84 11 166 28 184 147 104 177 10 190 54 30 48 160 192 181 146 103 22 159
NearestNeighbor (NNa),TSPA.csv,60,60,356428142,39381,3382,162,60 118 59 72 109 51 66 176 80 63 182 136 53 158 180 173 6 194 161 24 149 131 47 65 116 105 77 43 42 5 96 41 193 159 195 146 103 22 20 18 69 108 67 163 36 140 93 117 170 0 46 198 139 191 110 115 166 28 184 11 84 4 112 126 156 29 190 10 177 104 147 54 30 48 160 192 183 89 76 23 186 114 64 15 61 62 9 33 37 148 111 167 172 129 82 120 44 25 78 145 168 31 85 188 56 13 171 88 16 157 17 196 169 174 187 81 91 179 55 52 106 178 3 32 138 14 155 144 102 49 21 7 164 58 71 27 107 90 39 165 8 185 40 119 87 125 74 152 97 1 101 150 100 26 121 99 189 19 94 124 130 12
NearestNeighbor (NNa),TSPA.csv,61,61,356428143,37579,2473,165,61 62 9 33 37 148 111 167 172 129 82 120 44 25 78 145 168 31 85 188 56 13 171 88 16 157 17 196 169 174 187 81 91 179 55 52 106 178 3 32 138 14 155 144 102 49 132 73 64 114 186 23 76 89 183 153 0 170 117 93 140 36 67 163 69 108 110 191 139 198 46 115 116 105 47 65 77 43 42 5 96 41 193 159 195 146 103 181 192 160 48 54 30 147 104 177 10 190 4 84 11 166 28 184 131 149 24 123 194 6 154 180 158 53 136 182 121 99 189 19 97 1 101 150 100 26 152 74 125 87 124 94 130 12 176 66 141 51 109 118 59 72 162 161 29 156 126 112 60 137 15 21 7 164 58 71 27 107 90 39 165 8 185 40 119
NearestNeighbor (NNa),TSPA.csv,62,62,356428144,38835,1147,165,62 9 61 102 49 32 3 178 106 52 55 57 92 82 120 44 25 78 145 168 31 85 188 56 13 171 88 16 157 17 196 169 174 187 81 91 179 185 40 119 8 165 39 95 58 164 7 21 132 144 155 14 138 128 167 111 148 37 33 15 64 114 186 23 76 89 183 153 0 170 117 93 140 36 67 163 69 108 110 191 139 198 46 115 116 105 47 65 77 43 42 5 96 41 193 159 195 146 103 181 192 160 48 54 30 147 104 177 10 190 4 84 11 166 28 184 131 149 24 123 194 6 154 180 158 53 136 182 121 99 189 19 97 1 101 150 100 26 152 74 125 87 124 94 130 12 176 66 141 51 109 118 59 72 162 161 29 156 126 112 60 137 107 27 90
NearestNeighbor (NNa),TSPA.csv,63,63,356428145,41528,2981,158,176 66 141 51 109 118 59 72 162 161 194 6 154 180 158 53 136 182 121 99 189 19 97 1 101 150 100 26 152 74 125 87 2 82 120 44 25 78 145 168 31 85 188 56 13 171 88 16 157 17 196 169 174 187 81 91 179 55 52 106 178 3 32 138 14 155 144 102 49 62 9 61 15 64 114 186 23 76 89 183 153 0 170 117 93 140 36 67 163 69 108 110 191 139 198 46 115 116 105 47 65 77 43 42 5 96 41 193 159 195 146 103 181 192 160 48 54 30 147 104 177 10 190 4 84 11 166 28 184 131 149 24 29 156 126 112 133 94 124 130 12 111 167 33 37 185 40 119 8 165 39 95 58 164 7 90 107 27
NearestNeighbor (NNa),TSPA.csv,64,64,356428146,37334,2930,163,64 114 186 23 76 89 183 153 0 170 117 93 140 36 67 163 69 108 110 191 139 198 46 115 116 105 47 65 77 43 42 5 96 41 193 159 195 146 103 181 192 160 48 54 30 147 104 177 10 190 4 84 11 166 28 184 131 149 24 123 194 6 154 180 158 53 136 182 121 99 189 19 97 1 101 150 100 26 152 74 125 87 2 82 120 44 25 78 145 168 31 85 188 56 13 171 88 16 157 17 196 169 174 187 81 91 179 55 52 106 178 3 32 138 14 155 144 102 49 62 9 61 37 33 148 111 167 124 94 130 12 176 66 141 51 109 118 59 72 162 161 29 156 126 112 60 137 73 132 21 7 164 58 71 27 107 90 39 165 8 185 40 119
NearestNeighbor (NNa),TSPA.csv,65,65,356428147,40469,528,164,65 47 105 116 77 43 42 5 96 41 193 159 195 146 103 22 20 18 69 108 67 163 36 140 93 117 170 0 46 198 139 191 110 115 59 118 109 51 66 141 60 72 162 161 194 6 154 180 158 53 136 182 121 99 189 19 97 1 101 150 100 26 152 74 125 87 2 82 120 44 25 78 145 168 31 85 188 56 13 171 88 16 157 17 196 169 174 187 81 91 179 55 52 106 178 3 32 138 14 155 144 102 49 62 9 61 15 64 114 186 23 76 89 183 137 176 80 133 24 149 131 166 28 184 11 84 4 112 126 156 29 127 70 94 124 130 12 111 167 33 37 185 40 119 8 165 39 95 58 164 71 27 107 90 192 160 48 54 30 147 104 177 10 190
NearestNeighbor (NNa),TSPA.csv,66,66,356428148,39673,3068,157,66 141 51 109 118 59 72 162 161 194 6 154 180 158 53 136 182 121 99 189 19 97 1 101 150 100 26 152 74 125 87 2 82 120 44 25 78 145 168 31 85 188 56 13 171 88 16 157 17 196 169 174 187 81 91 179 55 52 106 178 3 32 138 14 155 144 102 49 62 9 61 15 64 114 186 23 76 89 183 153 0 170 117 93 140 36 67 163 69 108 110 191 139 198 46 115 116 105 47 65 77 43 42 5 96 41 193 159 195 146 103 181 192 160 48 54 30 147 104 177 10 190 4 84 11 166 28 184 131 149 24 29 156 126 112 133 80 12 130 124 111 167 33 37 185 40 119 8 165 39 95 58 164 71 27 107 90
NearestNeighbor (NNa),TSPA.csv,67,67,356428149,39197,2375,156,163 69 108 36 140 93 117 170 0 46 198 139 191 110 193 41 96 5 42 43 77 105 116 65 47 131 149 24 123 194 6 154 180 158 53 136 182 121 99 189 19 97 1 101 150 100 26 152 74 125 87 2 82 120 44 25 78 145 168 31 85 188 56 13 171 88 16 157 17 196 169 174 187 81 91 179 55 52 106 178 3 32 138 14 155 144 102 49 62 9 61 15 64 114 186 23 76 89 183 137 66 141 51 109 118 59 72 162 161 133 130 12 124 111 167 33 37 185 40 119 8 165 39 95 58 164 71 27 107 90 70 29 156 126 112 4 84 11 166 28 184 147 104 177 10 190 54 30 48 160 192 181 146 103 22 159
NearestNeighbor (NNa),TSPA.csv,68,68,356428150,41299,2314,159,46 198 139 191 110 193 41 96 5 42 43 77 105 116 65 47 131 149 24 123 194 6 154 180 158 53 136 182 121 99 189 19 97 1 101 150 100 26 152 74 125 87 2 82 120 44 25 78 145 168 31 85 188 56 13 171 88 16 157 17 196 169 174 187 81 91 179 55 52 106 178 3 32 138 14 155 144 102 49 62 9 61 15 64 114 186 23 76 89 183 153 0 170 117 93 140 36 67 163 69 18 159 195 146 103 181 192 160 48 54 30 147 104 177 10 190 4 84 11 166 28 184 112 126 156 29 161 162 133 80 176 66 141 51 109 118 59 72 94 124 130 12 111 167 33 37 185 40 119 8 165 39 95 58 164 7 107 27 90
NearestNeighbor (NNa),TSPA.csv,69,69,356428151,38889,2520,157,69 108 67 163 36 140 93 117 170 0 46 198 139 191 110 193 41 96 5 42 43 77 105 116 65 47 131 149 24 123 194 6 154 180 158 53 136 182 121 99 189 19 97 1 101 150 100 26 152 74 125 87 2 82 120 44 25 78 145 168 31 85 188 56 13 171 88 16 157 17 196 169 174 187 81 91 179 55 52 106 178 3 32 138 14 155 144 102 49 62 9 61 15 64 114 186 23 76 89 183 137 66 141 51 109 118 59 72 162 161 133 130 12 124 111 167 33 37 185 40 119 8 165 39 95 58 164 71 27 107 90 70 29 156 126 112 4 84 11 166 28 184 147 104 177 10 190 54 30 48 160 192 181 146 103 22 159
NearestNeighbor (NNa),TSPA.csv,70,70,356428152,39308,2091,158,70 6 154 180 158 53 136 182 121 99 189 19 97 1 101 150 100 26 152 74 125 87 2 82 120 44 25 78 145 168 31 85 188 56 13 171 88 16 157 17 196 169 174 187 81 91 179 55 52 106 178 3 32 138 14 155 144 102 49 62 9 61 15 64 114 186 23 76 89 183 153 0 170 117 93 140 36 67 163 69 108 110 191 139 198 46 115 116 105 47 65 77 43 42 5 96 41 193 159 195 146 103 181 192 160 48 54 30 147 104 177 10 190 4 84 11 166 28 184 131 149 24 161 162 133 80 176 66 141 51 109 118 59 72 12 130 124 111 167 33 37 185 40 119 8 165 39 95 58 164 71 27 107 90 29 156 126 112
NearestNeighbor (NNa),TSPA.csv,71,71,356428153,37738,1677,166,71 58 164 7 95 39 165 8 185 40 119 174 187 81 196 169 91 179 145 168 78 25 44 120 82 92 57 55 52 106 178 3 32 138 14 155 144 102 49 62 9 61 15 64 114 186 23 76 89 183 153 0 170 117 93 140 36 67 163 69 108 110 191 139 198 46 115 116 105 47 65 77 43 42 5 96 41 193 159 195 146 103 181 192 160 48 54 30 147 104 177 10 190 4 84 11 166 28 184 131 149 24 123 194 6 154 180 158 53 136 182 121 99 189 19 97 1 101 150 100 26 152 74 125 87 167 111 148 37 33 12 130 124 94 80 176 66 141 51 109 118 59 72 162 161 29 156 126 112 60 137 73 132 21 27 107 90 157 31 85 188 56 13 171 88 16
NearestNeighbor (NNa),TSPA.csv,72,72,356428154,38825,999,160,59 118 109 51 66 141 60 46 198 139 191 110 193 41 96 5 42 43 77 105 116 65 47 131 149 24 123 194 6 154 180 158 53 136 182 121 99 189 19 97 1 101 150 100 26 152 74 125 87 2 82 120 44 25 78 145 168 31 85 188 56 13 171 88 16 157 17 196 169 174 187 81 91 179 55 52 106 178 3 32 138 14 155 144 102 49 62 9 61 15 64 114 186 23 76 89 183 153 0 170 117 93 140 36 67 163 69 108 68 115 166 28 184 11 84 4 112 126 156 29 161 162 133 80 12 130 124 111 167 33 37 185 40 119 8 165 39 95 58 164 71 27 107 90 70 190 10 177 104 147 54 30 48 160 192 181 146 103 22 159
NearestNeighbor (NNa),TSPA.csv,73,73,356428155,38561,1350,163,144 155 102 49 32 3 178 106 52 55 57 92 82 120 44 25 78 145 168 31 85 188 56 13 171 88 16 157 17 196 169 174 187 81 91 179 185 40 119 8 165 39 95 58 164 7 21 138 62 9 61 15 64 114 186 23 76 89 183 153 0 170 117 93 140 36 67 163 69 108 110 191 139 198 46 115 116 105 47 65 77 43 42 5 96 41 193 159 195 146 103 181 192 160 48 54 30 147 104 177 10 190 4 84 11 166 28 184 131 149 24 123 194 6 154 180 158 53 136 182 121 99 189 19 97 1 101 150 100 26 152 74 125 87 167 111 148 37 33 12 130 124 94 80 176 66 141 51 109 118 59 72 162 161 29 156 126 112 60 137 107 27 90
NearestNeighbor (NNa),TSPA.csv,74,74,356428156,39518,2241,166,74 152 125 87 1 97 26 100 121 99 189 19 94 124 130 12 111 167 33 37 9 62 61 102 49 32 3 178 106 52 55 57 92 82 120 44 25 78 145 168 31 85 188 56 13 171 88 16 157 17 196 169 174 187 81 91 179 185 40 119 8 165 39 95 58 164 7 21 132 144 155 14 138 172 101 150 86 53 158 180 173 6 194 161 162 133 63 182 136 80 176 66 141 51 109 118 59 72 60 46 198 139 191 110 193 41 96 5 42 43 77 105 116 65 47 131 149 24 29 156 126 112 4 84 11 166 28 184 147 104 177 10 190 54 30 48 160 192 181 146 103 22 159 199 18 69 108 67 163 36 140 93 117 170 0 183 89 76 23 186 114 64 15 107 27 90
NearestNeighbor (NNa),TSPA.csv,75,75,356428157,43753,-1245,166,150 101 1 97 26 100 121 99 189 19 152 74 125 87 2 82 120 44 25 78 145 168 31 85 188 56 13 171 88 16 157 17 196 169 174 187 81 91 179 55 52 106 178 3 32 138 14 155 144 102 49 62 9 61 15 64 114 186 23 76 89 183 153 0 170 117 93 140 36 67 163 69 108 110 191 139 198 46 115 116 105 47 65 77 43 42 5 96 41 193 159 195 146 103 181 192 160 48 54 30 147 104 177 10 190 4 84 11 166 28 184 131 149 24 123 194 6 154 180 158 53 136 182 63 80 176 66 141 51 109 118 59 72 162 161 133 94 124 130 12 111 167 33 37 185 40 119 8 165 39 95 58 164 7 21 132 73 137 60 126 156 29 70 90 107 27
NearestNeighbor (NNa),TSPA.csv,76,76,356428158,40210,3225,164,76 89 183 23 137 66 141 51 109 118 59 72 162 161 194 6 154 180 158 53 136 182 121 99 189 19 97 1 101 150 100 26 152 74 125 87 2 82 120 44 25 78 145 168 31 85 188 56 13 171 88 16 157 17 196 169 174 187 81 91 179 55 52 106 178 3 32 138 14 155 144 102 49 62 9 61 15 64 114 73 132 21 7 164 58 71 27 107 90 39 165 8 185 40 119 128 167 111 148 37 33 12 130 124 94 63 133 24 149 131 47 65 116 105 77 43 42 5 96 41 193 159 195 146 103 22 20 18 69 108 67 163 36 140 93 117 170 0 46 198 139 191 110 115 166 28 184 11 84 4 112 126 156 29 190 10 177 104 147 54 30 48 160 192
NearestNeighbor (NNa),TSPA.csv,77,77,356428159,37826,2889,160,77 105 116 65 47 131 149 24 123 194 6 154 180 158 53 136 182 121 99 189 19 97 1 101 150 100 26 152 74 125 87 2 82 120 44 25 78 145 168 31 85 188 56 13 171 88 16 157 17 196 169 174 187 81 91 179 55 52 106 178 3 32 138 14 155 144 102 49 62 9 61 15 64 114 186 23 76 89 183 153 0 170 117 93 140 36 67 163 69 108 110 191 139 198 46 115 59 118 109 51 66 141 60 72 162 161 133 80 12 130 124 111 167 33 37 185 40 119 8 165 39 95 58 164 71 27 107 90 70 29 156 126 112 4 84 11 166 28 184 147 104 177 10 190 54 30 48 160 192 181 146 103 22 159 193 41 96 5 42 43
NearestNeighbor (NNa),TSPA.csv,78,78,356428160,36545,3525,162,145 168 31 85 188 56 13 171 88 16 25 44 120 82 92 57 55 52 106 178 3 32 138 14 155 144 102 49 62 9 61 15 64 114 186 23 76 89 183 153 0 170 117 93 140 36 67 163 69 108 110 191 139 198 46 115 116 105 47 65 77 43 42 5 96 41 193 159 195 146 103 181 192 160 48 54 30 147 104 177 10 190 4 84 11 166 28 184 131 149 24 123 194 6 154 180 158 53 136 182 121 99 189 19 97 1 101 150 100 26 152 74 125 87 167 111 148 37 33 12 130 124 94 80 176 66 141 51 109 118 59 72 162 161 29 156 126 112 60 137 73 132 21 7 164 58 71 27 107 90 174 187 81 196 169 40 119 185 8 165 91 179
NearestNeighbor (NNa),TSPA.csv,79,79,356428161,38268,5618,164,63 182 136 53 158 180 173 6 194 161 162 133 80 176 66 141 51 109 118 59 72 60 46 198 139 191 110 193 41 96 5 42 43 77 105 116 65 47 131 149 24 29 156 126 112 4 84 11 166 28 184 147 104 177 10 190 54 30 48 160 192 181 146 103 22 159 199 18 69 108 67 163 36 140 93 117 170 0 183 89 76 23 186 114 64 15 61 62 9 33 37 148 111 167 172 129 82 120 44 25 78 145 168 31 85 188 56 13 171 88 16 157 17 196 169 174 187 81 91 179 55 52 106 178 3 32 138 14 155 144 102 49 21 7 164 58 71 27 107 90 39 165 8 185 40 119 87 125 74 152 97 1 101 150 100 26 121 99 189 19 94 124 130 12
NearestNeighbor (NNa),TSPA.csv,80,80,356428162,41284,3123,159,176 66 141 51 109 118 59 72 162 161 194 6 154 180 158 53 136 182 121 99 189 19 97 1 101 150 100 26 152 74 125 87 2 82 120 44 25 78 145 168 31 85 188 56 13 171 88 16 157 17 196 169 174 187 81 91 179 55 52 106 178 3 32 138 14 155 144 102 49 62 9 61 15 64 114 186 23 76 89 183 153 0 170 117 93 140 36 67 163 69 108 110 191 139 198 46 115 116 105 47 65 77 43 42 5 96 41 193 159 195 146 103 181 192 160 48 54 30 147 104 177 10 190 4 84 11 166 28 184 131 149 24 29 156 126 112 133 63 94 124 130 12 111 167 33 37 185 40 119 8 165 39 95 58 164 7 90 107 27
NearestNeighbor (NNa),TSPA.csv,81,81,356428163,37269,3682,165,81 187 174 169 196 17 157 31 85 188 56 13 171 88 16 25 44 120 82 92 57 55 52 106 178 3 32 138 14 155 144 102 49 62 9 61 15 64 114 186 23 76 89 183 153 0 170 117 93 140 36 67 163 69 108 110 191 139 198 46 115 116 105 47 65 77 43 42 5 96 41 193 159 195 146 103 181 192 160 48 54 30 147 104 177 10 190 4 84 11 166 28 184 131 149 24 123 194 6 154 180 158 53 136 182 121 99 189 19 97 1 101 150 100 26 152 74 125 87 167 111 148 37 33 12 130 124 94 80 176 66 141 51 109 118 59 72 162 161 29 156 126 112 60 137 73 132 21 7 164 58 71 27 107 90 39 165 8 185 40 119 91 179 145 168
NearestNeighbor (NNa),TSPA.csv,82,82,356428164,38987,1736,160,106 178 3 32 138 14 155 144 102 49 62 9 61 15 64 114 186 23 76 89 183 153 0 170 117 93 140 36 67 163 69 108 110 191 139 198 46 115 116 105 47 65 77 43 42 5 96 41 193 159 195 146 103 181 192 160 48 54 30 147 104 177 10 190 4 84 11 166 28 184 131 149 24 123 194 6 154 180 158 53 136 182 121 99 189 19 97 1 101 150 100 26 152 74 125 87 2 120 44 25 78 145 168 31 85 188 56 13 171 88 16 157 17 196 169 174 187 81 91 179 185 40 119 8 165 39 95 58 164 7 21 132 33 37 148 111 167 124 94 130 12 176 66 141 51 109 118 59 72 162 161 29 156 126 112 60 137 107 27 90
NearestNeighbor (NNa),TSPA.csv,83,83,356428165,39564,957,159,23 76 89 183 153 0 170 117 93 140 36 67 163 69 108 110 191 139 198 46 115 116 105 47 65 77 43 42 5 96 41 193 159 195 146 103 181 192 160 48 54 30 147 104 177 10 190 4 84 11 166 28 184 131 149 24 123 194 6 154 180 158 53 136 182 121 99 189 19 97 1 101 150 100 26 152 74 125 87 2 82 120 44 25 78 145 168 31 85 188 56 13 171 88 16 157 17 196 169 174 187 81 91 179 55 52 106 178 3 32 138 14 155 144 102 49 62 9 61 15 64 114 137 66 141 51 109 118 59 72 162 161 133 130 12 124 111 167 33 37 185 40 119 8 165 39 95 58 164 71 27 107 90 70 29 156 126 112 60
NearestNeighbor (NNa),TSPA.csv,84,84,356428166,39546,2036,160,84 4 112 126 156 29 24 149 131 47 65 116 105 77 43 42 5 96 41 193 159 195 146 103 22 20 18 69 108 67 163 36 140 93 117 170 0 46 198 139 191 110 115 59 118 109 51 66 141 60 72 162 161 194 6 154 180 158 53 136 182 121 99 189 19 97 1 101 150 100 26 152 74 125 87 2 82 120 44 25 78 145 168 31 85 188 56 13 171 88 16 157 17 196 169 174 187 81 91 179 55 52 106 178 3 32 138 14 155 144 102 49 62 9 61 15 64 114 186 23 76 89 183 137 176 80 94 124 130 12 111 167 33 37 185 40 119 8 165 39 95 58 164 71 27 107 90 11 166 28 184 147 104 177 10 190 54 30 48 160
NearestNeighbor (NNa),TSPA.csv,85,85,356428167,38712,3173,164,56 13 31 157 17 196 169 174 187 81 168 145 78 25 44 120 82 92 57 55 52 106 178 3 32 138 14 155 144 102 49 62 9 61 15 64 114 186 23 76 89 183 153 0 170 117 93 140 36 67 163 69 108 110 191 139 198 46 115 116 105 47 65 77 43 42 5 96 41 193 159 195 146 103 181 192 160 48 54 30 147 104 177 10 190 4 84 11 166 28 184 131 149 24 123 194 6 154 180 158 53 136 182 121 99 189 19 97 1 101 150 100 26 152 74 125 87 167 111 148 37 33 12 130 124 94 80 176 66 141 51 109 118 59 72 162 161 29 156 126 112 60 137 73 132 21 7 164 58 71 27 107 90 39 165 8 185 40 119 91 179 171 88 16
NearestNeighbor (NNa),TSPA.csv,86,86,356428168,43628,-1288,166,101 150 1 97 26 100 121 99 189 19 152 74 125 87 2 82 120 44 25 78 145 168 31 85 188 56 13 171 88 16 157 17 196 169 174 187 81 91 179 55 52 106 178 3 32 138 14 155 144 102 49 62 9 61 15 64 114 186 23 76 89 183 153 0 170 117 93 140 36 67 163 69 108 110 191 139 198 46 115 116 105 47 65 77 43 42 5 96 41 193 159 195 146 103 181 192 160 48 54 30 147 104 177 10 190 4 84 11 166 28 184 131 149 24 123 194 6 154 180 158 53 136 182 63 80 176 66 141 51 109 118 59 72 162 161 133 94 124 130 12 111 167 33 37 185 40 119 8 165 39 95 58 164 7 21 132 73 137 60 126 156 29 70 90 107 27
NearestNeighbor (NNa),TSPA.csv,87,87,356428169,39239,2809,163,87 125 74 152 97 1 101 150 100 26 121 99 189 19 94 124 130 12 111 167 33 37 9 62 61 102 49 32 3 178 106 52 55 57 92 82 120 44 25 78 145 168 31 85 188 56 13 171 88 16 157 17 196 169 174 187 81 91 179 185 40 119 8 165 39 95 58 164 7 21 132 144 155 14 138 182 136 53 158 180 173 6 194 161 162 133 80 176 66 141 51 109 118 59 72 60 46 198 139 191 110 193 41 96 5 42 43 77 105 116 65 47 131 149 24 29 156 126 112 4 84 11 166 28 184 147 104 177 10 190 54 30 48 160 192 181 146 103 22 159 199 18 69 108 67 163 36 140 93 117 170 0 183 89 76 23 186 114 64 15 107 27 90
NearestNeighbor (NNa),TSPA.csv,88,88,356428170,37907,3257,165,88 16 171 113 56 13 31 157 17 196 169 174 187 81 168 145 78 25 44 120 82 92 57 55 52 106 178 3 32 138 14 155 144 102 49 62 9 61 15 64 114 186 23 76 89 183 153 0 170 117 93 140 36 67 163 69 108 110 191 139 198 46 115 116 105 47 65 77 43 42 5 96 41 193 159 195 146 103 181 192 160 48 54 30 147 104 177 10 190 4 84 11 166 28 184 131 149 24 123 194 6 154 180 158 53 136 182 121 99 189 19 97 1 101 150 100 26 152 74 125 87 167 111 148 37 33 12 130 124 94 80 176 66 141 51 109 118 59 72 162 161 29 156 126 112 60 137 73 132 21 7 164 58 71 27 107 90 39 165 8 185 40 119 91 179
NearestNeighbor (NNa),TSPA.csv,89,89,356428171,39024,5595,163,183 76 23 186 114 64 15 61 62 9 33 37 148 111 167 172 129 82 120 44 25 78 145 168 31 85 188 56 13 171 88 16 157 17 196 169 174 187 81 91 179 55 52 106 178 3 32 138 14 155 144 102 49 21 7 164 58 71 27 107 90 39 165 8 185 40 119 87 125 74 152 97 1 101 150 100 26 121 99 189 19 94 124 130 12 63 182 136 53 158 180 173 6 194 161 162 133 80 176 66 141 51 109 118 59 72 60 46 198 139 191 110 193 41 96 5 42 43 77 105 116 65 47 131 149 24 29 156 126 112 4 84 11 166 28 184 147 104 177 10 190 54 30 48 160 192 181 146 103 22 159 199 18 69 108 67 163 36 140 93 117 170 0
NearestNeighbor (NNa),TSPA.csv,90,90,356428172,37443,2066,165,90 107 27 71 58 164 7 95 39 165 8 185 40 119 174 187 81 196 169 91 179 145 168 78 25 44 120 82 92 57 55 52 106 178 3 32 138 14 155 144 102 49 62 9 61 15 64 114 186 23 76 89 183 153 0 170 117 93 140 36 67 163 69 108 110 191 139 198 46 115 116 105 47 65 77 43 42 5 96 41 193 159 195 146 103 181 192 160 48 54 30 147 104 177 10 190 4 84 11 166 28 184 131 149 24 123 194 6 154 180 158 53 136 182 121 99 189 19 97 1 101 150 100 26 152 74 125 87 167 111 148 37 33 12 130 124 94 80 176 66 141 51 109 118 59 72 162 161 29 156 126 112 60 137 73 132 157 31 85 188 56 13 171 88 16
NearestNeighbor (NNa),TSPA.csv,91,91,356428173,36711,3079,164,91 179 145 168 78 25 44 120 82 92 57 55 52 106 178 3 32 138 14 155 144 102 49 62 9 61 15 64 114 186 23 76 89 183 153 0 170 117 93 140 36 67 163 69 108 110 191 139 198 46 115 116 105 47 65 77 43 42 5 96 41 193 159 195 146 103 181 192 160 48 54 30 147 104 177 10 190 4 84 11 166 28 184 131 149 24 123 194 6 154 180 158 53 136 182 121 99 189 19 97 1 101 150 100 26 152 74 125 87 167 111 148 37 33 12 130 124 94 80 176 66 141 51 109 118 59 72 162 161 29 156 126 112 60 137 73 132 21 7 164 58 71 27 107 90 174 187 81 196 169 40 119 185 8 165 157 31 85 188 56 13 171 88 16
NearestNeighbor (NNa),TSPA.csv,92,92,356428174,38755,1917,161,106 178 3 32 138 14 155 144 102 49 62 9 61 15 64 114 186 23 76 89 183 153 0 170 117 93 140 36 67 163 69 108 110 191 139 198 46 115 116 105 47 65 77 43 42 5 96 41 193 159 195 146 103 181 192 160 48 54 30 147 104 177 10 190 4 84 11 166 28 184 131 149 24 123 194 6 154 180 158 53 136 182 121 99 189 19 97 1 101 150 100 26 152 74 125 87 2 82 120 44 25 78 145 168 31 85 188 56 13 171 88 16 157 17 196 169 174 187 81 91 179 185 40 119 8 165 39 95 58 164 7 21 132 33 37 148 111 167 124 94 130 12 176 66 141 51 109 118 59 72 162 161 29 156 126 112 60 137 107 27 90
NearestNeighbor (NNa),TSPA.csv,93,93,356428175,41123,3599,164,93 140 36 67 163 69 108 110 191 139 198 46 68 117 170 0 76 89 183 23 137 66 141 51 109 118 59 72 162 161 194 6 154 180 158 53 136 182 121 99 189 19 97 1 101 150 100 26 152 74 125 87 2 82 120 44 25 78 145 168 31 85 188 56 13 171 88 16 157 17 196 169 174 187 81 91 179 55 52 106 178 3 32 138 14 155 144 102 49 62 9 61 15 64 114 73 132 21 7 164 58 71 27 107 90 39 165 8 185 40 119 128 167 111 148 37 33 12 130 124 94 63 133 24 149 131 47 65 116 105 77 43 42 5 96 41 193 159 195 146 103 181 192 160 48 54 30 147 104 177 10 190 4 84 11 166 28 184 112 126 156 29 197 115
NearestNeighbor (NNa),TSPA.csv,94,94,356428176,39339,2898,163,124 130 12 111 167 33 37 9 62 61 102 49 32 3 178 106 52 55 57 92 82 120 44 25 78 145 168 31 85 188 56 13 171 88 16 157 17 196 169 174 187 81 91 179 185 40 119 8 165 39 95 58 164 7 21 132 144 155 14 138 172 87 125 74 152 97 1 101 150 100 26 121 99 189 19 182 136 53 158 180 173 6 194 161 162 133 80 176 66 141 51 109 118 59 72 60 46 198 139 191 110 193 41 96 5 42 43 77 105 116 65 47 131 149 24 29 156 126 112 4 84 11 166 28 184 147 104 177 10 190 54 30 48 160 192 181 146 103 22 159 199 18 69 108 67 163 36 140 93 117 170 0 183 89 76 23 186 114 64 15 90 107 27
NearestNeighbor (NNa),TSPA.csv,95,95,356428177,37837,1897,165,95 58 164 7 21 132 144 155 102 49 32 3 178 106 52 55 57 92 82 120 44 25 78 145 168 31 85 188 56 13 171 88 16 157 17 196 169 174 187 81 91 179 185 40 119 8 165 39 107 27 90 138 14 62 9 61 15 64 114 186 23 76 89 183 153 0 170 117 93 140 36 67 163 69 108 110 191 139 198 46 115 116 105 47 65 77 43 42 5 96 41 193 159 195 146 103 181 192 160 48 54 30 147 104 177 10 190 4 84 11 166 28 184 131 149 24 123 194 6 154 180 158 53 136 182 121 99 189 19 97 1 101 150 100 26 152 74 125 87 167 111 148 37 33 12 130 124 94 80 176 66 141 51 109 118 59 72 162 161 29 156 126 112 60 137
NearestNeighbor (NNa),TSPA.csv,96,96,356428178,37564,2889,160,96 5 42 43 77 105 116 65 47 131 149 24 123 194 6 154 180 158 53 136 182 121 99 189 19 97 1 101 150 100 26 152 74 125 87 2 82 120 44 25 78 145 168 31 85 188 56 13 171 88 16 157 17 196 169 174 187 81 91 179 55 52 106 178 3 32 138 14 155 144 102 49 62 9 61 15 64 114 186 23 76 89 183 153 0 170 117 93 140 36 67 163 69 108 110 191 139 198 46 115 59 118 109 51 66 141 60 72 162 161 133 80 12 130 124 111 167 33 37 185 40 119 8 165 39 95 58 164 71 27 107 90 70 29 156 126 112 4 84 11 166 28 184 147 104 177 10 190 54 30 48 160 192 181 146 103 22 159 193 41
NearestNeighbor (NNa),TSPA.csv,97,97,356428179,42367,-1338,166,97 1 101 150 100 26 121 99 189 19 152 74 125 87 2 82 120 44 25 78 145 168 31 85 188 56 13 171 88 16 157 17 196 169 174 187 81 91 179 55 52 106 178 3 32 138 14 155 144 102 49 62 9 61 15 64 114 186 23 76 89 183 153 0 170 117 93 140 36 67 163 69 108 110 191 139 198 46 115 116 105 47 65 77 43 42 5 96 41 193 159 195 146 103 181 192 160 48 54 30 147 104 177 10 190 4 84 11 166 28 184 131 149 24 123 194 6 154 180 158 53 136 182 63 80 176 66 141 51 109 118 59 72 162 161 133 94 124 130 12 111 167 33 37 185 40 119 8 165 39 95 58 164 7 21 132 73 137 60 126 156 29 70 90 107 27
NearestNeighbor (NNa),TSPA.csv,98,98,356428180,37276,3682,165,81 187 174 169 196 17 157 31 85 188 56 13 171 88 16 25 44 120 82 92 57 55 52 106 178 3 32 138 14 155 144 102 49 62 9 61 15 64 114 186 23 76 89 183 153 0 170 117 93 140 36 67 163 69 108 110 191 139 198 46 115 116 105 47 65 77 43 42 5 96 41 193 159 195 146 103 181 192 160 48 54 30 147 104 177 10 190 4 84 11 166 28 184 131 149 24 123 194 6 154 180 158 53 136 182 121 99 189 19 97 1 101 150 100 26 152 74 125 87 167 111 148 37 33 12 130 124 94 80 176 66 141 51 109 118 59 72 162 161 29 156 126 112 60 137 73 132 21 7 164 58 71 27 107 90 39 165 8 185 40 119 91 179 145 168
NearestNeighbor (NNa),TSPA.csv,99,99,356428181,37888,5553,163,99 121 182 136 53 158 180 173 6 194 161 162 133 80 176 66 141 51 109 118 59 72 60 46 198 139 191 110 193 41 96 5 42 43 77 105 116 65 47 131 149 24 29 156 126 112 4 84 11 166 28 184 147 104 177 10 190 54 30 48 160 192 181 146 103 22 159 199 18 69 108 67 163 36 140 93 117 170 0 183 89 76 23 186 114 64 15 61 62 9 33 37 148 111 167 172 129 82 120 44 25 78 145 168 31 85 188 56 13 171 88 16 157 17 196 169 174 187 81 91 179 55 52 106 178 3 32 138 14 155 144 102 49 21 7 164 58 71 27 107 90 39 165 8 185 40 119 87 125 74 152 97 1 101 150 100 26 19 189 94 124 130 12
NearestNeighbor (NNa),TSPA.csv,100,100,356428182,42574,-1565,166,100 26 97 1 101 150 121 99 189 19 152 74 125 87 2 82 120 44 25 78 145 168 31 85 188 56 13 171 88 16 157 17 196 169 174 187 81 91 179 55 52 106 178 3 32 138 14 155 144 102 49 62 9 61 15 64 114 186 23 76 89 183 153 0 170 117 93 140 36 67 163 69 108 110 191 139 198 46 115 116 105 47 65 77 43 42 5 96 41 193 159 195 146 103 181 192 160 48 54 30 147 104 177 10 190 4 84 11 166 28 184 131 149 24 123 194 6 154 180 158 53 136 182 63 80 176 66 141 51 109 118 59 72 162 161 133 94 124 130 12 111 167 33 37 185 40 119 8 165 39 95 58 164 7 21 132 73 137 60 126 156 29 70 90 107 27
NearestNeighbor (NNa),TSPA.csv,101,101,356428183,43611,-1288,166,101 150 1 97 26 100 121 99 189 19 152 74 125 87 2 82 120 44 25 78 145 168 31 85 188 56 13 171 88 16 157 17 196 169 174 187 81 91 179 55 52 106 178 3 32 138 14 155 144 102 49 62 9 61 15 64 114 186 23 76 89 183 153 0 170 117 93 140 36 67 163 69 108 110 191 139 198 46 115 116 105 47 65 77 43 42 5 96 41 193 159 195 146 103 181 192 160 48 54 30 147 104 177 10 190 4 84 11 166 28 184 131 149 24 123 194 6 154 180 158 53 136 182 63 80 176 66 141 51 109 118 59 72 162 161 133 94 124 130 12 111 167 33 37 185 40 119 8 165 39 95 58 164 7 21 132 73 137 60 126 156 29 70 90 107 27
NearestNeighbor (NNa),TSPA.csv,102,102,356428184,38487,1719,161,32 3 178 106 52 55 57 92 82 120 44 25 78 145 168 31 85 188 56 13 171 88 16 157 17 196 169 174 187 81 91 179 185 40 119 8 165 39 95 58 164 7 21 132 144 155 62 9 61 15 64 114 186 23 76 89 183 153 0 170 117 93 140 36 67 163 69 108 110 191 139 198 46 115 116 105 47 65 77 43 42 5 96 41 193 159 195 146 103 181 192 160 48 54 30 147 104 177 10 190 4 84 11 166 28 184 131 149 24 123 194 6 154 180 158 53 136 182 121 99 189 19 97 1 101 150 100 26 152 74 125 87 167 111 148 37 33 12 130 124 94 80 176 66 141 51 109 118 59 72 162 161 29 156 126 112 60 137 107 27 90
NearestNeighbor (NNa),TSPA.csv,103,103,356428185,41703,-37,157,103 146 195 159 193 41 191 139 198 46 68 140 36 67 163 69 18 20 22 181 192 160 48 54 30 147 104 177 10 190 4 84 11 166 28 184 77 105 116 65 47 131 149 24 123 194 6 154 180 158 53 136 182 121 99 189 19 97 1 101 150 100 26 152 74 125 87 2 82 120 44 25 78 145 168 31 85 188 56 13 171 88 16 157 17 196 169 174 187 81 91 179 55 52 106 178 3 32 138 14 155 144 102 49 62 9 61 15 64 114 186 23 76 89 183 153 0 60 118 59 72 109 51 66 176 80 133 162 161 29 156 126 112 42 5 96 115 12 130 124 111 167 33 37 185 40 119 8 165 39 95 58 164 71 27 107 90
NearestNeighbor (NNa),TSPA.csv,104,104,356428186,41547,4305,160,104 147 54 30 48 160 192 181 146 103 22 159 193 41 191 139 198 46 68 140 36 67 163 69 108 117 170 0 76 89 183 23 137 66 141 51 109 118 59 72 162 161 194 6 154 180 158 53 136 182 121 99 189 19 97 1 101 150 100 26 152 74 125 87 2 82 120 44 25 78 145 168 31 85 188 56 13 171 88 16 157 17 196 169 174 187 81 91 179 55 52 106 178 3 32 138 14 155 144 102 49 62 9 61 15 64 114 73 132 21 7 164 58 71 27 107 90 39 165 8 185 40 119 128 167 111 148 37 33 12 130 124 94 63 133 24 149 131 47 65 116 105 77 43 42 5 96 166 28 184 11 84 4 112 126 156 29 190 10 177
NearestNeighbor (NNa),TSPA.csv,105,105,356428187,40382,625,164,105 116 65 47 77 43 42 5 96 41 193 159 195 146 103 22 20 18 69 108 67 163 36 140 93 117 170 0 46 198 139 191 110 115 59 118 109 51 66 141 60 72 162 161 194 6 154 180 158 53 136 182 121 99 189 19 97 1 101 150 100 26 152 74 125 87 2 82 120 44 25 78 145 168 31 85 188 56 13 171 88 16 157 17 196 169 174 187 81 91 179 55 52 106 178 3 32 138 14 155 144 102 49 62 9 61 15 64 114 186 23 76 89 183 137 176 80 133 24 149 131 166 28 184 11 84 4 112 126 156 29 127 70 94 124 130 12 111 167 33 37 185 40 119 8 165 39 95 58 164 71 27 107 90 192 160 48 54 30 147 104 177 10 190
NearestNeighbor (NNa),TSPA.csv,106,106,356428188,38343,1795,163,106 178 3 32 138 14 155 144 102 49 62 9 61 15 64 114 186 23 76 89 183 153 0 170 117 93 140 36 67 163 69 108 110 191 139 198 46 115 116 105 47 65 77 43 42 5 96 41 193 159 195 146 103 181 192 160 48 54 30 147 104 177 10 190 4 84 11 166 28 184 131 149 24 123 194 6 154 180 158 53 136 182 121 99 189 19 97 1 101 150 100 26 152 74 125 87 2 82 120 44 25 78 145 168 31 85 188 56 13 171 88 16 157 17 196 169 174 187 81 91 179 55 52 185 40 119 8 165 39 95 58 164 7 21 132 33 37 148 111 167 124 94 130 12 176 66 141 51 109 118 59 72 162 161 29 156 126 112 60 137 107 27 90
NearestNeighbor (NNa),TSPA.csv,107,107,356428189,37070,2708,164,107 27 90 174 187 81 196 169 40 119 185 8 165 39 95 58 164 7 21 132 144 155 102 49 32 3 178 106 52 55 57 92 82 120 44 25 78 145 168 31 85 188 56 13 171 88 16 157 91 179 172 167 111 148 37 33 9 62 61 15 64 114 186 23 76 89 183 153 0 170 117 93 140 36 67 163 69 108 110 191 139 198 46 115 116 105 47 65 77 43 42 5 96 41 193 159 195 146 103 181 192 160 48 54 30 147 104 177 10 190 4 84 11 166 28 184 131 149 24 123 194 6 154 180 158 53 136 182 121 99 189 19 97 1 101 150 100 26 152 74 125 87 124 94 130 12 176 66 141 51 109 118 59 72 162 161 29 156 126 112 60 137 14 138
NearestNeighbor (NNa),TSPA.csv,108,108,356428190,39169,2376,155,69 163 36 140 93 117 170 0 46 198 139 191 110 193 41 96 5 42 43 77 105 116 65 47 131 149 24 123 194 6 154 180 158 53 136 182 121 99 189 19 97 1 101 150 100 26 152 74 125 87 2 82 120 44 25 78 145 168 31 85 188 56 13 171 88 16 157 17 196 169 174 187 81 91 179 55 52 106 178 3 32 138 14 155 144 102 49 62 9 61 15 64 114 186 23 76 89 183 137 66 141 51 109 118 59 72 162 161 133 130 12 124 111 167 33 37 185 40 119 8 165 39 95 58 164 71 27 107 90 70 29 156 126 112 4 84 11 166 28 184 147 104 177 10 190 54 30 48 160 192 181 146 103 22 159
NearestNeighbor (NNa),TSPA.csv,109,109,356428191,39629,2982,156,66 141 60 118 59 72 162 161 194 6 154 180 158 53 136 182 121 99 189 19 97 1 101 150 100 26 152 74 125 87 2 82 120 44 25 78 145 168 31 85 188 56 13 171 88 16 157 17 196 169 174 187 81 91 179 55 52 106 178 3 32 138 14 155 144 102 49 62 9 61 15 64 114 186 23 76 89 183 153 0 170 117 93 140 36 67 163 69 108 110 191 139 198 46 115 116 105 47 65 77 43 42 5 96 41 193 159 195 146 103 181 192 160 48 54 30 147 104 177 10 190 4 84 11 166 28 184 131 149 24 29 156 126 112 133 80 12 130 124 111 167 33 37 185 40 119 8 165 39 95 58 164 71 27 107 90
NearestNeighbor (NNa),TSPA.csv,110,110,356428192,40288,993,157,110 191 139 198 46 68 140 36 67 163 69 142 193 41 96 5 42 43 77 105 116 65 47 131 149 24 123 194 6 154 180 158 53 136 182 121 99 189 19 97 1 101 150 100 26 152 74 125 87 2 82 120 44 25 78 145 168 31 85 188 56 13 171 88 16 157 17 196 169 174 187 81 91 179 55 52 106 178 3 32 138 14 155 144 102 49 62 9 61 15 64 114 186 23 76 89 183 153 0 60 118 59 72 109 51 66 176 80 133 162 161 29 156 126 112 4 84 11 166 28 184 147 104 177 10 190 54 30 48 160 192 181 146 103 22 159 115 12 130 124 111 167 33 37 185 40 119 8 165 39 95 58 164 71 27 107 90
NearestNeighbor (NNa),TSPA.csv,111,111,356428193,38925,3214,164,167 33 37 9 62 61 102 49 32 3 178 106 52 55 57 92 82 120 44 25 78 145 168 31 85 188 56 13 171 88 16 157 17 196 169 174 187 81 91 179 185 40 119 8 165 39 95 58 164 7 21 132 144 155 14 138 172 87 125 74 152 97 1 101 150 100 26 121 99 189 19 94 124 130 12 63 182 136 53 158 180 173 6 194 161 162 133 80 176 66 141 51 109 118 59 72 60 46 198 139 191 110 193 41 96 5 42 43 77 105 116 65 47 131 149 24 29 156 126 112 4 84 11 166 28 184 147 104 177 10 190 54 30 48 160 192 181 146 103 22 159 199 18 69 108 67 163 36 140 93 117 170 0 183 89 76 23 186 114 64 15 90 107 27
NearestNeighbor (NNa),TSPA.csv,112,112,356428194,39580,1980,161,112 126 156 29 24 149 131 47 65 116 105 77 43 42 5 96 41 193 159 195 146 103 22 20 18 69 108 67 163 36 140 93 117 170 0 46 198 139 191 110 115 59 118 109 51 66 141 60 72 162 161 194 6 154 180 158 53 136 182 121 99 189 19 97 1 101 150 100 26 152 74 125 87 2 82 120 44 25 78 145 168 31 85 188 56 13 171 88 16 157 17 196 169 174 187 81 91 179 55 52 106 178 3 32 138 14 155 144 102 49 62 9 61 15 64 114 186 23 76 89 183 137 176 80 94 124 130 12 111 167 33 37 185 40 119 8 165 39 95 58 164 71 27 107 90 11 166 28 184 84 4 190 10 177 104 147 54 30 48 160 192
NearestNeighbor (NNa),TSPA.csv,113,113,356428195,38845,3335,165,113 56 13 31 157 17 196 169 174 187 81 168 145 78 25 44 120 82 92 57 55 52 106 178 3 32 138 14 155 144 102 49 62 9 61 15 64 114 186 23 76 89 183 153 0 170 117 93 140 36 67 163 69 108 110 191 139 198 46 115 116 105 47 65 77 43 42 5 96 41 193 159 195 146 103 181 192 160 48 54 30 147 104 177 10 190 4 84 11 166 28 184 131 149 24 123 194 6 154 180 158 53 136 182 121 99 189 19 97 1 101 150 100 26 152 74 125 87 167 111 148 37 33 12 130 124 94 80 176 66 141 51 109 118 59 72 162 161 29 156 126 112 60 137 73 132 21 7 164 58 71 27 107 90 39 165 8 185 40 119 91 179 16 88 171
NearestNeighbor (NNa),TSPA.csv,114,114,356428196,38854,5618,164,114 64 15 61 62 9 33 37 148 111 167 172 129 82 120 44 25 78 145 168 31 85 188 56 13 171 88 16 157 17 196 169 174 187 81 91 179 55 52 106 178 3 32 138 14 155 144 102 49 21 7 164 58 71 27 107 90 39 165 8 185 40 119 87 125 74 152 97 1 101 150 100 26 121 99 189 19 94 124 130 12 63 182 136 53 158 180 173 6 194 161 162 133 80 176 66 141 51 109 118 59 72 60 46 198 139 191 110 193 41 96 5 42 43 77 105 116 65 47 131 149 24 29 156 126 112 4 84 11 166 28 184 147 104 177 10 190 54 30 48 160 192 181 146 103 22 159 199 18 69 108 67 163 36 140 93 117 170 0 183 89 76 23 186
NearestNeighbor (NNa),TSPA.csv,115,115,356428197,38750,1250,160,115 198 139 191 110 193 41 96 5 42 43 77 105 116 65 47 131 149 24 123 194 6 154 180 158 53 136 182 121 99 189 19 97 1 101 150 100 26 152 74 125 87 2 82 120 44 25 78 145 168 31 85 188 56 13 171 88 16 157 17 196 169 174 187 81 91 179 55 52 106 178 3 32 138 14 155 144 102 49 62 9 61 15 64 114 186 23 76 89 183 153 0 170 117 93 140 36 67 163 69 108 68 46 60 118 59 72 109 51 66 176 80 133 162 161 29 156 126 112 4 84 11 166 28 184 147 104 177 10 190 54 30 48 160 192 181 146 103 22 159 12 130 124 111 167 33 37 185 40 119 8 165 39 95 58 164 71 27 107 90
NearestNeighbor (NNa),TSPA.csv,116,116,356428198,40402,524,164,116 105 47 65 77 43 42 5 96 41 193 159 195 146 103 22 20 18 69 108 67 163 36 140 93 117 170 0 46 198 139 191 110 115 59 118 109 51 66 141 60 72 162 161 194 6 154 180 158 53 136 182 121 99 189 19 97 1 101 150 100 26 152 74 125 87 2 82 120 44 25 78 145 168 31 85 188 56 13 171 88 16 157 17 196 169 174 187 81 91 179 55 52 106 178 3 32 138 14 155 144 102 49 62 9 61 15 64 114 186 23 76 89 183 137 176 80 133 24 149 131 166 28 184 11 84 4 112 126 156 29 127 70 94 124 130 12 111 167 33 37 185 40 119 8 165 39 95 58 164 71 27 107 90 192 160 48 54 30 147 104 177 10 190
NearestNeighbor (NNa),TSPA.csv,117,117,356428199,39296,1200,157,0 93 140 36 67 163 69 108 110 191 139 198 46 115 116 105 47 65 77 43 42 5 96 41 193 159 195 146 103 181 192 160 48 54 30 147 104 177 10 190 4 84 11 166 28 184 131 149 24 123 194 6 154 180 158 53 136 182 121 99 189 19 97 1 101 150 100 26 152 74 125 87 2 82 120 44 25 78 145 168 31 85 188 56 13 171 88 16 157 17 196 169 174 187 81 91 179 55 52 106 178 3 32 138 14 155 144 102 49 62 9 61 15 64 114 186 23 76 89 183 137 66 141 51 109 118 59 72 162 161 133 130 12 124 111 167 33 37 185 40 119 8 165 39 95 58 164 71 27 107 90 70 29 156 126 112 60
NearestNeighbor (NNa),TSPA.csv,118,118,356428200,38775,1095,161,118 59 72 109 51 66 141 60 46 198 139 191 110 193 41 96 5 42 43 77 105 116 65 47 131 149 24 123 194 6 154 180 158 53 136 182 121 99 189 19 97 1 101 150 100 26 152 74 125 87 2 82 120 44 25 78 145 168 31 85 188 56 13 171 88 16 157 17 196 169 174 187 81 91 179 55 52 106 178 3 32 138 14 155 144 102 49 62 9 61 15 64 114 186 23 76 89 183 153 0 170 117 93 140 36 67 163 69 108 68 115 166 28 184 11 84 4 112 126 156 29 161 162 133 80 12 130 124 111 167 33 37 185 40 119 8 165 39 95 58 164 71 27 107 90 70 190 10 177 104 147 54 30 48 160 192 181 146 103 22 159
NearestNeighbor (NNa),TSPA.csv,119,119,356428201,37462,2621,165,119 40 185 8 165 39 95 58 164 7 21 132 144 155 102 49 32 3 178 106 52 55 57 92 82 120 44 25 78 145 168 31 85 188 56 13 171 88 16 157 17 196 169 174 187 81 91 179 172 167 111 148 37 33 9 62 61 15 64 114 186 23 76 89 183 153 0 170 117 93 140 36 67 163 69 108 110 191 139 198 46 115 116 105 47 65 77 43 42 5 96 41 193 159 195 146 103 181 192 160 48 54 30 147 104 177 10 190 4 84 11 166 28 184 131 149 24 123 194 6 154 180 158 53 136 182 121 99 189 19 97 1 101 150 100 26 152 74 125 87 124 94 130 12 176 66 141 51 109 118 59 72 162 161 29 156 126 112 60 137 14 138 107 27 90
NearestNeighbor (NNa),TSPA.csv,120,120,356428202,37020,3363,160,44 82 92 57 55 52 106 178 3 32 138 14 155 144 102 49 62 9 61 15 64 114 186 23 76 89 183 153 0 170 117 93 140 36 67 163 69 108 110 191 139 198 46 115 116 105 47 65 77 43 42 5 96 41 193 159 195 146 103 181 192 160 48 54 30 147 104 177 10 190 4 84 11 166 28 184 131 149 24 123 194 6 154 180 158 53 136 182 121 99 189 19 97 1 101 150 100 26 152 74 125 87 167 111 148 37 33 12 130 124 94 80 176 66 141 51 109 118 59 72 162 161 29 156 126 112 60 137 73 132 21 7 164 58 71 27 107 90 174 187 81 196 169 40 119 185 8 165 91 179 145 168 31 85 188 56 13 171 88 16
NearestNeighbor (NNa),TSPA.csv,121,121,356428203,42636,-1621,166,121 99 189 19 97 1 101 150 100 26 152 74 125 87 2 82 120 44 25 78 145 168 31 85 188 56 13 171 88 16 157 17 196 169 174 187 81 91 179 55 52 106 178 3 32 138 14 155 144 102 49 62 9 61 15 64 114 186 23 76 89 183 153 0 170 117 93 140 36 67 163 69 108 110 191 139 198 46 115 116 105 47 65 77 43 42 5 96 41 193 159 195 146 103 181 192 160 48 54 30 147 104 177 10 190 4 84 11 166 28 184 131 149 24 123 194 6 154 180 158 53 136 182 63 80 176 66 141 51 109 118 59 72 162 161 133 94 124 130 12 111 167 33 37 185 40 119 8 165 39 95 58 164 7 21 132 73 137 60 126 156 29 70 90 107 27
NearestNeighbor (NNa),TSPA.csv,122,122,356428204,38203,5618,164,63 182 136 53 158 180 173 6 194 161 162 133 80 176 66 141 51 109 118 59 72 60 46 198 139 191 110 193 41 96 5 42 43 77 105 116 65 47 131 149 24 29 156 126 112 4 84 11 166 28 184 147 104 177 10 190 54 30 48 160 192 181 146 103 22 159 199 18 69 108 67 163 36 140 93 117 170 0 183 89 76 23 186 114 64 15 61 62 9 33 37 148 111 167 172 129 82 120 44 25 78 145 168 31 85 188 56 13 171 88 16 157 17 196 169 174 187 81 91 179 55 52 106 178 3 32 138 14 155 144 102 49 21 7 164 58 71 27 107 90 39 165 8 185 40 119 87 125 74 152 97 1 101 150 100 26 121 99 189 19 94 124 130 12
NearestNeighbor (NNa),TSPA.csv,123,123,356428205,38991,2629,162,149 131 47 65 116 105 77 43 42 5 96 41 193 159 195 146 103 22 20 18 69 108 67 163 36 140 93 117 170 0 46 198 139 191 110 115 59 118 109 51 66 141 60 72 162 161 194 6 154 180 158 53 136 182 121 99 189 19 97 1 101 150 100 26 152 74 125 87 2 82 120 44 25 78 145 168 31 85 188 56 13 171 88 16 157 17 196 169 174 187 81 91 179 55 52 106 178 3 32 138 14 155 144 102 49 62 9 61 15 64 114 186 23 76 89 183 137 176 80 94 124 130 12 111 167 33 37 185 40 119 8 165 39 95 58 164 71 27 107 90 70 127 29 156 126 112 4 84 11 166 28 184 147 104 177 10 190 54 30 48 160 192
NearestNeighbor (NNa),TSPA.csv,124,124,356428206,39215,3005,164,124 94 130 12 111 167 33 37 9 62 61 102 49 32 3 178 106 52 55 57 92 82 120 44 25 78 145 168 31 85 188 56 13 171 88 16 157 17 196 169 174 187 81 91 179 185 40 119 8 165 39 95 58 164 7 21 132 144 155 14 138 172 87 125 74 152 97 1 101 150 100 26 121 99 189 19 182 136 53 158 180 173 6 194 161 162 133 80 176 66 141 51 109 118 59 72 60 46 198 139 191 110 193 41 96 5 42 43 77 105 116 65 47 131 149 24 29 156 126 112 4 84 11 166 28 184 147 104 177 10 190 54 30 48 160 192 181 146 103 22 159 199 18 69 108 67 163 36 140 93 117 170 0 183 89 76 23 186 114 64 15 90 107 27
NearestNeighbor (NNa),TSPA.csv,125,125,356428207,39524,2239,166,125 74 152 87 1 97 26 100 121 99 189 19 94 124 130 12 111 167 33 37 9 62 61 102 49 32 3 178 106 52 55 57 92 82 120 44 25 78 145 168 31 85 188 56 13 171 88 16 157 17 196 169 174 187 81 91 179 185 40 119 8 165 39 95 58 164 7 21 132 144 155 14 138 172 101 150 86 53 158 180 173 6 194 161 162 133 63 182 136 80 176 66 141 51 109 118 59 72 60 46 198 139 191 110 193 41 96 5 42 43 77 105 116 65 47 131 149 24 29 156 126 112 4 84 11 166 28 184 147 104 177 10 190 54 30 48 160 192 181 146 103 22 159 199 18 69 108 67 163 36 140 93 117 170 0 183 89 76 23 186 114 64 15 107 27 90
NearestNeighbor (NNa),TSPA.csv,126,126,356428208,40227,3825,160,126 156 29 112 4 84 11 166 28 184 147 104 177 10 190 54 30 48 160 192 181 146 103 22 159 193 41 191 139 198 46 68 140 36 67 163 69 108 117 170 0 76 89 183 23 137 66 141 51 109 118 59 72 162 161 194 6 154 180 158 53 136 182 121 99 189 19 97 1 101 150 100 26 152 74 125 87 2 82 120 44 25 78 145 168 31 85 188 56 13 171 88 16 157 17 196 169 174 187 81 91 179 55 52 106 178 3 32 138 14 155 144 102 49 62 9 61 15 64 114 73 132 21 7 164 58 71 27 107 90 39 165 8 185 40 119 128 167 111 148 37 33 12 130 124 94 63 133 24 149 131 47 65 116 105 77 43 42 5 96
NearestNeighbor (NNa),TSPA.csv,127,127,356428209,39440,2495,161,149 131 47 65 116 105 77 43 42 5 96 41 193 159 195 146 103 22 20 18 69 108 67 163 36 140 93 117 170 0 46 198 139 191 110 115 59 118 109 51 66 141 60 72 162 161 194 6 154 180 158 53 136 182 121 99 189 19 97 1 101 150 100 26 152 74 125 87 2 82 120 44 25 78 145 168 31 85 188 56 13 171 88 16 157 17 196 169 174 187 81 91 179 55 52 106 178 3 32 138 14 155 144 102 49 62 9 61 15 64 114 186 23 76 89 183 137 176 80 94 124 130 12 111 167 33 37 185 40 119 8 165 39 95 58 164 71 27 107 90 70 29 156 126 112 4 84 11 166 28 184 147 104 177 10 190 54 30 48 160 192
NearestNeighbor (NNa),TSPA.csv,128,128,356428210,38633,3437,167,128 167 111 148 37 33 9 62 61 102 49 32 3 178 106 52 55 57 92 82 120 44 25 78 145 168 31 85 188 56 13 171 88 16 157 17 196 169 174 187 81 91 179 185 40 119 8 165 39 95 58 164 7 21 132 144 155 14 138 172 87 125 74 152 97 1 101 150 100 26 121 99 189 19 94 124 130 12 63 182 136 53 158 180 173 6 194 161 162 133 80 176 66 141 51 109 118 59 72 60 46 198 139 191 110 193 41 96 5 42 43 77 105 116 65 47 131 149 24 29 156 126 112 4 84 11 166 28 184 147 104 177 10 190 54 30 48 160 192 181 146 103 22 159 199 18 69 108 67 163 36 140 93 117 170 0 183 89 76 23 186 114 64 15 90 107 27
NearestNeighbor (NNa),TSPA.csv,129,129,356428211,37241,3141,164,82 120 44 25 78 145 168 31 85 188 56 13 171 88 16 157 17 196 169 174 187 81 91 179 55 52 106 178 3 32 138 14 155 144 102 49 62 9 61 15 64 114 186 23 76 89 183 153 0 170 117 93 140 36 67 163 69 108 110 191 139 198 46 115 116 105 47 65 77 43 42 5 96 41 193 159 195 146 103 181 192 160 48 54 30 147 104 177 10 190 4 84 11 166 28 184 131 149 24 123 194 6 154 180 158 53 136 182 121 99 189 19 97 1 101 150 100 26 152 74 125 87 167 111 148 37 33 12 130 124 94 80 176 66 141 51 109 118 59 72 162 161 29 156 126 112 60 137 73 132 21 7 164 58 71 27 107 90 39 165 8 185 40 119
NearestNeighbor (NNa),TSPA.csv,130,130,356428212,37752,5519,163,130 12 124 94 189 19 99 121 182 136 53 158 180 173 6 194 161 162 133 80 176 66 141 51 109 118 59 72 60 46 198 139 191 110 193 41 96 5 42 43 77 105 116 65 47 131 149 24 29 156 126 112 4 84 11 166 28 184 147 104 177 10 190 54 30 48 160 192 181 146 103 22 159 199 18 69 108 67 163 36 140 93 117 170 0 183 89 76 23 186 114 64 15 61 62 9 33 37 148 111 167 172 129 82 120 44 25 78 145 168 31 85 188 56 13 171 88 16 157 17 196 169 174 187 81 91 179 55 52 106 178 3 32 138 14 155 144 102 49 21 7 164 58 71 27 107 90 39 165 8 185 40 119 87 125 74 152 97 1 101 150 100 26
NearestNeighbor (NNa),TSPA.csv,131,131,356428213,40779,506,165,131 149 47 65 116 105 77 43 42 5 96 41 193 159 195 146 103 22 20 18 69 108 67 163 36 140 93 117 170 0 46 198 139 191 110 115 59 118 109 51 66 141 60 72 162 161 194 6 154 180 158 53 136 182 121 99 189 19 97 1 101 150 100 26 152 74 125 87 2 82 120 44 25 78 145 168 31 85 188 56 13 171 88 16 157 17 196 169 174 187 81 91 179 55 52 106 178 3 32 138 14 155 144 102 49 62 9 61 15 64 114 186 23 76 89 183 137 176 80 133 24 35 11 166 28 184 84 4 112 126 156 29 127 70 94 124 130 12 111 167 33 37 185 40 119 8 165 39 95 58 164 71 27 107 90 192 160 48 54 30 147 104 177 10 190
NearestNeighbor (NNa),TSPA.csv,132,132,356428214,38453,1350,163,144 155 102 49 32 3 178 106 52 55 57 92 82 120 44 25 78 145 168 31 85 188 56 13 171 88 16 157 17 196 169 174 187 81 91 179 185 40 119 8 165 39 95 58 164 7 21 138 62 9 61 15 64 114 186 23 76 89 183 153 0 170 117 93 140 36 67 163 69 108 110 191 139 198 46 115 116 105 47 65 77 43 42 5 96 41 193 159 195 146 103 181 192 160 48 54 30 147 104 177 10 190 4 84 11 166 28 184 131 149 24 123 194 6 154 180 158 53 136 182 121 99 189 19 97 1 101 150 100 26 152 74 125 87 167 111 148 37 33 12 130 124 94 80 176 66 141 51 109 118 59 72 162 161 29 156 126 112 60 137 107 27 90
NearestNeighbor (NNa),TSPA.csv,133,133,356428215,40189,2488,157,133 162 161 194 6 154 180 158 53 136 182 121 99 189 19 97 1 101 150 100 26 152 74 125 87 2 82 120 44 25 78 145 168 31 85 188 56 13 171 88 16 157 17 196 169 174 187 81 91 179 55 52 106 178 3 32 138 14 155 144 102 49 62 9 61 15 64 114 186 23 76 89 183 153 0 170 117 93 140 36 67 163 69 108 110 191 139 198 46 115 116 105 47 65 77 43 42 5 96 41 193 159 195 146 103 181 192 160 48 54 30 147 104 177 10 190 4 84 11 166 28 184 131 149 24 29 156 126 112 176 66 141 51 109 118 59 72 12 130 124 111 167 33 37 185 40 119 8 165 39 95 58 164 71 27 107 90
NearestNeighbor (NNa),TSPA.csv,134,134,356428216,39189,2527,158,18 69 108 67 163 36 140 93 117 170 0 46 198 139 191 110 193 41 96 5 42 43 77 105 116 65 47 131 149 24 123 194 6 154 180 158 53 136 182 121 99 189 19 97 1 101 150 100 26 152 74 125 87 2 82 120 44 25 78 145 168 31 85 188 56 13 171 88 16 157 17 196 169 174 187 81 91 179 55 52 106 178 3 32 138 14 155 144 102 49 62 9 61 15 64 114 186 23 76 89 183 137 66 141 51 109 118 59 72 162 161 133 130 12 124 111 167 33 37 185 40 119 8 165 39 95 58 164 71 27 107 90 70 29 156 126 112 4 84 11 166 28 184 147 104 177 10 190 54 30 48 160 192 181 146 103 22 159
NearestNeighbor (NNa),TSPA.csv,135,135,356428217,39179,2108,159,135 6 154 180 158 53 136 182 121 99 189 19 97 1 101 150 100 26 152 74 125 87 2 82 120 44 25 78 145 168 31 85 188 56 13 171 88 16 157 17 196 169 174 187 81 91 179 55 52 106 178 3 32 138 14 155 144 102 49 62 9 61 15 64 114 186 23 76 89 183 153 0 170 117 93 140 36 67 163 69 108 110 191 139 198 46 115 116 105 47 65 77 43 42 5 96 41 193 159 195 146 103 181 192 160 48 54 30 147 104 177 10 190 4 84 11 166 28 184 131 149 24 161 162 133 80 176 66 141 51 109 118 59 72 12 130 124 111 167 33 37 185 40 119 8 165 39 95 58 164 71 27 107 90 70 29 156 126 112
NearestNeighbor (NNa),TSPA.csv,136,136,356428218,42900,-1894,166,136 182 121 99 189 19 97 1 101 150 100 26 152 74 125 87 2 82 120 44 25 78 145 168 31 85 188 56 13 171 88 16 157 17 196 169 174 187 81 91 179 55 52 106 178 3 32 138 14 155 144 102 49 62 9 61 15 64 114 186 23 76 89 183 153 0 170 117 93 140 36 67 163 69 108 110 191 139 198 46 115 116 105 47 65 77 43 42 5 96 41 193 159 195 146 103 181 192 160 48 54 30 147 104 177 10 190 4 84 11 166 28 184 131 149 24 123 194 6 154 180 158 53 63 80 176 66 141 51 109 118 59 72 162 161 133 94 124 130 12 111 167 33 37 185 40 119 8 165 39 95 58 164 7 21 132 73 137 60 126 156 29 70 90 107 27
NearestNeighbor (NNa),TSPA.csv,137,137,356428219,38811,5618,164,23 186 114 64 15 61 62 9 33 37 148 111 167 172 129 82 120 44 25 78 145 168 31 85 188 56 13 171 88 16 157 17 196 169 174 187 81 91 179 55 52 106 178 3 32 138 14 155 144 102 49 21 7 164 58 71 27 107 90 39 165 8 185 40 119 87 125 74 152 97 1 101 150 100 26 121 99 189 19 94 124 130 12 63 182 136 53 158 180 173 6 194 161 162 133 80 176 66 141 51 109 118 59 72 60 46 198 139 191 110 193 41 96 5 42 43 77 105 116 65 47 131 149 24 29 156 126 112 4 84 11 166 28 184 147 104 177 10 190 54 30 48 160 192 181 146 103 22 159 199 18 69 108 67 163 36 140 93 117 170 0 183 89 76
NearestNeighbor (NNa),TSPA.csv,138,138,356428220,37994,2020,164,138 32 3 178 106 52 55 57 92 82 120 44 25 78 145 168 31 85 188 56 13 171 88 16 157 17 196 169 174 187 81 91 179 185 40 119 8 165 39 95 58 164 7 21 132 144 155 102 49 62 9 61 15 64 114 186 23 76 89 183 153 0 170 117 93 140 36 67 163 69 108 110 191 139 198 46 115 116 105 47 65 77 43 42 5 96 41 193 159 195 146 103 181 192 160 48 54 30 147 104 177 10 190 4 84 11 166 28 184 131 149 24 123 194 6 154 180 158 53 136 182 121 99 189 19 97 1 101 150 100 26 152 74 125 87 167 111 148 37 33 12 130 124 94 80 176 66 141 51 109 118 59 72 162 161 29 156 126 112 60 137 107 27 90
NearestNeighbor (NNa),TSPA.csv,139,139,356428221,37556,2552,161,139 191 110 193 41 96 5 42 43 77 105 116 65 47 131 149 24 123 194 6 154 180 158 53 136 182 121 99 189 19 97 1 101 150 100 26 152 74 125 87 2 82 120 44 25 78 145 168 31 85 188 56 13 171 88 16 157 17 196 169 174 187 81 91 179 55 52 106 178 3 32 138 14 155 144 102 49 62 9 61 15 64 114 186 23 76 89 183 153 0 170 117 93 140 36 67 163 69 108 68 46 198 115 59 118 109 51 66 141 60 72 162 161 133 80 12 130 124 111 167 33 37 185 40 119 8 165 39 95 58 164 71 27 107 90 70 29 156 126 112 4 84 11 166 28 184 147 104 177 10 190 54 30 48 160 192 181 146 103 22 159
NearestNeighbor (NNa),TSPA.csv,140,140,356428222,41255,3562,163,140 36 67 163 69 108 110 191 139 198 46 68 117 170 0 76 89 183 23 137 66 141 51 109 118 59 72 162 161 194 6 154 180 158 53 136 182 121 99 189 19 97 1 101 150 100 26 152 74 125 87 2 82 120 44 25 78 145 168 31 85 188 56 13 171 88 16 157 17 196 169 174 187 81 91 179 55 52 106 178 3 32 138 14 155 144 102 49 62 9 61 15 64 114 73 132 21 7 164 58 71 27 107 90 39 165 8 185 40 119 128 167 111 148 37 33 12 130 124 94 63 133 24 149 131 47 65 116 105 77 43 42 5 96 41 193 159 195 146 103 181 192 160 48 54 30 147 104 177 10 190 4 84 11 166 28 184 112 126 156 29 197 115
NearestNeighbor (NNa),TSPA.csv,141,141,356428223,38797,5822,159,63 182 136 53 158 180 173 6 194 161 162 72 59 118 109 51 60 46 198 139 191 110 193 41 96 5 42 43 77 105 116 65 47 131 149 24 29 156 126 112 4 84 11 166 28 184 147 104 177 10 190 54 30 48 160 192 181 146 103 22 159 199 18 69 108 67 163 36 140 93 117 170 0 183 89 76 23 186 114 64 15 61 62 9 33 37 148 111 167 172 129 82 120 44 25 78 145 168 31 85 188 56 13 171 88 16 157 17 196 169 174 187 81 91 179 55 52 106 178 3 32 138 14 155 144 102 49 21 7 164 58 71 27 107 90 39 165 8 185 40 119 87 125 74 152 97 1 101 150 100 26 121 99 189 19 94 124 130 12
NearestNeighbor (NNa),TSPA.csv,142,142,356428224,37489,2889,160,193 41 96 5 42 43 77 105 116 65 47 131 149 24 123 194 6 154 180 158 53 136 182 121 99 189 19 97 1 101 150 100 26 152 74 125 87 2 82 120 44 25 78 145 168 31 85 188 56 13 171 88 16 157 17 196 169 174 187 81 91 179 55 52 106 178 3 32 138 14 155 144 102 49 62 9 61 15 64 114 186 23 76 89 183 153 0 170 117 93 140 36 67 163 69 108 110 191 139 198 46 115 59 118 109 51 66 141 60 72 162 161 133 80 12 130 124 111 167 33 37 185 40 119 8 165 39 95 58 164 71 27 107 90 70 29 156 126 112 4 84 11 166 28 184 147 104 177 10 190 54 30 48 160 192 181 146 103 22 159
NearestNeighbor (NNa),TSPA.csv,143,143,356428225,39248,1306,158,0 117 93 140 36 67 163 69 108 110 191 139 198 46 115 116 105 47 65 77 43 42 5 96 41 193 159 195 146 103 181 192 160 48 54 30 147 104 177 10 190 4 84 11 166 28 184 131 149 24 123 194 6 154 180 158 53 136 182 121 99 189 19 97 1 101 150 100 26 152 74 125 87 2 82 120 44 25 78 145 168 31 85 188 56 13 171 88 16 157 17 196 169 174 187 81 91 179 55 52 106 178 3 32 138 14 155 144 102 49 62 9 61 15 64 114 186 23 76 89 183 137 66 141 51 109 118 59 72 162 161 133 130 12 124 111 167 33 37 185 40 119 8 165 39 95 58 164 71 27 107 90 70 29 156 126 112 60
NearestNeighbor (NNa),TSPA.csv,144,144,356428226,38792,273,164,144 155 102 49 32 3 178 106 52 55 57 92 82 120 44 25 78 145 168 31 85 188 56 13 171 88 16 157 17 196 169 174 187 81 91 179 185 40 119 8 165 39 95 58 164 7 21 132 73 64 114 186 23 76 89 183 153 0 170 117 93 140 36 67 163 69 108 110 191 139 198 46 115 116 105 47 65 77 43 42 5 96 41 193 159 195 146 103 181 192 160 48 54 30 147 104 177 10 190 4 84 11 166 28 184 131 149 24 123 194 6 154 180 158 53 136 182 121 99 189 19 97 1 101 150 100 26 152 74 125 87 167 111 148 37 33 9 62 61 15 137 66 141 51 109 118 59 72 162 161 133 130 12 124 94 70 29 156 126 112 138 107 27 90
NearestNeighbor (NNa),TSPA.csv,145,145,356428227,36746,3137,163,168 78 25 44 120 82 92 57 55 52 106 178 3 32 138 14 155 144 102 49 62 9 61 15 64 114 186 23 76 89 183 153 0 170 117 93 140 36 67 163 69 108 110 191 139 198 46 115 116 105 47 65 77 43 42 5 96 41 193 159 195 146 103 181 192 160 48 54 30 147 104 177 10 190 4 84 11 166 28 184 131 149 24 123 194 6 154 180 158 53 136 182 121 99 189 19 97 1 101 150 100 26 152 74 125 87 167 111 148 37 33 12 130 124 94 80 176 66 141 51 109 118 59 72 162 161 29 156 126 112 60 137 73 132 21 7 164 58 71 27 107 90 174 187 81 196 169 40 119 185 8 165 91 179 31 85 188 56 13 171 88 16 157
NearestNeighbor (NNa),TSPA.csv,146,146,356428228,41719,-53,157,146 103 195 159 193 41 191 139 198 46 68 140 36 67 163 69 18 20 22 181 192 160 48 54 30 147 104 177 10 190 4 84 11 166 28 184 77 105 116 65 47 131 149 24 123 194 6 154 180 158 53 136 182 121 99 189 19 97 1 101 150 100 26 152 74 125 87 2 82 120 44 25 78 145 168 31 85 188 56 13 171 88 16 157 17 196 169 174 187 81 91 179 55 52 106 178 3 32 138 14 155 144 102 49 62 9 61 15 64 114 186 23 76 89 183 153 0 60 118 59 72 109 51 66 176 80 133 162 161 29 156 126 112 42 5 96 115 12 130 124 111 167 33 37 185 40 119 8 165 39 95 58 164 71 27 107 90
NearestNeighbor (NNa),TSPA.csv,147,147,356428229,40216,3250,162,147 104 177 10 190 4 84 11 166 28 184 48 54 30 160 192 181 146 103 22 159 193 41 191 139 198 46 68 140 36 67 163 69 108 117 170 0 76 89 183 23 137 66 141 51 109 118 59 72 162 161 194 6 154 180 158 53 136 182 121 99 189 19 97 1 101 150 100 26 152 74 125 87 2 82 120 44 25 78 145 168 31 85 188 56 13 171 88 16 157 17 196 169 174 187 81 91 179 55 52 106 178 3 32 138 14 155 144 102 49 62 9 61 15 64 114 73 132 21 7 164 58 71 27 107 90 39 165 8 185 40 119 128 167 111 148 37 33 12 130 124 94 63 133 24 149 131 47 65 116 105 77 43 42 5 96 115 197 29 156 126 112
NearestNeighbor (NNa),TSPA.csv,148,148,356428230,38219,2900,165,37 33 9 62 61 102 49 32 3 178 106 52 55 57 92 82 120 44 25 78 145 168 31 85 188 56 13 171 88 16 157 17 196 169 174 187 81 91 179 185 40 119 8 165 39 95 58 164 7 21 132 144 155 14 138 128 167 111 124 94 130 12 63 182 136 53 158 180 173 6 194 161 162 133 80 176 66 141 51 109 118 59 72 60 46 198 139 191 110 193 41 96 5 42 43 77 105 116 65 47 131 149 24 29 156 126 112 4 84 11 166 28 184 147 104 177 10 190 54 30 48 160 192 181 146 103 22 159 199 18 69 108 67 163 36 140 93 117 170 0 183 89 76 23 186 114 64 15 189 19 99 121 100 26 97 1 101 150 152 74 125 87 90 107 27
NearestNeighbor (NNa),TSPA.csv,149,149,356428231,40787,481,165,149 131 47 65 116 105 77 43 42 5 96 41 193 159 195 146 103 22 20 18 69 108 67 163 36 140 93 117 170 0 46 198 139 191 110 115 59 118 109 51 66 141 60 72 162 161 194 6 154 180 158 53 136 182 121 99 189 19 97 1 101 150 100 26 152 74 125 87 2 82 120 44 25 78 145 168 31 85 188 56 13 171 88 16 157 17 196 169 174 187 81 91 179 55 52 106 178 3 32 138 14 155 144 102 49 62 9 61 15 64 114 186 23 76 89 183 137 176 80 133 24 35 11 166 28 184 84 4 112 126 156 29 127 70 94 124 130 12 111 167 33 37 185 40 119 8 165 39 95 58 164 71 27 107 90 192 160 48 54 30 147 104 177 10 190
NearestNeighbor (NNa),TSPA.csv,150,150,356428232,43614,-1245,166,150 101 1 97 26 100 121 99 189 19 152 74 125 87 2 82 120 44 25 78 145 168 31 85 188 56 13 171 88 16 157 17 196 169 174 187 81 91 179 55 52 106 178 3 32 138 14 155 144 102 49 62 9 61 15 64 114 186 23 76 89 183 153 0 170 117 93 140 36 67 163 69 108 110 191 139 198 46 115 116 105 47 65 77 43 42 5 96 41 193 159 195 146 103 181 192 160 48 54 30 147 104 177 10 190 4 84 11 166 28 184 131 149 24 123 194 6 154 180 158 53 136 182 63 80 176 66 141 51 109 118 59 72 162 161 133 94 124 130 12 111 167 33 37 185 40 119 8 165 39 95 58 164 7 21 132 73 137 60 126 156 29 70 90 107 27
NearestNeighbor (NNa),TSPA.csv,151,151,356428233,40057,2479,160,151 45 162 161 194 6 154 180 158 53 136 182 121 99 189 19 97 1 101 150 100 26 152 74 125 87 2 82 120 44 25 78 145 168 31 85 188 56 13 171 88 16 157 17 196 169 174 187 81 91 179 55 52 106 178 3 32 138 14 155 144 102 49 62 9 61 15 64 114 186 23 76 89 183 153 0 170 117 93 140 36 67 163 69 108 110 191 139 198 46 115 116 105 47 65 77 43 42 5 96 41 193 159 195 146 103 181 192 160 48 54 30 147 104 177 10 190 4 84 11 166 28 184 131 149 24 29 156 126 112 133 80 176 66 141 51 109 118 59 72 12 130 124 111 167 33 37 185 40 119 8 165 39 95 58 164 71 27 107 90
NearestNeighbor (NNa),TSPA.csv,152,152,356428234,39517,2240,166,152 74 125 87 1 97 26 100 121 99 189 19 94 124 130 12 111 167 33 37 9 62 61 102 49 32 3 178 106 52 55 57 92 82 120 44 25 78 145 168 31 85 188 56 13 171 88 16 157 17 196 169 174 187 81 91 179 185 40 119 8 165 39 95 58 164 7 21 132 144 155 14 138 172 101 150 86 53 158 180 173 6 194 161 162 133 63 182 136 80 176 66 141 51 109 118 59 72 60 46 198 139 191 110 193 41 96 5 42 43 77 105 116 65 47 131 149 24 29 156 126 112 4 84 11 166 28 184 147 104 177 10 190 54 30 48 160 192 181 146 103 22 159 199 18 69 108 67 163 36 140 93 117 170 0 183 89 76 23 186 114 64 15 107 27 90
NearestNeighbor (NNa),TSPA.csv,153,153,356428235,39017,1370,159,0 170 117 93 140 36 67 163 69 108 110 191 139 198 46 115 116 105 47 65 77 43 42 5 96 41 193 159 195 146 103 181 192 160 48 54 30 147 104 177 10 190 4 84 11 166 28 184 131 149 24 123 194 6 154 180 158 53 136 182 121 99 189 19 97 1 101 150 100 26 152 74 125 87 2 82 120 44 25 78 145 168 31 85 188 56 13 171 88 16 157 17 196 169 174 187 81 91 179 55 52 106 178 3 32 138 14 155 144 102 49 62 9 61 15 64 114 186 23 76 89 183 137 66 141 51 109 118 59 72 162 161 133 130 12 124 111 167 33 37 185 40 119 8 165 39 95 58 164 71 27 107 90 70 29 156 126 112 60
NearestNeighbor (NNa),TSPA.csv,154,154,356428236,42237,2402,159,180 173 6 194 161 162 133 63 182 136 53 158 121 99 189 19 97 1 101 150 100 26 152 74 125 87 2 82 120 44 25 78 145 168 31 85 188 56 13 171 88 16 157 17 196 169 174 187 81 91 179 55 52 106 178 3 32 138 14 155 144 102 49 62 9 61 15 64 114 186 23 76 89 183 153 0 170 117 93 140 36 67 163 69 108 110 191 139 198 46 115 116 105 47 65 77 43 42 5 96 41 193 159 195 146 103 181 192 160 48 54 30 147 104 177 10 190 4 84 11 166 28 184 131 149 24 29 156 126 112 59 118 109 51 66 141 60 72 176 130 12 124 111 167 33 37 185 40 119 8 165 39 95 58 164 7 90 107 27
NearestNeighbor (NNa),TSPA.csv,155,155,356428237,38804,280,164,155 144 102 49 32 3 178 106 52 55 57 92 82 120 44 25 78 145 168 31 85 188 56 13 171 88 16 157 17 196 169 174 187 81 91 179 185 40 119 8 165 39 95 58 164 7 21 132 73 64 114 186 23 76 89 183 153 0 170 117 93 140 36 67 163 69 108 110 191 139 198 46 115 116 105 47 65 77 43 42 5 96 41 193 159 195 146 103 181 192 160 48 54 30 147 104 177 10 190 4 84 11 166 28 184 131 149 24 123 194 6 154 180 158 53 136 182 121 99 189 19 97 1 101 150 100 26 152 74 125 87 167 111 148 37 33 9 62 61 15 137 66 141 51 109 118 59 72 162 161 133 130 12 124 94 70 29 156 126 112 138 107 27 90
NearestNeighbor (NNa),TSPA.csv,156,156,356428238,40231,3823,160,156 29 126 112 4 84 11 166 28 184 147 104 177 10 190 54 30 48 160 192 181 146 103 22 159 193 41 191 139 198 46 68 140 36 67 163 69 108 117 170 0 76 89 183 23 137 66 141 51 109 118 59 72 162 161 194 6 154 180 158 53 136 182 121 99 189 19 97 1 101 150 100 26 152 74 125 87 2 82 120 44 25 78 145 168 31 85 188 56 13 171 88 16 157 17 196 169 174 187 81 91 179 55 52 106 178 3 32 138 14 155 144 102 49 62 9 61 15 64 114 73 132 21 7 164 58 71 27 107 90 39 165 8 185 40 119 128 167 111 148 37 33 12 130 124 94 63 133 24 149 131 47 65 116 105 77 43 42 5 96
NearestNeighbor (NNa),TSPA.csv,157,157,356428239,36267,3668,163,157 31 85 188 56 13 171 88 16 25 44 120 82 92 57 55 52 106 178 3 32 138 14 155 144 102 49 62 9 61 15 64 114 186 23 76 89 183 153 0 170 117 93 140 36 67 163 69 108 110 191 139 198 46 115 116 105 47 65 77 43 42 5 96 41 193 159 195 146 103 181 192 160 48 54 30 147 104 177 10 190 4 84 11 166 28 184 131 149 24 123 194 6 154 180 158 53 136 182 121 99 189 19 97 1 101 150 100 26 152 74 125 87 167 111 148 37 33 12 130 124 94 80 176 66 141 51 109 118 59 72 162 161 29 156 126 112 60 137 73 132 21 7 164 58 71 27 107 90 174 187 81 196 169 40 119 185 8 165 91 179 145 168
NearestNeighbor (NNa),TSPA.csv,158,158,356428240,41806,-2121,164,158 53 136 182 121 99 189 19 97 1 101 150 100 26 152 74 125 87 2 82 120 44 25 78 145 168 31 85 188 56 13 171 88 16 157 17 196 169 174 187 81 91 179 55 52 106 178 3 32 138 14 155 144 102 49 62 9 61 15 64 114 186 23 76 89 183 153 0 170 117 93 140 36 67 163 69 108 110 191 139 198 46 115 116 105 47 65 77 43 42 5 96 41 193 159 195 146 103 181 192 160 48 54 30 147 104 177 10 190 4 84 11 166 28 184 131 149 24 123 194 6 154 180 173 133 162 161 72 59 118 109 51 66 176 80 94 124 130 12 111 167 33 37 185 40 119 8 165 39 95 58 164 7 21 132 73 137 29 156 126 112 90 107 27
NearestNeighbor (NNa),TSPA.csv,159,159,356428241,41179,576,155,193 41 191 139 198 46 68 140 36 67 163 69 18 20 22 146 103 181 192 160 48 54 30 147 104 177 10 190 4 84 11 166 28 184 77 105 116 65 47 131 149 24 123 194 6 154 180 158 53 136 182 121 99 189 19 97 1 101 150 100 26 152 74 125 87 2 82 120 44 25 78 145 168 31 85 188 56 13 171 88 16 157 17 196 169 174 187 81 91 179 55 52 106 178 3 32 138 14 155 144 102 49 62 9 61 15 64 114 186 23 76 89 183 153 0 60 118 59 72 109 51 66 176 80 133 162 161 29 156 126 112 42 5 96 115 12 130 124 111 167 33 37 185 40 119 8 165 39 95 58 164 71 27 107 90
NearestNeighbor (NNa),TSPA.csv,160,160,356428242,41121,4305,160,160 192 181 146 103 22 159 193 41 191 139 198 46 68 140 36 67 163 69 108 117 170 0 76 89 183 23 137 66 141 51 109 118 59 72 162 161 194 6 154 180 158 53 136 182 121 99 189 19 97 1 101 150 100 26 152 74 125 87 2 82 120 44 25 78 145 168 31 85 188 56 13 171 88 16 157 17 196 169 174 187 81 91 179 55 52 106 178 3 32 138 14 155 144 102 49 62 9 61 15 64 114 73 132 21 7 164 58 71 27 107 90 39 165 8 185 40 119 128 167 111 148 37 33 12 130 124 94 63 133 24 149 131 47 65 116 105 77 43 42 5 96 166 28 184 11 84 4 112 126 156 29 190 10 177 104 147 54 30 48
NearestNeighbor (NNa),TSPA.csv,161,161,356428243,39363,1383,162,161 162 133 63 182 136 53 158 180 173 6 194 123 24 149 131 47 65 116 105 77 43 42 5 96 41 193 159 195 146 103 22 20 18 69 108 67 163 36 140 93 117 170 0 46 198 139 191 110 115 59 118 109 51 66 141 60 72 176 130 12 124 94 189 19 99 121 100 26 97 1 101 150 152 74 125 87 2 82 120 44 25 78 145 168 31 85 188 56 13 171 88 16 157 17 196 169 174 187 81 91 179 55 52 106 178 3 32 138 14 155 144 102 49 62 9 61 15 64 114 186 23 76 89 183 148 37 33 167 185 40 119 8 165 39 95 58 164 71 27 107 90 29 156 126 112 4 84 11 166 28 184 147 104 177 10 190 54 30 48 160 192
NearestNeighbor (NNa),TSPA.csv,162,162,356428244,42473,2694,157,162 161 194 6 154 180 158 53 136 182 121 99 189 19 97 1 101 150 100 26 152 74 125 87 2 82 120 44 25 78 145 168 31 85 188 56 13 171 88 16 157 17 196 169 174 187 81 91 179 55 52 106 178 3 32 138 14 155 144 102 49 62 9 61 15 64 114 186 23 76 89 183 153 0 170 117 93 140 36 67 163 69 108 110 191 139 198 46 115 116 105 47 65 77 43 42 5 96 41 193 159 195 146 103 181 192 160 48 54 30 147 104 177 10 190 4 84 11 166 28 184 131 149 24 29 156 126 112 72 59 118 109 51 66 176 80 94 124 130 12 111 167 33 37 185 40 119 8 165 39 95 58 164 7 90 107 27
NearestNeighbor (NNa),TSPA.csv,163,163,356428245,40764,4205,163,163 67 108 69 18 20 22 146 103 195 159 193 41 191 139 198 46 68 140 93 117 170 0 76 89 183 23 137 66 141 51 109 118 59 72 162 161 194 6 154 180 158 53 136 182 121 99 189 19 97 1 101 150 100 26 152 74 125 87 2 82 120 44 25 78 145 168 31 85 188 56 13 171 88 16 157 17 196 169 174 187 81 91 179 55 52 106 178 3 32 138 14 155 144 102 49 62 9 61 15 64 114 73 132 21 7 164 58 71 27 107 90 39 165 8 185 40 119 128 167 111 148 37 33 12 130 124 94 63 133 24 149 131 47 65 116 105 77 43 42 5 96 166 28 184 11 84 4 112 126 156 29 190 10 177 104 147 54 30 48 160 192 181
NearestNeighbor (NNa),TSPA.csv,164,164,356428246,37012,2688,165,164 58 71 27 107 90 174 187 81 196 169 40 119 185 8 165 39 95 7 21 132 144 155 102 49 32 3 178 106 52 55 57 92 82 120 44 25 78 145 168 31 85 188 56 13 171 88 16 157 91 179 172 167 111 148 37 33 9 62 61 15 64 114 186 23 76 89 183 153 0 170 117 93 140 36 67 163 69 108 110 191 139 198 46 115 116 105 47 65 77 43 42 5 96 41 193 159 195 146 103 181 192 160 48 54 30 147 104 177 10 190 4 84 11 166 28 184 131 149 24 123 194 6 154 180 158 53 136 182 121 99 189 19 97 1 101 150 100 26 152 74 125 87 124 94 130 12 176 66 141 51 109 118 59 72 162 161 29 156 126 112 60 137 14 138
NearestNeighbor (NNa),TSPA.csv,165,165,356428247,37354,2628,164,165 8 185 40 119 174 187 81 196 169 91 179 145 168 78 25 44 120 82 92 57 55 52 106 178 3 32 138 14 155 144 102 49 62 9 61 15 64 114 186 23 76 89 183 153 0 170 117 93 140 36 67 163 69 108 110 191 139 198 46 115 116 105 47 65 77 43 42 5 96 41 193 159 195 146 103 181 192 160 48 54 30 147 104 177 10 190 4 84 11 166 28 184 131 149 24 123 194 6 154 180 158 53 136 182 121 99 189 19 97 1 101 150 100 26 152 74 125 87 167 111 148 37 33 12 130 124 94 80 176 66 141 51 109 118 59 72 162 161 29 156 126 112 60 137 73 132 21 7 164 58 71 27 107 90 157 31 85 188 56 13 171 88 16
NearestNeighbor (NNa),TSPA.csv,166,166,356428248,39188,2328,162,166 28 184 11 84 4 112 126 156 29 24 149 131 47 65 116 105 77 43 42 5 96 41 193 159 195 146 103 22 20 18 69 108 67 163 36 140 93 117 170 0 46 198 139 191 110 115 59 118 109 51 66 141 60 72 162 161 194 6 154 180 158 53 136 182 121 99 189 19 97 1 101 150 100 26 152 74 125 87 2 82 120 44 25 78 145 168 31 85 188 56 13 171 88 16 157 17 196 169 174 187 81 91 179 55 52 106 178 3 32 138 14 155 144 102 49 62 9 61 15 64 114 186 23 76 89 183 137 176 80 94 124 130 12 111 167 33 37 185 40 119 8 165 39 95 58 164 71 27 107 90 70 190 10 177 104 147 54 30 48 160 192
NearestNeighbor (NNa),TSPA.csv,167,167,356428249,38837,3377,166,167 111 148 37 33 9 62 61 102 49 32 3 178 106 52 55 57 92 82 120 44 25 78 145 168 31 85 188 56 13 171 88 16 157 17 196 169 174 187 81 91 179 185 40 119 8 165 39 95 58 164 7 21 132 144 155 14 138 172 87 125 74 152 97 1 101 150 100 26 121 99 189 19 94 124 130 12 63 182 136 53 158 180 173 6 194 161 162 133 80 176 66 141 51 109 118 59 72 60 46 198 139 191 110 193 41 96 5 42 43 77 105 116 65 47 131 149 24 29 156 126 112 4 84 11 166 28 184 147 104 177 10 190 54 30 48 160 192 181 146 103 22 159 199 18 69 108 67 163 36 140 93 117 170 0 183 89 76 23 186 114 64 15 90 107 27
NearestNeighbor (NNa),TSPA.csv,168,168,356428250,36631,3171,164,168 145 78 25 44 120 82 92 57 55 52 106 178 3 32 138 14 155 144 102 49 62 9 61 15 64 114 186 23 76 89 183 153 0 170 117 93 140 36 67 163 69 108 110 191 139 198 46 115 116 105 47 65 77 43 42 5 96 41 193 159 195 146 103 181 192 160 48 54 30 147 104 177 10 190 4 84 11 166 28 184 131 149 24 123 194 6 154 180 158 53 136 182 121 99 189 19 97 1 101 150 100 26 152 74 125 87 167 111 148 37 33 12 130 124 94 80 176 66 141 51 109 118 59 72 162 161 29 156 126 112 60 137 73 132 21 7 164 58 71 27 107 90 174 187 81 196 169 40 119 185 8 165 91 179 31 85 188 56 13 171 88 16 157
NearestNeighbor (NNa),TSPA.csv,169,169,356428251,36363,3421,164,169 196 17 157 31 85 188 56 13 171 88 16 25 44 120 82 92 57 55 52 106 178 3 32 138 14 155 144 102 49 62 9 61 15 64 114 186 23 76 89 183 153 0 170 117 93 140 36 67 163 69 108 110 191 139 198 46 115 116 105 47 65 77 43 42 5 96 41 193 159 195 146 103 181 192 160 48 54 30 147 104 177 10 190 4 84 11 166 28 184 131 149 24 123 194 6 154 180 158 53 136 182 121 99 189 19 97 1 101 150 100 26 152 74 125 87 167 111 148 37 33 12 130 124 94 80 176 66 141 51 109 118 59 72 162 161 29 156 126 112 60 137 73 132 21 7 164 58 71 27 107 90 174 187 81 168 145 179 91 185 40 119 8 165
NearestNeighbor (NNa),TSPA.csv,170,170,356428252,39127,1306,158,0 117 93 140 36 67 163 69 108 110 191 139 198 46 115 116 105 47 65 77 43 42 5 96 41 193 159 195 146 103 181 192 160 48 54 30 147 104 177 10 190 4 84 11 166 28 184 131 149 24 123 194 6 154 180 158 53 136 182 121 99 189 19 97 1 101 150 100 26 152 74 125 87 2 82 120 44 25 78 145 168 31 85 188 56 13 171 88 16 157 17 196 169 174 187 81 91 179 55 52 106 178 3 32 138 14 155 144 102 49 62 9 61 15 64 114 186 23 76 89 183 137 66 141 51 109 118 59 72 162 161 133 130 12 124 111 167 33 37 185 40 119 8 165 39 95 58 164 71 27 107 90 70 29 156 126 112 60
NearestNeighbor (NNa),TSPA.csv,171,171,356428253,39043,3335,165,171 113 56 13 31 157 17 196 169 174 187 81 168 145 78 25 44 120 82 92 57 55 52 106 178 3 32 138 14 155 144 102 49 62 9 61 15 64 114 186 23 76 89 183 153 0 170 117 93 140 36 67 163 69 108 110 191 139 198 46 115 116 105 47 65 77 43 42 5 96 41 193 159 195 146 103 181 192 160 48 54 30 147 104 177 10 190 4 84 11 166 28 184 131 149 24 123 194 6 154 180 158 53 136 182 121 99 189 19 97 1 101 150 100 26 152 74 125 87 167 111 148 37 33 12 130 124 94 80 176 66 141 51 109 118 59 72 162 161 29 156 126 112 60 137 73 132 21 7 164 58 71 27 107 90 39 165 8 185 40 119 91 179 16 88
NearestNeighbor (NNa),TSPA.csv,172,172,356428254,38118,2110,164,167 111 148 37 33 9 62 61 102 49 32 3 178 106 52 55 57 92 82 120 44 25 78 145 168 31 85 188 56 13 171 88 16 157 17 196 169 174 187 81 91 179 185 40 119 8 165 39 95 58 164 7 21 132 144 155 14 138 107 27 90 15 64 114 186 23 76 89 183 153 0 170 117 93 140 36 67 163 69 108 110 191 139 198 46 115 116 105 47 65 77 43 42 5 96 41 193 159 195 146 103 181 192 160 48 54 30 147 104 177 10 190 4 84 11 166 28 184 131 149 24 123 194 6 154 180 158 53 136 182 121 99 189 19 97 1 101 150 100 26 152 74 125 87 124 94 130 12 176 66 141 51 109 118 59 72 162 161 29 156 126 112 60 137
NearestNeighbor (NNa),TSPA.csv,173,173,356428255,42230,2351,159,180 154 6 194 161 162 133 63 182 136 53 158 121 99 189 19 97 1 101 150 100 26 152 74 125 87 2 82 120 44 25 78 145 168 31 85 188 56 13 171 88 16 157 17 196 169 174 187 81 91 179 55 52 106 178 3 32 138 14 155 144 102 49 62 9 61 15 64 114 186 23 76 89 183 153 0 170 117 93 140 36 67 163 69 108 110 191 139 198 46 115 116 105 47 65 77 43 42 5 96 41 193 159 195 146 103 181 192 160 48 54 30 147 104 177 10 190 4 84 11 166 28 184 131 149 24 29 156 126 112 59 118 109 51 66 141 60 72 176 130 12 124 111 167 33 37 185 40 119 8 165 39 95 58 164 7 90 107 27
NearestNeighbor (NNa),TSPA.csv,174,174,356428256,37509,2708,164,174 187 81 196 169 40 119 185 8 165 39 95 58 164 7 21 132 144 155 102 49 32 3 178 106 52 55 57 92 82 120 44 25 78 145 168 31 85 188 56 13 171 88 16 157 91 179 172 167 111 148 37 33 9 62 61 15 64 114 186 23 76 89 183 153 0 170 117 93 140 36 67 163 69 108 110 191 139 198 46 115 116 105 47 65 77 43 42 5 96 41 193 159 195 146 103 181 192 160 48 54 30 147 104 177 10 190 4 84 11 166 28 184 131 149 24 123 194 6 154 180 158 53 136 182 121 99 189 19 97 1 101 150 100 26 152 74 125 87 124 94 130 12 176 66 141 51 109 118 59 72 162 161 29 156 126 112 60 137 14 138 107 27 90
NearestNeighbor (NNa),TSPA.csv,175,175,356428257,38004,3182,165,171 88 16 13 56 188 31 157 17 196 169 174 187 81 168 145 78 25 44 120 82 92 57 55 52 106 178 3 32 138 14 155 144 102 49 62 9 61 15 64 114 186 23 76 89 183 153 0 170 117 93 140 36 67 163 69 108 110 191 139 198 46 115 116 105 47 65 77 43 42 5 96 41 193 159 195 146 103 181 192 160 48 54 30 147 104 177 10 190 4 84 11 166 28 184 131 149 24 123 194 6 154 180 158 53 136 182 121 99 189 19 97 1 101 150 100 26 152 74 125 87 167 111 148 37 33 12 130 124 94 80 176 66 141 51 109 118 59 72 162 161 29 156 126 112 60 137 73 132 21 7 164 58 71 27 107 90 39 165 8 185 40 119 91 179
NearestNeighbor (NNa),TSPA.csv,176,176,356428258,38449,5971,161,63 182 136 53 158 180 173 6 194 161 162 72 59 118 109 51 66 141 60 46 198 139 191 110 193 41 96 5 42 43 77 105 116 65 47 131 149 24 29 156 126 112 4 84 11 166 28 184 147 104 177 10 190 54 30 48 160 192 181 146 103 22 159 199 18 69 108 67 163 36 140 93 117 170 0 183 89 76 23 186 114 64 15 61 62 9 33 37 148 111 167 172 129 82 120 44 25 78 145 168 31 85 188 56 13 171 88 16 157 17 196 169 174 187 81 91 179 55 52 106 178 3 32 138 14 155 144 102 49 21 7 164 58 71 27 107 90 39 165 8 185 40 119 87 125 74 152 97 1 101 150 100 26 121 99 189 19 94 124 130 12
NearestNeighbor (NNa),TSPA.csv,177,177,356428259,41682,4305,160,177 104 147 54 30 48 160 192 181 146 103 22 159 193 41 191 139 198 46 68 140 36 67 163 69 108 117 170 0 76 89 183 23 137 66 141 51 109 118 59 72 162 161 194 6 154 180 158 53 136 182 121 99 189 19 97 1 101 150 100 26 152 74 125 87 2 82 120 44 25 78 145 168 31 85 188 56 13 171 88 16 157 17 196 169 174 187 81 91 179 55 52 106 178 3 32 138 14 155 144 102 49 62 9 61 15 64 114 73 132 21 7 164 58 71 27 107 90 39 165 8 185 40 119 128 167 111 148 37 33 12 130 124 94 63 133 24 149 131 47 65 116 105 77 43 42 5 96 166 28 184 11 84 4 112 126 156 29 190 10
NearestNeighbor (NNa),TSPA.csv,178,178,356428260,38444,1764,162,178 3 32 138 14 155 144 102 49 62 9 61 15 64 114 186 23 76 89 183 153 0 170 117 93 140 36 67 163 69 108 110 191 139 198 46 115 116 105 47 65 77 43 42 5 96 41 193 159 195 146 103 181 192 160 48 54 30 147 104 177 10 190 4 84 11 166 28 184 131 149 24 123 194 6 154 180 158 53 136 182 121 99 189 19 97 1 101 150 100 26 152 74 125 87 2 82 120 44 25 78 145 168 31 85 188 56 13 171 88 16 157 17 196 169 174 187 81 91 179 55 52 185 40 119 8 165 39 95 58 164 7 21 132 33 37 148 111 167 124 94 130 12 176 66 141 51 109 118 59 72 162 161 29 156 126 112 60 137 107 27 90
NearestNeighbor (NNa),TSPA.csv,179,179,356428261,36724,3066,164,179 91 145 168 78 25 44 120 82 92 57 55 52 106 178 3 32 138 14 155 144 102 49 62 9 61 15 64 114 186 23 76 89 183 153 0 170 117 93 140 36 67 163 69 108 110 191 139 198 46 115 116 105 47 65 77 43 42 5 96 41 193 159 195 146 103 181 192 160 48 54 30 147 104 177 10 190 4 84 11 166 28 184 131 149 24 123 194 6 154 180 158 53 136 182 121 99 189 19 97 1 101 150 100 26 152 74 125 87 167 111 148 37 33 12 130 124 94 80 176 66 141 51 109 118 59 72 162 161 29 156 126 112 60 137 73 132 21 7 164 58 71 27 107 90 174 187 81 196 169 40 119 185 8 165 157 31 85 188 56 13 171 88 16
NearestNeighbor (NNa),TSPA.csv,180,180,356428262,42175,2402,159,180 173 6 194 161 162 133 63 182 136 53 158 121 99 189 19 97 1 101 150 100 26 152 74 125 87 2 82 120 44 25 78 145 168 31 85 188 56 13 171 88 16 157 17 196 169 174 187 81 91 179 55 52 106 178 3 32 138 14 155 144 102 49 62 9 61 15 64 114 186 23 76 89 183 153 0 170 117 93 140 36 67 163 69 108 110 191 139 198 46 115 116 105 47 65 77 43 42 5 96 41 193 159 195 146 103 181 192 160 48 54 30 147 104 177 10 190 4 84 11 166 28 184 131 149 24 29 156 126 112 59 118 109 51 66 141 60 72 176 130 12 124 111 167 33 37 185 40 119 8 165 39 95 58 164 7 90 107 27
NearestNeighbor (NNa),TSPA.csv,181,181,356428263,37493,2414,159,181 192 160 48 54 30 147 104 177 10 190 4 84 11 166 28 184 77 105 116 65 47 131 149 24 123 194 6 154 180 158 53 136 182 121 99 189 19 97 1 101 150 100 26 152 74 125 87 2 82 120 44 25 78 145 168 31 85 188 56 13 171 88 16 157 17 196 169 174 187 81 91 179 55 52 106 178 3 32 138 14 155 144 102 49 62 9 61 15 64 114 186 23 76 89 183 153 0 170 117 93 140 36 67 163 69 108 110 191 139 198 46 115 59 118 109 51 66 141 60 72 162 161 133 80 12 130 124 111 167 33 37 185 40 119 8 165 39 95 58 164 71 27 107 90 70 29 156 126 112 42 5 96 41 193 159 195 146 103
NearestNeighbor (NNa),TSPA.csv,182,182,356428264,37988,5555,163,182 136 53 158 180 173 6 194 161 162 133 80 176 66 141 51 109 118 59 72 60 46 198 139 191 110 193 41 96 5 42 43 77 105 116 65 47 131 149 24 29 156 126 112 4 84 11 166 28 184 147 104 177 10 190 54 30 48 160 192 181 146 103 22 159 199 18 69 108 67 163 36 140 93 117 170 0 183 89 76 23 186 114 64 15 61 62 9 33 37 148 111 167 172 129 82 120 44 25 78 145 168 31 85 188 56 13 171 88 16 157 17 196 169 174 187 81 91 179 55 52 106 178 3 32 138 14 155 144 102 49 21 7 164 58 71 27 107 90 39 165 8 185 40 119 87 125 74 152 97 1 101 150 100 26 121 99 189 19 94 124 130 12
NearestNeighbor (NNa),TSPA.csv,183,183,356428265,39075,5618,164,183 89 76 23 186 114 64 15 61 62 9 33 37 148 111 167 172 129 82 120 44 25 78 145 168 31 85 188 56 13 171 88 16 157 17 196 169 174 187 81 91 179 55 52 106 178 3 32 138 14 155 144 102 49 21 7 164 58 71 27 107 90 39 165 8 185 40 119 87 125 74 152 97 1 101 150 100 26 121 99 189 19 94 124 130 12 63 182 136 53 158 180 173 6 194 161 162 133 80 176 66 141 51 109 118 59 72 60 46 198 139 191 110 193 41 96 5 42 43 77 105 116 65 47 131 149 24 29 156 126 112 4 84 11 166 28 184 147 104 177 10 190 54 30 48 160 192 181 146 103 22 159 199 18 69 108 67 163 36 140 93 117 170 0
NearestNeighbor (NNa),TSPA.csv,184,184,356428266,39175,2412,161,184 28 166 11 84 4 112 126 156 29 24 149 131 47 65 116 105 77 43 42 5 96 41 193 159 195 146 103 22 20 18 69 108 67 163 36 140 93 117 170 0 46 198 139 191 110 115 59 118 109 51 66 141 60 72 162 161 194 6 154 180 158 53 136 182 121 99 189 19 97 1 101 150 100 26 152 74 125 87 2 82 120 44 25 78 145 168 31 85 188 56 13 171 88 16 157 17 196 169 174 187 81 91 179 55 52 106 178 3 32 138 14 155 144 102 49 62 9 61 15 64 114 186 23 76 89 183 137 176 80 94 124 130 12 111 167 33 37 185 40 119 8 165 39 95 58 164 71 27 107 90 70 190 10 177 104 147 54 30 48 160
NearestNeighbor (NNa),TSPA.csv,185,185,356428267,37573,2534,164,40 119 8 165 39 95 58 164 7 21 132 144 155 102 49 32 3 178 106 52 55 57 92 82 120 44 25 78 145 168 31 85 188 56 13 171 88 16 157 17 196 169 174 187 81 91 179 172 167 111 148 37 33 9 62 61 15 64 114 186 23 76 89 183 153 0 170 117 93 140 36 67 163 69 108 110 191 139 198 46 115 116 105 47 65 77 43 42 5 96 41 193 159 195 146 103 181 192 160 48 54 30 147 104 177 10 190 4 84 11 166 28 184 131 149 24 123 194 6 154 180 158 53 136 182 121 99 189 19 97 1 101 150 100 26 152 74 125 87 124 94 130 12 176 66 141 51 109 118 59 72 162 161 29 156 126 112 60 137 14 138 107 27 90
NearestNeighbor (NNa),TSPA.csv,186,186,356428268,38837,5381,163,76 89 183 83 114 64 15 61 62 9 33 37 148 111 167 172 129 82 120 44 25 78 145 168 31 85 188 56 13 171 88 16 157 17 196 169 174 187 81 91 179 55 52 106 178 3 32 138 14 155 144 102 49 21 7 164 58 71 27 107 90 39 165 8 185 40 119 87 125 74 152 97 1 101 150 100 26 121 99 189 19 94 124 130 12 63 182 136 53 158 180 173 6 194 161 162 133 80 176 66 141 51 109 118 59 72 60 46 198 139 191 110 193 41 96 5 42 43 77 105 116 65 47 131 149 24 29 156 126 112 4 84 11 166 28 184 147 104 177 10 190 54 30 48 160 192 181 146 103 22 159 199 18 69 108 67 163 36 140 93 117 170 0
NearestNeighbor (NNa),TSPA.csv,187,187,356428269,37253,3594,165,187 81 174 169 196 17 157 31 85 188 56 13 171 88 16 25 44 120 82 92 57 55 52 106 178 3 32 138 14 155 144 102 49 62 9 61 15 64 114 186 23 76 89 183 153 0 170 117 93 140 36 67 163 69 108 110 191 139 198 46 115 116 105 47 65 77 43 42 5 96 41 193 159 195 146 103 181 192 160 48 54 30 147 104 177 10 190 4 84 11 166 28 184 131 149 24 123 194 6 154 180 158 53 136 182 121 99 189 19 97 1 101 150 100 26 152 74 125 87 167 111 148 37 33 12 130 124 94 80 176 66 141 51 109 118 59 72 162 161 29 156 126 112 60 137 73 132 21 7 164 58 71 27 107 90 39 165 8 185 40 119 91 179 145 168
NearestNeighbor (NNa),TSPA.csv,188,188,356428270,37673,3226,167,188 85 13 56 113 171 88 16 31 157 17 196 169 174 187 81 168 145 78 25 44 120 82 92 57 55 52 106 178 3 32 138 14 155 144 102 49 62 9 61 15 64 114 186 23 76 89 183 153 0 170 117 93 140 36 67 163 69 108 110 191 139 198 46 115 116 105 47 65 77 43 42 5 96 41 193 159 195 146 103 181 192 160 48 54 30 147 104 177 10 190 4 84 11 166 28 184 131 149 24 123 194 6 154 180 158 53 136 182 121 99 189 19 97 1 101 150 100 26 152 74 125 87 167 111 148 37 33 12 130 124 94 80 176 66 141 51 109 118 59 72 162 161 29 156 126 112 60 137 73 132 21 7 164 58 71 27 107 90 39 165 8 185 40 119 91 179
NearestNeighbor (NNa),TSPA.csv,189,189,356428271,37710,5424,162,189 19 99 121 182 136 53 158 180 173 6 194 161 162 133 80 176 66 141 51 109 118 59 72 60 46 198 139 191 110 193 41 96 5 42 43 77 105 116 65 47 131 149 24 29 156 126 112 4 84 11 166 28 184 147 104 177 10 190 54 30 48 160 192 181 146 103 22 159 199 18 69 108 67 163 36 140 93 117 170 0 183 89 76 23 186 114 64 15 61 62 9 33 37 148 111 167 172 129 82 120 44 25 78 145 168 31 85 188 56 13 171 88 16 157 17 196 169 174 187 81 91 179 55 52 106 178 3 32 138 14 155 144 102 49 21 7 164 58 71 27 107 90 39 165 8 185 40 119 87 125 74 152 97 1 101 150 100 26 94 130 12
NearestNeighbor (NNa),TSPA.csv,190,190,356428272,39391,4305,160,190 10 177 104 147 54 30 48 160 192 181 146 103 22 159 193 41 191 139 198 46 68 140 36 67 163 69 108 117 170 0 76 89 183 23 137 66 141 51 109 118 59 72 162 161 194 6 154 180 158 53 136 182 121 99 189 19 97 1 101 150 100 26 152 74 125 87 2 82 120 44 25 78 145 168 31 85 188 56 13 171 88 16 157 17 196 169 174 187 81 91 179 55 52 106 178 3 32 138 14 155 144 102 49 62 9 61 15 64 114 73 132 21 7 164 58 71 27 107 90 39 165 8 185 40 119 128 167 111 148 37 33 12 130 124 94 63 133 24 149 131 47 65 116 105 77 43 42 5 96 166 28 184 11 84 4 112 126 156 29
NearestNeighbor (NNa),TSPA.csv,191,191,356428273,37553,2579,161,191 139 110 193 41 96 5 42 43 77 105 116 65 47 131 149 24 123 194 6 154 180 158 53 136 182 121 99 189 19 97 1 101 150 100 26 152 74 125 87 2 82 120 44 25 78 145 168 31 85 188 56 13 171 88 16 157 17 196 169 174 187 81 91 179 55 52 106 178 3 32 138 14 155 144 102 49 62 9 61 15 64 114 186 23 76 89 183 153 0 170 117 93 140 36 67 163 69 108 68 46 198 115 59 118 109 51 66 141 60 72 162 161 133 80 12 130 124 111 167 33 37 185 40 119 8 165 39 95 58 164 71 27 107 90 70 29 156 126 112 4 84 11 166 28 184 147 104 177 10 190 54 30 48 160 192 181 146 103 22 159
NearestNeighbor (NNa),TSPA.csv,192,192,356428274,37545,2414,159,192 160 48 54 30 147 104 177 10 190 4 84 11 166 28 184 77 105 116 65 47 131 149 24 123 194 6 154 180 158 53 136 182 121 99 189 19 97 1 101 150 100 26 152 74 125 87 2 82 120 44 25 78 145 168 31 85 188 56 13 171 88 16 157 17 196 169 174 187 81 91 179 55 52 106 178 3 32 138 14 155 144 102 49 62 9 61 15 64 114 186 23 76 89 183 153 0 170 117 93 140 36 67 163 69 108 110 191 139 198 46 115 59 118 109 51 66 141 60 72 162 161 133 80 12 130 124 111 167 33 37 185 40 119 8 165 39 95 58 164 71 27 107 90 70 29 156 126 112 42 5 96 41 193 159 195 146 103 181
NearestNeighbor (NNa),TSPA.csv,193,193,356428275,40041,1222,160,193 41 159 195 146 103 22 20 18 69 108 67 163 36 140 93 117 170 0 46 198 139 191 110 115 116 105 47 65 77 43 42 5 96 192 160 48 54 30 147 104 177 10 190 4 84 11 166 28 184 131 149 24 123 194 6 154 180 158 53 136 182 121 99 189 19 97 1 101 150 100 26 152 74 125 87 2 82 120 44 25 78 145 168 31 85 188 56 13 171 88 16 157 17 196 169 174 187 81 91 179 55 52 106 178 3 32 138 14 155 144 102 49 62 9 61 15 64 114 186 23 76 89 183 137 66 141 51 109 118 59 72 162 161 133 130 12 124 111 167 33 37 185 40 119 8 165 39 95 58 164 71 27 107 90 70 29 156 126 112
NearestNeighbor (NNa),TSPA.csv,194,194,356428276,39837,2908,157,6 154 180 158 53 136 182 121 99 189 19 97 1 101 150 100 26 152 74 125 87 2 82 120 44 25 78 145 168 31 85 188 56 13 171 88 16 157 17 196 169 174 187 81 91 179 55 52 106 178 3 32 138 14 155 144 102 49 62 9 61 15 64 114 186 23 76 89 183 153 0 170 117 93 140 36 67 163 69 108 110 191 139 198 46 115 116 105 47 65 77 43 42 5 96 41 193 159 195 146 103 181 192 160 48 54 30 147 104 177 10 190 4 84 11 166 28 184 131 149 24 29 156 126 112 161 162 133 80 176 66 141 51 109 118 59 72 12 130 124 111 167 33 37 185 40 119 8 165 39 95 58 164 71 27 107 90
NearestNeighbor (NNa),TSPA.csv,195,195,356428277,41209,4305,160,146 103 22 159 193 41 191 139 198 46 68 140 36 67 163 69 108 117 170 0 76 89 183 23 137 66 141 51 109 118 59 72 162 161 194 6 154 180 158 53 136 182 121 99 189 19 97 1 101 150 100 26 152 74 125 87 2 82 120 44 25 78 145 168 31 85 188 56 13 171 88 16 157 17 196 169 174 187 81 91 179 55 52 106 178 3 32 138 14 155 144 102 49 62 9 61 15 64 114 73 132 21 7 164 58 71 27 107 90 39 165 8 185 40 119 128 167 111 148 37 33 12 130 124 94 63 133 24 149 131 47 65 116 105 77 43 42 5 96 166 28 184 11 84 4 112 126 156 29 190 10 177 104 147 54 30 48 160 192 181
NearestNeighbor (NNa),TSPA.csv,196,196,356428278,37272,3748,165,196 169 174 187 81 17 157 31 85 188 56 13 171 88 16 25 44 120 82 92 57 55 52 106 178 3 32 138 14 155 144 102 49 62 9 61 15 64 114 186 23 76 89 183 153 0 170 117 93 140 36 67 163 69 108 110 191 139 198 46 115 116 105 47 65 77 43 42 5 96 41 193 159 195 146 103 181 192 160 48 54 30 147 104 177 10 190 4 84 11 166 28 184 131 149 24 123 194 6 154 180 158 53 136 182 121 99 189 19 97 1 101 150 100 26 152 74 125 87 167 111 148 37 33 12 130 124 94 80 176 66 141 51 109 118 59 72 162 161 29 156 126 112 60 137 73 132 21 7 164 58 71 27 107 90 39 165 8 185 40 119 91 179 145 168
NearestNeighbor (NNa),TSPA.csv,197,197,356428279,39741,3080,161,116 105 47 65 77 43 42 5 96 41 193 159 195 146 103 22 20 18 69 108 67 163 36 140 93 117 170 0 46 198 139 191 110 115 118 59 72 109 51 66 176 80 63 182 136 53 158 180 173 6 194 161 24 149 131 166 28 184 11 84 4 112 126 156 29 190 10 177 104 147 54 30 48 160 192 183 89 76 23 186 114 64 15 61 62 9 33 37 148 111 167 172 129 82 120 44 25 78 145 168 31 85 188 56 13 171 88 16 157 17 196 169 174 187 81 91 179 55 52 106 178 3 32 138 14 155 144 102 49 21 7 164 58 71 27 107 90 39 165 8 185 40 119 87 125 74 152 97 1 101 150 100 26 121 99 189 19 94 124 130 12
NearestNeighbor (NNa),TSPA.csv,198,198,356428280,37734,2430,160,139 191 110 193 41 96 5 42 43 77 105 116 65 47 131 149 24 123 194 6 154 180 158 53 136 182 121 99 189 19 97 1 101 150 100 26 152 74 125 87 2 82 120 44 25 78 145 168 31 85 188 56 13 171 88 16 157 17 196 169 174 187 81 91 179 55 52 106 178 3 32 138 14 155 144 102 49 62 9 61 15 64 114 186 23 76 89 183 153 0 170 117 93 140 36 67 163 69 108 68 46 115 59 118 109 51 66 141 60 72 162 161 133 80 12 130 124 111 167 33 37 185 40 119 8 165 39 95 58 164 71 27 107 90 70 29 156 126 112 4 84 11 166 28 184 147 104 177 10 190 54 30 48 160 192 181 146 103 22 159
NearestNeighbor (NNa),TSPA.csv,199,199,356428281,39086,2604,159,199 18 69 108 67 163 36 140 93 117 170 0 46 198 139 191 110 193 41 96 5 42 43 77 105 116 65 47 131 149 24 123 194 6 154 180 158 53 136 182 121 99 189 19 97 1 101 150 100 26 152 74 125 87 2 82 120 44 25 78 145 168 31 85 188 56 13 171 88 16 157 17 196 169 174 187 81 91 179 55 52 106 178 3 32 138 14 155 144 102 49 62 9 61 15 64 114 186 23 76 89 183 137 66 141 51 109 118 59 72 162 161 133 130 12 124 111 167 33 37 185 40 119 8 165 39 95 58 164 71 27 107 90 70 29 156 126 112 4 84 11 166 28 184 147 104 177 10 190 54 30 48 160 192 181 146 103 22 159
NearestNeighbor (NN with profit),TSPA.csv,0,0,356428082,47889,1920,148,0 170 117 140 93 68 46 60 118 59 72 51 141 66 176 80 63 121 99 19 189 94 130 12 124 111 167 128 9 62 61 155 144 49 32 138 8 165 39 107 90 27 71 164 7 21 132 73 64 114 23 76 183 89 83 15 148 33 37 178 3 106 52 55 179 91 196 169 174 187 81 157 31 56 13 168 145 78 82 44 25 16 88 171 113 50 17 119 40 185 92 129 87 74 152 1 101 150 26 100 158 53 136 180 6 194 127 29 156 112 4 11 184 28 166 77 116 65 105 47 149 131 43 96 41 193 159 103 146 192 160 54 30 147 104 190 10 177 48 42 5 115 198 139 110 163 69 108
NearestNeighbor (NN with profit),TSPA.csv,1,1,356428083,45867,-1173,155,1 101 150 26 121 99 19 189 94 130 12 124 111 167 128 9 62 61 155 144 49 32 138 8 165 39 107 90 27 71 164 7 21 132 73 64 114 23 76 183 89 83 15 148 33 37 178 3 106 52 55 179 91 196 169 174 187 81 157 31 56 13 168 145 78 82 44 25 16 88 171 113 50 17 119 40 185 92 129 87 74 152 97 100 158 53 136 180 6 194 161 162 72 118 59 51 141 60 46 68 140 93 117 0 170 143 153 137 176 133 127 29 156 112 4 11 184 28 166 77 116 65 105 47 149 131 43 96 41 193 159 103 146 192 160 54 30 147 104 190 10 177 48 42 5 115 198 139 110 163 69 108 18 199 191
NearestNeighbor (NN with profit),TSPA.csv,2,2,356428084,47459,-818,143,87 74 19 99 121 136 158 53 180 6 194 161 162 72 118 59 51 141 60 46 68 140 93 117 0 170 143 183 89 23 114 64 15 9 62 61 155 144 49 32 138 8 165 39 107 90 27 71 164 7 21 102 167 111 124 94 130 12 133 127 29 156 112 4 11 184 28 166 77 116 65 105 47 149 131 43 96 41 193 159 103 146 192 160 54 30 147 104 190 10 177 48 42 5 115 198 139 110 163 69 108 18 199 191 182 100 101 150 1 97 152 125 82 44 25 168 157 31 56 13 88 16 171 113 50 196 169 174 187 81 91 179 52 178 3 106 185 119 40 128 33 37 148
NearestNeighbor (NN with profit),TSPA.csv,3,3,356428085,48029,-625,141,32 138 8 165 39 107 90 27 71 164 7 21 155 144 61 9 62 167 111 124 94 19 99 121 136 158 53 180 6 194 161 162 72 118 59 51 141 60 46 68 140 93 117 0 170 143 183 89 23 114 64 15 148 33 37 128 172 82 44 25 168 157 31 56 13 88 16 171 113 50 196 169 174 187 81 91 179 92 129 87 74 152 1 101 150 26 100 189 130 12 133 127 29 156 112 4 11 184 28 166 77 116 65 105 47 149 131 43 96 41 193 159 103 146 192 160 54 30 147 104 190 10 177 48 42 5 115 198 139 110 163 69 108 18 199 191 178 106 185 119 40
NearestNeighbor (NN with profit),TSPA.csv,4,4,356428086,47216,-1303,146,29 156 126 11 184 28 166 77 116 65 105 47 149 24 161 162 72 118 59 51 141 60 46 68 140 93 117 0 170 143 183 89 23 114 64 15 9 62 61 155 144 49 32 138 8 165 39 107 90 27 71 164 7 21 102 167 111 124 94 19 99 121 136 158 53 180 6 194 131 43 96 41 193 159 103 146 192 160 54 30 147 104 190 10 177 48 42 5 115 198 139 110 163 69 108 18 199 191 109 66 176 80 133 173 100 101 150 1 97 74 152 125 2 82 44 25 168 157 31 56 13 88 16 171 113 50 196 169 174 187 81 91 179 52 178 3 106 185 119 40 128 33 37 148 12 130
NearestNeighbor (NN with profit),TSPA.csv,5,5,356428087,46812,530,149,5 96 41 193 159 103 146 192 160 184 28 166 11 4 112 29 156 126 24 149 77 116 65 105 47 59 118 60 51 72 161 6 180 158 53 121 99 19 189 94 130 12 124 111 167 128 9 62 61 155 144 49 32 138 8 165 39 107 90 27 71 164 7 21 132 73 64 114 23 76 183 89 83 15 148 33 37 178 3 106 52 55 179 91 196 169 174 187 81 157 31 56 13 168 145 78 82 44 25 16 88 171 113 50 17 119 40 185 92 129 87 74 152 1 101 150 26 100 136 182 63 80 176 66 141 46 68 140 93 117 0 198 139 110 163 69 108 18 199 42 43 35 84 190 10 54 30 147 104
NearestNeighbor (NN with profit),TSPA.csv,6,6,356428088,46111,-621,157,6 180 158 53 121 99 19 189 94 130 12 124 111 167 128 9 62 61 155 144 49 32 138 8 165 39 107 90 27 71 164 7 21 132 73 64 114 23 76 183 89 83 15 148 33 37 178 3 106 52 55 179 91 196 169 174 187 81 157 31 56 13 168 145 78 82 44 25 16 88 171 113 50 17 119 40 185 92 129 87 74 152 1 101 150 26 100 136 182 63 133 161 162 72 118 59 51 141 60 46 68 140 93 117 0 170 143 153 137 176 151 194 127 29 156 112 4 11 184 28 166 77 116 65 105 47 149 131 43 96 41 193 159 103 146 192 160 54 30 147 104 190 10 177 48 42 5 115 198 139 110 163 69 108 18 199 142
NearestNeighbor (NN with profit),TSPA.csv,7,7,356428089,47592,-1578,138,7 164 71 107 90 27 39 165 8 119 40 185 169 196 157 31 56 13 168 145 179 91 82 87 74 19 99 121 136 158 53 180 6 194 161 162 72 118 59 51 141 60 46 68 140 93 117 0 170 143 183 89 23 114 64 15 9 62 61 155 144 49 32 138 178 3 106 52 55 167 111 124 94 130 12 133 127 29 156 112 4 11 184 28 166 77 116 65 105 47 149 131 43 96 41 193 159 103 146 192 160 54 30 147 104 190 10 177 48 42 5 115 198 139 110 163 69 108 18 199 191 182 100 101 150 1 97 152 33 37 174 187 81 50 113 171 88 16
NearestNeighbor (NN with profit),TSPA.csv,8,8,356428090,47725,-105,143,8 165 39 107 90 27 71 164 7 21 138 32 49 155 144 61 9 62 167 111 124 94 19 99 121 136 158 53 180 6 194 161 162 72 118 59 51 141 60 46 68 140 93 117 0 170 143 183 89 23 114 64 15 148 33 37 128 172 82 44 25 168 157 31 56 13 88 16 171 113 50 196 169 174 187 81 91 179 92 129 87 74 152 1 101 150 26 100 189 130 12 133 127 29 156 112 4 11 184 28 166 77 116 65 105 47 149 131 43 96 41 193 159 103 146 192 160 54 30 147 104 190 10 177 48 42 5 115 198 139 110 163 69 108 18 199 191 178 3 106 185 119 40
NearestNeighbor (NN with profit),TSPA.csv,9,9,356428091,47106,-2091,148,9 62 61 155 144 49 32 138 8 165 39 107 90 27 71 164 7 21 132 73 64 114 23 76 183 89 83 15 148 167 111 124 94 19 99 121 136 158 53 180 6 194 161 162 72 118 59 51 141 60 46 68 140 93 117 0 170 143 153 137 130 12 189 101 150 1 97 26 100 74 152 125 2 82 44 25 168 157 31 56 13 88 16 171 113 50 196 169 174 187 81 91 179 52 178 3 106 185 119 40 33 37 173 127 29 156 112 4 11 184 28 166 77 116 65 105 47 149 131 43 96 41 193 159 103 146 192 160 54 30 147 104 190 10 177 48 42 5 115 198 139 110 163 69 108 18 199 191
NearestNeighbor (NN with profit),TSPA.csv,10,10,356428092,47503,-1212,142,29 156 126 11 184 28 166 77 116 65 105 47 149 24 161 162 72 118 59 51 141 60 46 68 140 93 117 0 170 143 183 89 23 114 64 15 9 62 61 155 144 49 32 138 8 165 39 107 90 27 71 164 7 21 102 167 111 124 94 19 99 121 136 158 53 180 6 194 131 43 96 41 193 159 103 146 192 160 54 30 147 48 42 5 115 198 139 110 163 69 108 18 199 191 109 66 176 80 133 173 100 101 150 1 97 74 152 125 2 82 44 25 168 157 31 56 13 88 16 171 113 50 196 169 174 187 81 91 179 52 178 3 106 185 119 40 128 33 37 148 12 130
NearestNeighbor (NN with profit),TSPA.csv,11,11,356428093,48897,-3220,148,11 184 28 166 77 116 65 105 47 149 24 29 156 112 4 190 10 54 30 147 48 160 192 103 146 159 41 193 96 115 46 68 140 93 117 0 170 143 183 89 23 114 64 15 9 62 61 155 144 49 32 138 8 165 39 107 90 27 71 164 7 21 102 167 111 124 94 19 99 121 136 158 53 180 6 194 161 162 72 118 59 51 141 60 109 66 176 80 133 131 43 42 181 195 22 69 163 108 67 110 139 198 76 186 148 33 37 128 172 82 44 25 168 157 31 56 13 88 16 171 113 50 196 169 174 187 81 91 179 92 129 87 74 152 1 101 150 26 100 189 130 12 178 3 106 185 119 40
NearestNeighbor (NN with profit),TSPA.csv,12,12,356428094,47216,-529,145,12 130 94 19 99 121 136 158 53 180 6 194 161 162 72 118 59 51 141 60 46 68 140 93 117 0 170 143 183 89 23 114 64 15 9 62 61 155 144 49 32 138 8 165 39 107 90 27 71 164 7 21 102 167 111 124 189 101 150 1 97 26 100 74 152 125 2 82 44 25 168 157 31 56 13 88 16 171 113 50 196 169 174 187 81 91 179 52 178 3 106 185 119 40 128 33 37 148 176 133 127 29 156 112 4 11 184 28 166 77 116 65 105 47 149 131 43 96 41 193 159 103 146 192 160 54 30 147 104 190 10 177 48 42 5 115 198 139 110 163 69 108 18 199 191
NearestNeighbor (NN with profit),TSPA.csv,13,13,356428095,47159,-2962,139,13 56 31 157 196 169 174 187 81 168 145 179 91 185 8 165 39 107 90 27 71 164 7 21 138 32 49 155 144 61 9 62 167 111 124 94 19 99 121 136 158 53 180 6 194 161 162 72 118 59 51 141 60 46 68 140 93 117 0 170 143 183 89 23 114 64 15 148 33 37 87 74 152 1 101 150 26 100 189 130 12 133 127 29 156 112 4 11 184 28 166 77 116 65 105 47 149 131 43 96 41 193 159 103 146 192 160 54 30 147 104 190 10 177 48 42 5 115 198 139 110 163 69 108 18 199 191 178 3 106 119 40 132 73 83 186 88 16 171
NearestNeighbor (NN with profit),TSPA.csv,14,14,356428096,47397,-626,142,138 32 49 155 144 61 9 62 167 111 124 94 19 99 121 136 158 53 180 6 194 161 162 72 118 59 51 141 60 46 68 140 93 117 0 170 143 183 89 23 114 64 15 148 33 37 128 172 82 44 25 168 157 31 56 13 88 16 171 113 50 196 169 174 187 81 91 179 92 129 87 74 152 1 101 150 26 100 189 130 12 133 127 29 156 112 4 11 184 28 166 77 116 65 105 47 149 131 43 96 41 193 159 103 146 192 160 54 30 147 104 190 10 177 48 42 5 115 198 139 110 163 69 108 18 199 191 178 3 106 8 165 39 107 90 27 71 164 7 185 119 40
NearestNeighbor (NN with profit),TSPA.csv,15,15,356428097,48429,-1782,144,15 114 64 61 9 62 155 144 49 32 138 8 165 39 107 90 27 71 164 7 21 102 167 111 124 94 19 99 121 136 158 53 180 6 194 161 162 72 118 59 51 141 60 46 68 140 93 117 0 170 143 183 89 23 137 130 12 148 33 37 128 172 82 44 25 168 157 31 56 13 88 16 171 113 50 196 169 174 187 81 91 179 92 129 87 74 152 1 101 150 26 100 173 127 29 156 112 4 11 184 28 166 77 116 65 105 47 149 131 43 96 41 193 159 103 146 192 160 54 30 147 104 190 10 177 48 42 5 115 198 139 110 163 69 108 18 199 191 178 3 106 185 119 40
NearestNeighbor (NN with profit),TSPA.csv,16,16,356428098,47334,-356,136,16 88 56 31 157 196 169 174 187 81 168 145 179 91 185 8 165 39 107 90 27 71 164 7 21 138 32 49 155 144 61 9 62 167 111 124 94 19 99 121 136 158 53 180 6 194 161 162 72 118 59 51 141 60 46 68 140 93 117 0 170 143 183 89 23 114 64 15 148 33 37 87 74 152 1 101 150 26 100 189 130 12 133 127 29 156 112 4 11 184 28 166 77 116 65 105 47 149 131 43 96 41 193 159 103 146 192 160 54 30 147 104 190 10 177 48 42 5 115 198 139 110 163 69 108 18 199 191 178 3 106 119 40 50 113 171
NearestNeighbor (NN with profit),TSPA.csv,17,17,356428099,47251,-3254,142,17 196 169 174 187 81 157 31 56 13 168 145 179 91 185 8 165 39 107 90 27 71 164 7 21 138 32 49 155 144 61 9 62 167 111 124 94 19 99 121 136 158 53 180 6 194 161 162 72 118 59 51 141 60 46 68 140 93 117 0 170 143 183 89 23 114 64 15 148 33 37 87 74 152 1 101 150 26 100 189 130 12 133 127 29 156 112 4 11 184 28 166 77 116 65 105 47 149 131 43 96 41 193 159 103 146 192 160 54 30 147 104 190 10 177 48 42 5 115 198 139 110 163 69 108 18 199 191 178 3 106 119 40 132 73 83 186 16 88 171 113 50
NearestNeighbor (NN with profit),TSPA.csv,18,18,356428100,46572,2479,145,163 108 67 140 93 68 46 60 118 59 72 51 141 66 176 80 63 121 99 19 189 94 130 12 124 111 167 128 9 62 61 155 144 49 32 138 8 165 39 107 90 27 71 164 7 21 132 73 64 114 23 76 183 89 83 15 148 33 37 178 3 106 52 55 179 91 196 169 174 187 81 157 31 56 13 168 145 78 82 44 25 16 88 171 113 50 17 119 40 185 92 129 87 74 152 1 101 150 26 100 158 53 136 180 6 194 127 29 156 112 4 11 184 28 166 77 116 65 105 47 149 131 43 96 41 193 159 103 146 192 160 54 30 147 104 190 10 177 48 42 5 115 198 139 110
NearestNeighbor (NN with profit),TSPA.csv,19,19,356428101,47479,-614,144,19 99 121 136 158 53 180 6 194 161 162 72 118 59 51 141 60 46 68 140 93 117 0 170 143 183 89 23 114 64 15 9 62 61 155 144 49 32 138 8 165 39 107 90 27 71 164 7 21 102 167 111 124 94 130 12 133 127 29 156 112 4 11 184 28 166 77 116 65 105 47 149 131 43 96 41 193 159 103 146 192 160 54 30 147 104 190 10 177 48 42 5 115 198 139 110 163 69 108 18 199 191 182 100 101 150 1 97 74 152 125 2 82 44 25 168 157 31 56 13 88 16 171 113 50 196 169 174 187 81 91 179 52 178 3 106 185 119 40 128 33 37 148 189
NearestNeighbor (NN with profit),TSPA.csv,20,20,356428102,46892,2479,145,163 108 67 140 93 68 46 60 118 59 72 51 141 66 176 80 63 121 99 19 189 94 130 12 124 111 167 128 9 62 61 155 144 49 32 138 8 165 39 107 90 27 71 164 7 21 132 73 64 114 23 76 183 89 83 15 148 33 37 178 3 106 52 55 179 91 196 169 174 187 81 157 31 56 13 168 145 78 82 44 25 16 88 171 113 50 17 119 40 185 92 129 87 74 152 1 101 150 26 100 158 53 136 180 6 194 127 29 156 112 4 11 184 28 166 77 116 65 105 47 149 131 43 96 41 193 159 103 146 192 160 54 30 147 104 190 10 177 48 42 5 115 198 139 110
NearestNeighbor (NN with profit),TSPA.csv,21,21,356428103,47353,-1578,138,7 164 71 107 90 27 39 165 8 119 40 185 169 196 157 31 56 13 168 145 179 91 82 87 74 19 99 121 136 158 53 180 6 194 161 162 72 118 59 51 141 60 46 68 140 93 117 0 170 143 183 89 23 114 64 15 9 62 61 155 144 49 32 138 178 3 106 52 55 167 111 124 94 130 12 133 127 29 156 112 4 11 184 28 166 77 116 65 105 47 149 131 43 96 41 193 159 103 146 192 160 54 30 147 104 190 10 177 48 42 5 115 198 139 110 163 69 108 18 199 191 182 100 101 150 1 97 152 33 37 174 187 81 50 113 171 88 16
NearestNeighbor (NN with profit),TSPA.csv,22,22,356428104,48728,-2314,143,103 146 159 41 193 96 115 46 68 140 93 117 0 170 143 183 89 23 114 64 15 9 62 61 155 144 49 32 138 8 165 39 107 90 27 71 164 7 21 102 167 111 124 94 19 99 121 136 158 53 180 6 194 161 162 72 118 59 51 141 60 109 66 176 80 133 24 29 156 112 4 11 184 28 166 77 116 65 105 47 149 131 43 192 160 54 30 147 104 190 10 177 48 181 69 163 108 67 110 139 173 100 101 150 1 97 74 152 125 2 82 44 25 168 157 31 56 13 88 16 171 113 50 196 169 174 187 81 91 179 52 178 3 106 185 119 40 128 33 37 148 12 130
NearestNeighbor (NN with profit),TSPA.csv,23,23,356428105,48713,-1983,144,114 64 15 9 62 61 155 144 49 32 138 8 165 39 107 90 27 71 164 7 21 102 167 111 124 94 19 99 121 136 158 53 180 6 194 161 162 72 118 59 51 141 60 46 68 140 93 117 0 170 143 183 89 76 137 130 12 148 33 37 128 172 82 44 25 168 157 31 56 13 88 16 171 113 50 196 169 174 187 81 91 179 92 129 87 74 152 1 101 150 26 100 173 127 29 156 112 4 11 184 28 166 77 116 65 105 47 149 131 43 96 41 193 159 103 146 192 160 54 30 147 104 190 10 177 48 42 5 115 198 139 110 163 69 108 18 199 191 178 3 106 185 119 40
NearestNeighbor (NN with profit),TSPA.csv,24,24,356428106,49063,-2773,144,24 29 156 112 4 11 184 28 166 77 116 65 105 47 72 118 59 51 141 60 46 68 140 93 117 0 170 143 183 89 23 114 64 15 9 62 61 155 144 49 32 138 8 165 39 107 90 27 71 164 7 21 102 167 111 124 94 19 99 121 136 158 53 180 6 194 161 162 133 63 130 12 176 66 109 115 41 193 159 103 146 192 160 54 30 147 104 190 10 177 48 96 198 139 110 163 69 108 76 186 148 33 37 128 172 82 44 25 168 157 31 56 13 88 16 171 113 50 196 169 174 187 81 91 179 92 129 87 74 152 1 101 150 26 100 97 125 52 178 3 106 185 119 40
NearestNeighbor (NN with profit),TSPA.csv,25,25,356428107,46570,-1089,148,82 120 150 101 1 19 99 121 136 158 53 180 6 194 161 162 72 118 59 51 141 60 46 68 140 93 117 0 170 143 183 89 23 114 64 15 9 62 61 155 144 49 32 138 8 165 39 107 90 27 71 164 7 21 102 167 111 124 94 130 12 133 127 29 156 112 4 11 184 28 166 77 116 65 105 47 149 131 43 96 41 193 159 103 146 192 160 54 30 147 104 190 10 177 48 42 5 115 198 139 110 163 69 108 18 199 191 182 100 26 97 74 152 125 129 92 179 91 196 169 174 187 81 157 31 56 13 168 145 78 16 88 171 113 50 17 119 40 185 178 3 106 52 55 128 33 37 148
NearestNeighbor (NN with profit),TSPA.csv,26,26,356428108,47538,-929,145,26 101 150 1 19 99 121 136 158 53 180 6 194 161 162 72 118 59 51 141 60 46 68 140 93 117 0 170 143 183 89 23 114 64 15 9 62 61 155 144 49 32 138 8 165 39 107 90 27 71 164 7 21 102 167 111 124 94 130 12 133 127 29 156 112 4 11 184 28 166 77 116 65 105 47 149 131 43 96 41 193 159 103 146 192 160 54 30 147 104 190 10 177 48 42 5 115 198 139 110 163 69 108 18 199 191 182 100 97 74 152 125 2 82 44 25 168 157 31 56 13 88 16 171 113 50 196 169 174 187 81 91 179 52 178 3 106 185 119 40 128 33 37 148 189
NearestNeighbor (NN with profit),TSPA.csv,27,27,356428109,47109,-710,141,27 107 90 174 169 196 157 31 56 13 168 145 179 91 185 8 165 119 40 187 81 17 78 82 44 25 16 88 87 74 19 99 121 136 158 53 180 6 194 161 162 72 118 59 51 141 60 46 68 140 93 117 0 170 143 183 89 23 114 64 15 9 62 61 155 144 49 32 138 178 3 106 52 55 167 111 124 94 130 12 133 127 29 156 112 4 11 184 28 166 77 116 65 105 47 149 131 43 96 41 193 159 103 146 192 160 54 30 147 104 190 10 177 48 42 5 115 198 139 110 163 69 108 18 199 191 182 100 101 150 1 97 152 33 37 102 14 21 7 164 58
NearestNeighbor (NN with profit),TSPA.csv,28,28,356428110,49025,-3305,148,28 184 11 166 77 116 65 105 47 149 24 29 156 112 4 190 10 54 30 147 48 160 192 103 146 159 41 193 96 115 46 68 140 93 117 0 170 143 183 89 23 114 64 15 9 62 61 155 144 49 32 138 8 165 39 107 90 27 71 164 7 21 102 167 111 124 94 19 99 121 136 158 53 180 6 194 161 162 72 118 59 51 141 60 109 66 176 80 133 131 43 42 181 195 22 69 163 108 67 110 139 198 76 186 148 33 37 128 172 82 44 25 168 157 31 56 13 88 16 171 113 50 196 169 174 187 81 91 179 92 129 87 74 152 1 101 150 26 100 189 130 12 178 3 106 185 119 40
NearestNeighbor (NN with profit),TSPA.csv,29,29,356428111,47272,-1064,147,29 156 112 4 11 184 28 166 77 116 65 105 47 149 24 161 162 72 118 59 51 141 60 46 68 140 93 117 0 170 143 183 89 23 114 64 15 9 62 61 155 144 49 32 138 8 165 39 107 90 27 71 164 7 21 102 167 111 124 94 19 99 121 136 158 53 180 6 194 131 43 96 41 193 159 103 146 192 160 54 30 147 104 190 10 177 48 42 5 115 198 139 110 163 69 108 18 199 191 109 66 176 80 133 173 100 101 150 1 97 74 152 125 2 82 44 25 168 157 31 56 13 88 16 171 113 50 196 169 174 187 81 91 179 52 178 3 106 185 119 40 128 33 37 148 12 130
NearestNeighbor (NN with profit),TSPA.csv,30,30,356428112,48160,-72,146,30 54 147 184 28 166 11 4 112 29 156 126 24 149 77 116 65 105 47 59 118 60 51 72 161 6 180 158 53 121 99 19 189 94 130 12 124 111 167 128 9 62 61 155 144 49 32 138 8 165 39 107 90 27 71 164 7 21 132 73 64 114 23 76 183 89 83 15 148 33 37 178 3 106 52 55 179 91 196 169 174 187 81 157 31 56 13 168 145 78 82 44 25 16 88 171 113 50 17 119 40 185 92 129 87 74 152 1 101 150 26 100 136 182 63 80 176 66 141 46 68 140 93 117 0 115 41 193 159 103 146 192 160 48 104 190 84 35 43 96 163 69 108 67 110 139
NearestNeighbor (NN with profit),TSPA.csv,31,31,356428113,46915,-2808,141,31 56 188 157 196 169 174 187 81 17 168 145 179 91 185 8 165 39 107 90 27 71 164 7 21 138 32 49 155 144 61 9 62 167 111 124 94 19 99 121 136 158 53 180 6 194 161 162 72 118 59 51 141 60 46 68 140 93 117 0 170 143 183 89 23 114 64 15 148 33 37 87 74 152 1 101 150 26 100 189 130 12 133 127 29 156 112 4 11 184 28 166 77 116 65 105 47 149 131 43 96 41 193 159 103 146 192 160 54 30 147 104 190 10 177 48 42 5 115 198 139 110 163 69 108 18 199 191 178 3 106 119 40 132 73 83 186 16 88 171 13
NearestNeighbor (NN with profit),TSPA.csv,32,32,356428114,48067,-598,142,32 138 8 165 39 107 90 27 71 164 7 21 155 144 61 9 62 167 111 124 94 19 99 121 136 158 53 180 6 194 161 162 72 118 59 51 141 60 46 68 140 93 117 0 170 143 183 89 23 114 64 15 148 33 37 128 172 82 44 25 168 157 31 56 13 88 16 171 113 50 196 169 174 187 81 91 179 92 129 87 74 152 1 101 150 26 100 189 130 12 133 127 29 156 112 4 11 184 28 166 77 116 65 105 47 149 131 43 96 41 193 159 103 146 192 160 54 30 147 104 190 10 177 48 42 5 115 198 139 110 163 69 108 18 199 191 178 3 106 185 119 40
NearestNeighbor (NN with profit),TSPA.csv,33,33,356428115,47180,-1950,146,9 62 61 155 144 49 32 138 8 165 39 107 90 27 71 164 7 21 132 73 64 114 23 76 183 89 83 15 148 167 111 124 94 19 99 121 136 158 53 180 6 194 161 162 72 118 59 51 141 60 46 68 140 93 117 0 170 143 153 137 130 12 189 101 150 1 97 26 100 74 152 125 2 82 44 25 168 157 31 56 13 88 16 171 113 50 196 169 174 187 81 91 179 52 178 3 106 185 119 40 173 127 29 156 112 4 11 184 28 166 77 116 65 105 47 149 131 43 96 41 193 159 103 146 192 160 54 30 147 104 190 10 177 48 42 5 115 198 139 110 163 69 108 18 199 191
NearestNeighbor (NN with profit),TSPA.csv,34,34,356428116,48659,-2138,146,103 146 159 41 193 96 115 46 68 140 93 117 0 170 143 183 89 23 114 64 15 9 62 61 155 144 49 32 138 8 165 39 107 90 27 71 164 7 21 102 167 111 124 94 19 99 121 136 158 53 180 6 194 161 162 72 118 59 51 141 60 109 66 176 80 133 24 29 156 112 4 11 184 28 166 77 116 65 105 47 149 131 43 192 160 54 30 147 104 190 10 177 48 181 195 22 69 163 108 67 110 139 198 173 100 101 150 1 97 74 152 125 2 82 44 25 168 157 31 56 13 88 16 171 113 50 196 169 174 187 81 91 179 52 178 3 106 185 119 40 128 33 37 148 12 130
NearestNeighbor (NN with profit),TSPA.csv,35,35,356428117,48719,-3369,147,11 184 28 166 77 116 65 105 47 149 24 29 156 112 4 190 10 54 30 147 48 160 192 103 146 159 41 193 96 115 46 68 140 93 117 0 170 143 183 89 23 114 64 15 9 62 61 155 144 49 32 138 8 165 39 107 90 27 71 164 7 21 102 167 111 124 94 19 99 121 136 158 53 180 6 194 161 162 72 118 59 51 141 60 109 66 176 80 133 131 43 42 181 195 22 69 163 108 67 110 139 76 186 148 33 37 128 172 82 44 25 168 157 31 56 13 88 16 171 113 50 196 169 174 187 81 91 179 92 129 87 74 152 1 101 150 26 100 189 130 12 178 3 106 185 119 40
NearestNeighbor (NN with profit),TSPA.csv,36,36,356428118,46482,1788,147,140 93 68 46 60 118 59 72 51 141 66 176 80 63 121 99 19 189 94 130 12 124 111 167 128 9 62 61 155 144 49 32 138 8 165 39 107 90 27 71 164 7 21 132 73 64 114 23 76 183 89 83 15 148 33 37 178 3 106 52 55 179 91 196 169 174 187 81 157 31 56 13 168 145 78 82 44 25 16 88 171 113 50 17 119 40 185 92 129 87 74 152 1 101 150 26 100 158 53 136 180 6 194 127 29 156 112 4 11 184 28 166 77 116 65 105 47 149 131 43 96 41 193 159 103 146 192 160 54 30 147 104 190 10 177 48 42 5 115 198 139 110 163 69 108 0 170
NearestNeighbor (NN with profit),TSPA.csv,37,37,356428119,47247,-1918,147,9 62 61 155 144 49 32 138 8 165 39 107 90 27 71 164 7 21 132 73 64 114 23 76 183 89 83 15 148 167 111 124 94 19 99 121 136 158 53 180 6 194 161 162 72 118 59 51 141 60 46 68 140 93 117 0 170 143 153 137 130 12 189 101 150 1 97 26 100 74 152 125 2 82 44 25 168 157 31 56 13 88 16 171 113 50 196 169 174 187 81 91 179 52 178 3 106 185 119 40 182 173 127 29 156 112 4 11 184 28 166 77 116 65 105 47 149 131 43 96 41 193 159 103 146 192 160 54 30 147 104 190 10 177 48 42 5 115 198 139 110 163 69 108 18 199 191
NearestNeighbor (NN with profit),TSPA.csv,38,38,356428120,46915,-2808,141,31 56 188 157 196 169 174 187 81 17 168 145 179 91 185 8 165 39 107 90 27 71 164 7 21 138 32 49 155 144 61 9 62 167 111 124 94 19 99 121 136 158 53 180 6 194 161 162 72 118 59 51 141 60 46 68 140 93 117 0 170 143 183 89 23 114 64 15 148 33 37 87 74 152 1 101 150 26 100 189 130 12 133 127 29 156 112 4 11 184 28 166 77 116 65 105 47 149 131 43 96 41 193 159 103 146 192 160 54 30 147 104 190 10 177 48 42 5 115 198 139 110 163 69 108 18 199 191 178 3 106 119 40 132 73 83 186 16 88 171 13
NearestNeighbor (NN with profit),TSPA.csv,39,39,356428121,47463,-869,139,165 8 119 40 185 169 196 157 31 56 13 168 145 179 91 82 87 74 19 99 121 136 158 53 180 6 194 161 162 72 118 59 51 141 60 46 68 140 93 117 0 170 143 183 89 23 114 64 15 9 62 61 155 144 49 32 138 178 3 106 52 55 167 111 124 94 130 12 133 127 29 156 112 4 11 184 28 166 77 116 65 105 47 149 131 43 96 41 193 159 103 146 192 160 54 30 147 104 190 10 177 48 42 5 115 198 139 110 163 69 108 18 199 191 182 100 101 150 1 97 152 33 37 102 14 21 7 164 71 107 90 174 187 81 50 113 171 88 16
NearestNeighbor (NN with profit),TSPA.csv,40,40,356428122,47678,-297,141,40 119 8 165 39 107 90 27 71 164 7 21 138 32 49 155 144 61 9 62 167 111 124 94 19 99 121 136 158 53 180 6 194 161 162 72 118 59 51 141 60 46 68 140 93 117 0 170 143 183 89 23 114 64 15 148 33 37 128 172 82 44 25 168 157 31 56 13 88 16 171 113 50 196 169 174 187 81 91 179 92 129 87 74 152 1 101 150 26 100 189 130 12 133 127 29 156 112 4 11 184 28 166 77 116 65 105 47 149 131 43 96 41 193 159 103 146 192 160 54 30 147 104 190 10 177 48 42 5 115 198 139 110 163 69 108 18 199 191 178 3
NearestNeighbor (NN with profit),TSPA.csv,41,41,356428123,46836,546,150,41 193 159 103 146 192 160 184 28 166 11 4 112 29 156 126 24 149 77 116 65 105 47 59 118 60 51 72 161 6 180 158 53 121 99 19 189 94 130 12 124 111 167 128 9 62 61 155 144 49 32 138 8 165 39 107 90 27 71 164 7 21 132 73 64 114 23 76 183 89 83 15 148 33 37 178 3 106 52 55 179 91 196 169 174 187 81 157 31 56 13 168 145 78 82 44 25 16 88 171 113 50 17 119 40 185 92 129 87 74 152 1 101 150 26 100 136 182 63 80 176 66 141 46 68 140 93 117 0 198 139 110 163 69 108 18 199 142 96 5 42 43 35 84 190 10 54 30 147 104
NearestNeighbor (NN with profit),TSPA.csv,42,42,356428124,46919,486,148,96 41 193 159 103 146 192 160 184 28 166 11 4 112 29 156 126 24 149 77 116 65 105 47 59 118 60 51 72 161 6 180 158 53 121 99 19 189 94 130 12 124 111 167 128 9 62 61 155 144 49 32 138 8 165 39 107 90 27 71 164 7 21 132 73 64 114 23 76 183 89 83 15 148 33 37 178 3 106 52 55 179 91 196 169 174 187 81 157 31 56 13 168 145 78 82 44 25 16 88 171 113 50 17 119 40 185 92 129 87 74 152 1 101 150 26 100 136 182 63 80 176 66 141 46 68 140 93 117 0 198 139 110 163 69 108 18 199 5 43 35 84 190 10 54 30 147 104
NearestNeighbor (NN with profit),TSPA.csv,43,43,356428125,49564,-3265,143,77 116 65 105 166 28 184 11 4 112 29 156 126 24 149 72 118 59 51 141 60 46 68 140 93 117 0 170 143 183 89 23 114 64 15 9 62 61 155 144 49 32 138 8 165 39 107 90 27 71 164 7 21 102 167 111 124 94 19 99 121 136 158 53 180 6 194 161 162 133 63 130 12 176 66 109 115 41 193 159 103 146 192 160 54 30 147 104 190 10 177 48 96 198 139 110 163 69 108 76 186 148 33 37 128 172 82 44 25 168 157 31 56 13 88 16 171 113 50 196 169 174 187 81 91 179 92 129 87 74 152 1 101 150 26 100 52 178 3 106 185 119 40
NearestNeighbor (NN with profit),TSPA.csv,44,44,356428126,46722,-620,138,168 157 31 56 13 88 16 171 113 50 196 169 174 187 81 91 179 92 129 87 74 19 99 121 136 158 53 180 6 194 161 162 72 118 59 51 141 60 46 68 140 93 117 0 170 143 183 89 23 114 64 15 9 62 61 155 144 49 32 138 8 165 39 107 90 27 71 164 7 21 102 167 111 124 94 130 12 133 127 29 156 112 4 11 184 28 166 77 116 65 105 47 149 131 43 96 41 193 159 103 146 192 160 54 30 147 104 190 10 177 48 42 5 115 198 139 110 163 69 108 18 199 191 182 100 101 150 1 97 152 33 37 178 3 106 185 119 40
NearestNeighbor (NN with profit),TSPA.csv,45,45,356428127,48491,-1294,146,161 162 72 118 59 51 141 60 46 68 140 93 117 0 170 143 183 89 23 114 64 15 9 62 61 155 144 49 32 138 8 165 39 107 90 27 71 164 7 21 102 167 111 124 94 19 99 121 136 158 53 180 6 194 127 29 156 112 4 11 184 28 166 77 116 65 105 47 149 131 43 96 41 193 159 103 146 192 160 54 30 147 104 190 10 177 48 42 5 115 198 139 110 163 69 108 18 199 191 109 66 176 130 12 148 33 37 128 172 82 44 25 168 157 31 56 13 88 16 171 113 50 196 169 174 187 81 91 179 92 129 87 74 152 1 101 150 26 100 52 178 3 106 185 119 40
NearestNeighbor (NN with profit),TSPA.csv,46,46,356428128,49072,-2056,142,46 68 140 93 117 0 170 143 183 89 23 114 64 15 9 62 61 155 144 49 32 138 8 165 39 107 90 27 71 164 7 21 102 167 111 124 94 19 99 121 136 158 53 180 6 194 161 162 72 118 59 51 141 60 115 41 193 159 103 146 192 160 184 28 166 11 4 112 29 156 126 24 149 77 116 65 105 96 5 42 54 30 147 104 190 84 127 173 63 130 12 148 33 37 128 172 82 44 25 168 157 31 56 13 88 16 171 113 50 196 169 174 187 81 91 179 92 129 87 74 152 1 101 150 26 100 97 178 3 106 185 119 40 198 139 110 163 69 108 18 199 191
NearestNeighbor (NN with profit),TSPA.csv,47,47,356428129,49426,-3214,144,47 77 116 65 105 166 28 184 11 4 112 29 156 126 24 149 72 118 59 51 141 60 46 68 140 93 117 0 170 143 183 89 23 114 64 15 9 62 61 155 144 49 32 138 8 165 39 107 90 27 71 164 7 21 102 167 111 124 94 19 99 121 136 158 53 180 6 194 161 162 133 63 130 12 176 66 109 115 41 193 159 103 146 192 160 54 30 147 104 190 10 177 48 96 198 139 110 163 69 108 76 186 148 33 37 128 172 82 44 25 168 157 31 56 13 88 16 171 113 50 196 169 174 187 81 91 179 92 129 87 74 152 1 101 150 26 100 52 178 3 106 185 119 40
NearestNeighbor (NN with profit),TSPA.csv,48,48,356428130,48039,-698,149,48 54 30 147 184 28 166 11 4 112 29 156 126 24 149 77 116 65 105 47 59 118 60 51 72 161 6 180 158 53 121 99 19 189 94 130 12 124 111 167 128 9 62 61 155 144 49 32 138 8 165 39 107 90 27 71 164 7 21 132 73 64 114 23 76 183 89 83 15 148 33 37 178 3 106 52 55 179 91 196 169 174 187 81 157 31 56 13 168 145 78 82 44 25 16 88 171 113 50 17 119 40 185 92 129 87 74 152 1 101 150 26 100 136 182 63 80 176 66 141 46 68 140 93 117 0 115 41 193 159 103 146 96 5 42 43 35 84 190 10 177 104 142 163 69 108 67 110 139
NearestNeighbor (NN with profit),TSPA.csv,49,49,356428131,48188,-598,142,32 138 8 165 39 107 90 27 71 164 7 21 155 144 61 9 62 167 111 124 94 19 99 121 136 158 53 180 6 194 161 162 72 118 59 51 141 60 46 68 140 93 117 0 170 143 183 89 23 114 64 15 148 33 37 128 172 82 44 25 168 157 31 56 13 88 16 171 113 50 196 169 174 187 81 91 179 92 129 87 74 152 1 101 150 26 100 189 130 12 133 127 29 156 112 4 11 184 28 166 77 116 65 105 47 149 131 43 96 41 193 159 103 146 192 160 54 30 147 104 190 10 177 48 42 5 115 198 139 110 163 69 108 18 199 191 178 3 106 185 119 40
NearestNeighbor (NN with profit),TSPA.csv,50,50,356428132,47274,-343,136,56 31 157 196 169 174 187 81 168 145 179 91 185 8 165 39 107 90 27 71 164 7 21 138 32 49 155 144 61 9 62 167 111 124 94 19 99 121 136 158 53 180 6 194 161 162 72 118 59 51 141 60 46 68 140 93 117 0 170 143 183 89 23 114 64 15 148 33 37 87 74 152 1 101 150 26 100 189 130 12 133 127 29 156 112 4 11 184 28 166 77 116 65 105 47 149 131 43 96 41 193 159 103 146 192 160 54 30 147 104 190 10 177 48 42 5 115 198 139 110 163 69 108 18 199 191 178 3 106 119 40 85 113 171 88 16
NearestNeighbor (NN with profit),TSPA.csv,51,51,356428133,46232,803,148,118 59 60 141 66 176 80 63 121 99 19 189 94 130 12 124 111 167 128 9 62 61 155 144 49 32 138 8 165 39 107 90 27 71 164 7 21 132 73 64 114 23 76 183 89 83 15 148 33 37 178 3 106 52 55 179 91 196 169 174 187 81 157 31 56 13 168 145 78 82 44 25 16 88 171 113 50 17 119 40 185 92 129 87 74 152 1 101 150 26 100 158 53 136 180 6 194 127 29 156 112 4 11 184 28 166 77 116 65 105 47 149 131 43 96 41 193 159 103 146 192 160 54 30 147 104 190 10 177 48 42 5 115 46 68 140 93 117 0 198 139 110 163 69 108 18 199 142
NearestNeighbor (NN with profit),TSPA.csv,52,52,356428134,46412,-910,145,52 55 179 91 196 169 174 187 81 157 31 56 13 168 145 78 82 44 25 16 88 171 113 50 90 107 27 71 164 7 21 138 32 49 155 144 61 9 62 167 111 124 94 19 99 121 136 158 53 180 6 194 161 162 72 118 59 51 141 60 46 68 140 93 117 0 170 143 183 89 23 114 64 15 148 33 37 87 74 152 1 101 150 26 100 189 130 12 133 127 29 156 112 4 11 184 28 166 77 116 65 105 47 149 131 43 96 41 193 159 103 146 192 160 54 30 147 104 190 10 177 48 42 5 115 198 139 110 163 69 108 18 199 191 129 92 57 178 3 106 8 165 119 40 185
NearestNeighbor (NN with profit),TSPA.csv,53,53,356428135,46843,-1267,148,53 158 180 6 194 161 162 72 118 59 51 141 60 46 68 140 93 117 0 170 143 183 89 23 114 64 15 9 62 61 155 144 49 32 138 8 165 39 107 90 27 71 164 7 21 102 167 111 124 94 19 99 121 136 182 63 133 24 29 156 112 4 11 184 28 166 77 116 65 105 47 149 131 43 96 41 193 159 103 146 192 160 54 30 147 104 190 10 177 48 42 5 115 198 139 110 163 69 108 18 199 191 109 66 176 130 12 148 33 37 128 172 82 44 25 168 157 31 56 13 88 16 171 113 50 196 169 174 187 81 91 179 92 129 87 74 152 1 101 150 26 100 178 3 106 185 119 40
NearestNeighbor (NN with profit),TSPA.csv,54,54,356428136,48157,-95,146,54 30 147 184 28 166 11 4 112 29 156 126 24 149 77 116 65 105 47 59 118 60 51 72 161 6 180 158 53 121 99 19 189 94 130 12 124 111 167 128 9 62 61 155 144 49 32 138 8 165 39 107 90 27 71 164 7 21 132 73 64 114 23 76 183 89 83 15 148 33 37 178 3 106 52 55 179 91 196 169 174 187 81 157 31 56 13 168 145 78 82 44 25 16 88 171 113 50 17 119 40 185 92 129 87 74 152 1 101 150 26 100 136 182 63 80 176 66 141 46 68 140 93 117 0 115 41 193 159 103 146 192 160 48 104 190 84 35 43 96 163 69 108 67 110 139
NearestNeighbor (NN with profit),TSPA.csv,55,55,356428137,47740,-803,141,32 138 8 165 39 107 90 27 71 164 7 21 155 144 61 9 62 167 111 124 94 19 99 121 136 158 53 180 6 194 161 162 72 118 59 51 141 60 46 68 140 93 117 0 170 143 183 89 23 114 64 15 148 33 37 128 172 82 44 25 168 157 31 56 13 88 16 171 113 50 196 169 174 187 81 91 179 92 129 87 74 152 1 101 150 26 100 189 130 12 133 127 29 156 112 4 11 184 28 166 77 116 65 105 47 149 131 43 96 41 193 159 103 146 192 160 54 30 147 104 190 10 177 48 42 5 115 198 139 110 163 69 108 18 199 191 185 119 40 106 3
NearestNeighbor (NN with profit),TSPA.csv,56,56,356428138,47241,-339,136,56 31 157 196 169 174 187 81 168 145 179 91 185 8 165 39 107 90 27 71 164 7 21 138 32 49 155 144 61 9 62 167 111 124 94 19 99 121 136 158 53 180 6 194 161 162 72 118 59 51 141 60 46 68 140 93 117 0 170 143 183 89 23 114 64 15 148 33 37 87 74 152 1 101 150 26 100 189 130 12 133 127 29 156 112 4 11 184 28 166 77 116 65 105 47 149 131 43 96 41 193 159 103 146 192 160 54 30 147 104 190 10 177 48 42 5 115 198 139 110 163 69 108 18 199 191 178 3 106 119 40 50 113 171 88 16
NearestNeighbor (NN with profit),TSPA.csv,57,57,356428139,46434,-664,143,179 91 196 169 174 187 81 157 31 56 13 168 145 78 82 44 25 16 88 171 113 50 90 107 27 71 164 7 21 138 32 49 155 144 61 9 62 167 111 124 94 19 99 121 136 158 53 180 6 194 161 162 72 118 59 51 141 60 46 68 140 93 117 0 170 143 183 89 23 114 64 15 148 33 37 87 74 152 1 101 150 26 100 189 130 12 133 127 29 156 112 4 11 184 28 166 77 116 65 105 47 149 131 43 96 41 193 159 103 146 192 160 54 30 147 104 190 10 177 48 42 5 115 198 139 110 163 69 108 18 199 191 129 92 52 178 3 106 8 165 119 40 185
NearestNeighbor (NN with profit),TSPA.csv,58,58,356428140,47359,-1006,141,58 164 7 21 138 32 49 155 144 61 9 62 167 111 124 94 19 99 121 136 158 53 180 6 194 161 162 72 118 59 51 141 60 46 68 140 93 117 0 170 143 183 89 23 114 64 15 148 33 37 128 172 82 44 25 168 157 31 56 13 88 16 171 113 50 196 169 174 187 81 91 179 92 129 87 74 152 1 101 150 26 100 189 130 12 133 127 29 156 112 4 11 184 28 166 77 116 65 105 47 149 131 43 96 41 193 159 103 146 192 160 54 30 147 104 190 10 177 48 42 5 115 198 139 110 163 69 108 18 199 191 178 3 106 8 165 39 107 90 119 40
NearestNeighbor (NN with profit),TSPA.csv,59,59,356428141,46362,-905,149,59 118 60 51 72 161 6 180 158 53 121 99 19 189 94 130 12 124 111 167 128 9 62 61 155 144 49 32 138 8 165 39 107 90 27 71 164 7 21 132 73 64 114 23 76 183 89 83 15 148 33 37 178 3 106 52 55 179 91 196 169 174 187 81 157 31 56 13 168 145 78 82 44 25 16 88 171 113 50 17 119 40 185 92 129 87 74 152 1 101 150 26 100 136 182 63 80 176 66 141 46 68 140 93 117 0 115 41 193 159 103 146 192 160 184 28 166 11 4 112 29 156 126 24 149 77 116 65 105 96 5 42 54 30 147 104 190 84 127 194 198 139 110 163 69 108 18 199 142
NearestNeighbor (NN with profit),TSPA.csv,60,60,356428142,46183,1250,149,60 118 59 72 51 141 66 176 80 63 121 99 19 189 94 130 12 124 111 167 128 9 62 61 155 144 49 32 138 8 165 39 107 90 27 71 164 7 21 132 73 64 114 23 76 183 89 83 15 148 33 37 178 3 106 52 55 179 91 196 169 174 187 81 157 31 56 13 168 145 78 82 44 25 16 88 171 113 50 17 119 40 185 92 129 87 74 152 1 101 150 26 100 158 53 136 180 6 194 127 29 156 112 4 11 184 28 166 77 116 65 105 47 149 131 43 96 41 193 159 103 146 192 160 54 30 147 104 190 10 177 48 42 5 115 46 68 140 93 117 0 198 139 110 163 69 108 18 199
NearestNeighbor (NN with profit),TSPA.csv,61,61,356428143,47202,-1875,145,61 9 62 155 144 49 32 138 8 165 39 107 90 27 71 164 7 21 132 73 64 114 23 76 183 89 83 15 148 167 111 124 94 19 99 121 136 158 53 180 6 194 161 162 72 118 59 51 141 60 46 68 140 93 117 0 170 143 153 137 130 12 189 101 150 1 97 26 100 74 152 125 2 82 44 25 168 157 31 56 13 88 16 171 113 50 196 169 174 187 81 91 179 52 178 3 106 185 119 40 33 37 173 127 29 156 112 4 11 184 28 166 77 116 65 105 47 149 131 43 96 41 193 159 103 146 192 160 54 30 147 104 190 10 177 48 42 5 115 198 139 110 163 69 108
NearestNeighbor (NN with profit),TSPA.csv,62,62,356428144,47114,-1887,145,62 9 61 155 144 49 32 138 8 165 39 107 90 27 71 164 7 21 132 73 64 114 23 76 183 89 83 15 148 167 111 124 94 19 99 121 136 158 53 180 6 194 161 162 72 118 59 51 141 60 46 68 140 93 117 0 170 143 153 137 130 12 189 101 150 1 97 26 100 74 152 125 2 82 44 25 168 157 31 56 13 88 16 171 113 50 196 169 174 187 81 91 179 52 178 3 106 185 119 40 33 37 173 127 29 156 112 4 11 184 28 166 77 116 65 105 47 149 131 43 96 41 193 159 103 146 192 160 54 30 147 104 190 10 177 48 42 5 115 198 139 110 163 69 108
NearestNeighbor (NN with profit),TSPA.csv,63,63,356428145,46489,-688,156,121 99 19 189 94 130 12 124 111 167 128 9 62 61 155 144 49 32 138 8 165 39 107 90 27 71 164 7 21 132 73 64 114 23 76 183 89 83 15 148 33 37 178 3 106 52 55 179 91 196 169 174 187 81 157 31 56 13 168 145 78 82 44 25 16 88 171 113 50 17 119 40 185 92 129 87 74 152 1 101 150 26 100 158 53 136 180 6 194 161 162 72 118 59 51 141 60 46 68 140 93 117 0 170 143 153 137 176 133 127 29 156 112 4 11 184 28 166 77 116 65 105 47 149 131 43 96 41 193 159 103 146 192 160 54 30 147 104 190 10 177 48 42 5 115 198 139 110 163 69 108 18 199 191 79 182
NearestNeighbor (NN with profit),TSPA.csv,64,64,356428146,47720,-2314,148,64 114 23 76 183 89 83 15 9 62 61 155 144 49 32 138 8 165 39 107 90 27 71 164 7 21 102 167 111 124 94 19 99 121 136 158 53 180 6 194 161 162 72 118 59 51 141 60 46 68 140 93 117 0 170 143 153 137 130 12 148 33 37 128 172 82 44 25 168 157 31 56 13 88 16 171 113 50 196 169 174 187 81 91 179 92 129 87 74 152 1 101 150 26 100 173 127 29 156 112 4 11 184 28 166 77 116 65 105 47 149 131 43 96 41 193 159 103 146 192 160 54 30 147 104 190 10 177 48 42 5 115 198 139 110 163 69 108 18 199 191 178 3 106 185 119 40 14
NearestNeighbor (NN with profit),TSPA.csv,65,65,356428147,49381,-3133,142,65 116 77 166 28 184 11 4 112 29 156 126 24 149 72 118 59 51 141 60 46 68 140 93 117 0 170 143 183 89 23 114 64 15 9 62 61 155 144 49 32 138 8 165 39 107 90 27 71 164 7 21 102 167 111 124 94 19 99 121 136 158 53 180 6 194 161 162 133 63 130 12 176 66 109 115 41 193 159 103 146 192 160 54 30 147 104 190 10 177 48 96 198 139 110 163 69 108 76 186 148 33 37 128 172 82 44 25 168 157 31 56 13 88 16 171 113 50 196 169 174 187 81 91 179 92 129 87 74 152 1 101 150 26 100 52 178 3 106 185 119 40
NearestNeighbor (NN with profit),TSPA.csv,66,66,356428148,46785,641,147,118 59 60 141 176 80 63 121 99 19 189 94 130 12 124 111 167 128 9 62 61 155 144 49 32 138 8 165 39 107 90 27 71 164 7 21 132 73 64 114 23 76 183 89 83 15 148 33 37 178 3 106 52 55 179 91 196 169 174 187 81 157 31 56 13 168 145 78 82 44 25 16 88 171 113 50 17 119 40 185 92 129 87 74 152 1 101 150 26 100 158 53 136 180 6 194 127 29 156 112 4 11 184 28 166 77 116 65 105 47 149 131 43 96 41 193 159 103 146 192 160 54 30 147 104 190 10 177 48 42 5 115 46 68 140 93 117 0 198 139 110 163 69 108 18 199 142
NearestNeighbor (NN with profit),TSPA.csv,67,67,356428149,48472,-1116,145,163 69 108 18 199 159 41 193 96 115 46 68 140 93 117 0 170 143 183 89 23 114 64 15 9 62 61 155 144 49 32 138 8 165 39 107 90 27 71 164 7 21 102 167 111 124 94 19 99 121 136 158 53 180 6 194 161 162 72 118 59 51 141 60 109 66 176 80 133 24 29 156 112 4 11 184 28 166 77 116 65 105 47 149 131 43 192 160 54 30 147 104 190 10 177 48 103 146 181 173 100 101 150 1 97 74 152 125 2 82 44 25 168 157 31 56 13 88 16 171 113 50 196 169 174 187 81 91 179 52 178 3 106 185 119 40 128 33 37 148 12 130 198 139 110
NearestNeighbor (NN with profit),TSPA.csv,68,68,356428150,47019,2298,146,60 118 59 72 51 141 66 176 80 63 121 99 19 189 94 130 12 124 111 167 128 9 62 61 155 144 49 32 138 8 165 39 107 90 27 71 164 7 21 132 73 64 114 23 76 183 89 83 15 148 33 37 178 3 106 52 55 179 91 196 169 174 187 81 157 31 56 13 168 145 78 82 44 25 16 88 171 113 50 17 119 40 185 92 129 87 74 152 1 101 150 26 100 158 53 136 180 6 194 127 29 156 112 4 11 184 28 166 77 116 65 105 47 149 131 43 96 41 193 159 103 146 192 160 54 30 147 104 190 10 177 48 42 5 115 198 139 110 163 69 108 67 140 93 117 0
NearestNeighbor (NN with profit),TSPA.csv,69,69,356428151,46503,2479,145,163 108 67 140 93 68 46 60 118 59 72 51 141 66 176 80 63 121 99 19 189 94 130 12 124 111 167 128 9 62 61 155 144 49 32 138 8 165 39 107 90 27 71 164 7 21 132 73 64 114 23 76 183 89 83 15 148 33 37 178 3 106 52 55 179 91 196 169 174 187 81 157 31 56 13 168 145 78 82 44 25 16 88 171 113 50 17 119 40 185 92 129 87 74 152 1 101 150 26 100 158 53 136 180 6 194 127 29 156 112 4 11 184 28 166 77 116 65 105 47 149 131 43 96 41 193 159 103 146 192 160 54 30 147 104 190 10 177 48 42 5 115 198 139 110
NearestNeighbor (NN with profit),TSPA.csv,70,70,356428152,46296,-544,158,6 180 158 53 121 99 19 189 94 130 12 124 111 167 128 9 62 61 155 144 49 32 138 8 165 39 107 90 27 71 164 7 21 132 73 64 114 23 76 183 89 83 15 148 33 37 178 3 106 52 55 179 91 196 169 174 187 81 157 31 56 13 168 145 78 82 44 25 16 88 171 113 50 17 119 40 185 92 129 87 74 152 1 101 150 26 100 136 182 63 133 161 162 72 118 59 51 141 60 46 68 140 93 117 0 170 143 153 137 176 151 194 127 29 156 112 4 11 184 28 166 77 116 65 105 47 149 131 43 96 41 193 159 103 146 192 160 54 30 147 104 190 10 177 48 42 5 115 198 139 110 163 69 108 18 199 142 173
NearestNeighbor (NN with profit),TSPA.csv,71,71,356428153,47455,-1476,142,107 90 27 39 165 8 119 40 185 169 196 157 31 56 13 168 145 179 91 82 87 74 19 99 121 136 158 53 180 6 194 161 162 72 118 59 51 141 60 46 68 140 93 117 0 170 143 183 89 23 114 64 15 9 62 61 155 144 49 32 138 178 3 106 52 55 167 111 124 94 130 12 133 127 29 156 112 4 11 184 28 166 77 116 65 105 47 149 131 43 96 41 193 159 103 146 192 160 54 30 147 104 190 10 177 48 42 5 115 198 139 110 163 69 108 18 199 191 182 100 101 150 1 97 152 33 37 102 14 21 7 164 58 95 174 187 81 50 113 171 88 16
NearestNeighbor (NN with profit),TSPA.csv,72,72,356428154,48386,-1725,144,118 59 51 141 60 46 68 140 93 117 0 170 143 183 89 23 114 64 15 9 62 61 155 144 49 32 138 8 165 39 107 90 27 71 164 7 21 102 167 111 124 94 19 99 121 136 158 53 180 6 194 161 162 133 63 130 12 176 66 109 115 41 193 159 103 146 192 160 184 28 166 11 4 112 29 156 126 24 149 77 116 65 105 96 5 42 54 30 147 104 190 84 127 173 100 101 150 1 97 74 152 125 2 82 44 25 168 157 31 56 13 88 16 171 113 50 196 169 174 187 81 91 179 52 178 3 106 185 119 40 128 33 37 148 137 198 139 110 163 69 108 18 199 191
NearestNeighbor (NN with profit),TSPA.csv,73,73,356428155,46880,-1580,138,155 144 61 9 62 49 32 138 8 165 39 107 90 27 71 164 7 95 119 40 185 169 196 157 31 56 13 168 145 179 91 82 87 74 19 99 121 136 158 53 180 6 194 161 162 72 118 59 51 141 60 46 68 140 93 117 0 170 143 183 89 23 114 64 15 148 167 111 124 94 130 12 133 127 29 156 112 4 11 184 28 166 77 116 65 105 47 149 131 43 96 41 193 159 103 146 192 160 54 30 147 104 190 10 177 48 42 5 115 198 139 110 163 69 108 18 199 191 182 100 101 150 1 97 152 33 37 178 3 106 174 187 81 50 113 171 88 16
NearestNeighbor (NN with profit),TSPA.csv,74,74,356428156,47320,-769,145,74 87 101 150 1 19 99 121 136 158 53 180 6 194 161 162 72 118 59 51 141 60 46 68 140 93 117 0 170 143 183 89 23 114 64 15 9 62 61 155 144 49 32 138 8 165 39 107 90 27 71 164 7 21 102 167 111 124 94 130 12 133 127 29 156 112 4 11 184 28 166 77 116 65 105 47 149 131 43 96 41 193 159 103 146 192 160 54 30 147 104 190 10 177 48 42 5 115 198 139 110 163 69 108 18 199 191 182 100 26 97 152 125 2 82 44 25 168 157 31 56 13 88 16 171 113 50 196 169 174 187 81 91 179 52 178 3 106 185 119 40 128 33 37 148
NearestNeighbor (NN with profit),TSPA.csv,75,75,356428157,47092,-891,144,150 101 1 19 99 121 136 158 53 180 6 194 161 162 72 118 59 51 141 60 46 68 140 93 117 0 170 143 183 89 23 114 64 15 9 62 61 155 144 49 32 138 8 165 39 107 90 27 71 164 7 21 102 167 111 124 94 130 12 133 127 29 156 112 4 11 184 28 166 77 116 65 105 47 149 131 43 96 41 193 159 103 146 192 160 54 30 147 104 190 10 177 48 42 5 115 198 139 110 163 69 108 18 199 191 182 100 26 97 74 152 125 2 82 44 25 168 157 31 56 13 88 16 171 113 50 196 169 174 187 81 91 179 52 178 3 106 185 119 40 128 33 37 148
NearestNeighbor (NN with profit),TSPA.csv,76,76,356428158,47877,-2139,145,114 64 15 9 62 61 155 144 49 32 138 8 165 39 107 90 27 71 164 7 21 102 167 111 124 94 19 99 121 136 158 53 180 6 194 161 162 72 118 59 51 141 60 46 68 140 93 117 0 170 143 183 89 83 186 130 12 148 33 37 128 172 82 44 25 168 157 31 56 13 88 16 171 113 50 196 169 174 187 81 91 179 92 129 87 74 152 1 101 150 26 100 173 127 29 156 112 4 11 184 28 166 77 116 65 105 47 149 131 43 96 41 193 159 103 146 192 160 54 30 147 104 190 10 177 48 42 5 115 198 139 110 163 69 108 18 199 191 178 3 106 185 119 40 14
NearestNeighbor (NN with profit),TSPA.csv,77,77,356428159,49475,-3265,143,77 116 65 105 166 28 184 11 4 112 29 156 126 24 149 72 118 59 51 141 60 46 68 140 93 117 0 170 143 183 89 23 114 64 15 9 62 61 155 144 49 32 138 8 165 39 107 90 27 71 164 7 21 102 167 111 124 94 19 99 121 136 158 53 180 6 194 161 162 133 63 130 12 176 66 109 115 41 193 159 103 146 192 160 54 30 147 104 190 10 177 48 96 198 139 110 163 69 108 76 186 148 33 37 128 172 82 44 25 168 157 31 56 13 88 16 171 113 50 196 169 174 187 81 91 179 92 129 87 74 152 1 101 150 26 100 52 178 3 106 185 119 40
NearestNeighbor (NN with profit),TSPA.csv,78,78,356428160,46431,-370,140,168 157 31 56 13 88 16 171 113 50 196 169 174 187 81 91 179 145 82 44 120 87 74 19 99 121 136 158 53 180 6 194 161 162 72 118 59 51 141 60 46 68 140 93 117 0 170 143 183 89 23 114 64 15 9 62 61 155 144 49 32 138 8 165 39 107 90 27 71 164 7 21 102 167 111 124 94 130 12 133 127 29 156 112 4 11 184 28 166 77 116 65 105 47 149 131 43 96 41 193 159 103 146 192 160 54 30 147 104 190 10 177 48 42 5 115 198 139 110 163 69 108 18 199 191 182 100 101 150 1 97 152 33 37 178 3 106 185 119 40
NearestNeighbor (NN with profit),TSPA.csv,79,79,356428161,46440,-687,156,121 99 19 189 94 130 12 124 111 167 128 9 62 61 155 144 49 32 138 8 165 39 107 90 27 71 164 7 21 132 73 64 114 23 76 183 89 83 15 148 33 37 178 3 106 52 55 179 91 196 169 174 187 81 157 31 56 13 168 145 78 82 44 25 16 88 171 113 50 17 119 40 185 92 129 87 74 152 1 101 150 26 100 158 53 136 180 6 194 161 162 72 118 59 51 141 60 46 68 140 93 117 0 170 143 153 137 176 133 127 29 156 112 4 11 184 28 166 77 116 65 105 47 149 131 43 96 41 193 159 103 146 192 160 54 30 147 104 190 10 177 48 42 5 115 198 139 110 163 69 108 18 199 191 80 122
NearestNeighbor (NN with profit),TSPA.csv,80,80,356428162,47692,-2158,142,176 51 72 118 59 60 46 68 140 93 117 0 170 143 183 89 23 114 64 15 9 62 61 155 144 49 32 138 8 165 39 107 90 27 71 164 7 21 102 167 111 124 94 19 99 121 136 158 53 180 6 194 161 162 133 63 130 12 148 33 37 128 172 82 44 25 168 157 31 56 13 88 16 171 113 50 196 169 174 187 81 91 179 92 129 87 74 152 1 101 150 26 100 173 127 29 156 112 4 11 184 28 166 77 116 65 105 47 149 131 43 96 41 193 159 103 146 192 160 54 30 147 104 190 10 177 48 42 5 115 198 139 110 163 69 108 178 3 106 185 119 40
NearestNeighbor (NN with profit),TSPA.csv,81,81,356428163,47818,-671,137,81 187 174 169 196 157 31 56 13 168 145 179 91 185 8 165 39 107 90 27 71 164 7 21 138 32 49 155 144 61 9 62 167 111 124 94 19 99 121 136 158 53 180 6 194 161 162 72 118 59 51 141 60 46 68 140 93 117 0 170 143 183 89 23 114 64 15 148 33 37 87 74 152 1 101 150 26 100 189 130 12 133 127 29 156 112 4 11 184 28 166 77 116 65 105 47 149 131 43 96 41 193 159 103 146 192 160 54 30 147 104 190 10 177 48 42 5 115 198 139 110 163 69 108 18 199 191 178 3 106 119 40 50 113 171 88 16
NearestNeighbor (NN with profit),TSPA.csv,82,82,356428164,46714,-875,141,82 44 25 168 157 31 56 13 88 16 171 113 50 196 169 174 187 81 91 179 92 129 87 74 19 99 121 136 158 53 180 6 194 161 162 72 118 59 51 141 60 46 68 140 93 117 0 170 143 183 89 23 114 64 15 9 62 61 155 144 49 32 138 8 165 39 107 90 27 71 164 7 21 102 167 111 124 94 130 12 133 127 29 156 112 4 11 184 28 166 77 116 65 105 47 149 131 43 96 41 193 159 103 146 192 160 54 30 147 104 190 10 177 48 42 5 115 198 139 110 163 69 108 18 199 191 182 100 101 150 1 97 152 33 37 178 3 106 185 119 40
NearestNeighbor (NN with profit),TSPA.csv,83,83,356428165,48649,-1844,144,114 64 15 9 62 61 155 144 49 32 138 8 165 39 107 90 27 71 164 7 21 102 167 111 124 94 19 99 121 136 158 53 180 6 194 161 162 72 118 59 51 141 60 46 68 140 93 117 0 170 143 183 89 23 137 130 12 148 33 37 128 172 82 44 25 168 157 31 56 13 88 16 171 113 50 196 169 174 187 81 91 179 92 129 87 74 152 1 101 150 26 100 173 127 29 156 112 4 11 184 28 166 77 116 65 105 47 149 131 43 96 41 193 159 103 146 192 160 54 30 147 104 190 10 177 48 42 5 115 198 139 110 163 69 108 18 199 191 178 3 106 185 119 40
NearestNeighbor (NN with profit),TSPA.csv,84,84,356428166,47216,-1303,146,29 156 126 11 184 28 166 77 116 65 105 47 149 24 161 162 72 118 59 51 141 60 46 68 140 93 117 0 170 143 183 89 23 114 64 15 9 62 61 155 144 49 32 138 8 165 39 107 90 27 71 164 7 21 102 167 111 124 94 19 99 121 136 158 53 180 6 194 131 43 96 41 193 159 103 146 192 160 54 30 147 104 190 10 177 48 42 5 115 198 139 110 163 69 108 18 199 191 109 66 176 80 133 173 100 101 150 1 97 74 152 125 2 82 44 25 168 157 31 56 13 88 16 171 113 50 196 169 174 187 81 91 179 52 178 3 106 185 119 40 128 33 37 148 12 130
NearestNeighbor (NN with profit),TSPA.csv,85,85,356428167,47253,-2991,139,56 31 157 196 169 174 187 81 168 145 179 91 185 8 165 39 107 90 27 71 164 7 21 138 32 49 155 144 61 9 62 167 111 124 94 19 99 121 136 158 53 180 6 194 161 162 72 118 59 51 141 60 46 68 140 93 117 0 170 143 183 89 23 114 64 15 148 33 37 87 74 152 1 101 150 26 100 189 130 12 133 127 29 156 112 4 11 184 28 166 77 116 65 105 47 149 131 43 96 41 193 159 103 146 192 160 54 30 147 104 190 10 177 48 42 5 115 198 139 110 163 69 108 18 199 191 178 3 106 119 40 132 73 83 186 88 16 171 113
NearestNeighbor (NN with profit),TSPA.csv,86,86,356428168,47455,-889,144,101 150 1 19 99 121 136 158 53 180 6 194 161 162 72 118 59 51 141 60 46 68 140 93 117 0 170 143 183 89 23 114 64 15 9 62 61 155 144 49 32 138 8 165 39 107 90 27 71 164 7 21 102 167 111 124 94 130 12 133 127 29 156 112 4 11 184 28 166 77 116 65 105 47 149 131 43 96 41 193 159 103 146 192 160 54 30 147 104 190 10 177 48 42 5 115 198 139 110 163 69 108 18 199 191 182 100 26 97 74 152 125 2 82 44 25 168 157 31 56 13 88 16 171 113 50 196 169 174 187 81 91 179 52 178 3 106 185 119 40 128 33 37 148
NearestNeighbor (NN with profit),TSPA.csv,87,87,356428169,47446,-774,144,87 74 19 99 121 136 158 53 180 6 194 161 162 72 118 59 51 141 60 46 68 140 93 117 0 170 143 183 89 23 114 64 15 9 62 61 155 144 49 32 138 8 165 39 107 90 27 71 164 7 21 102 167 111 124 94 130 12 133 127 29 156 112 4 11 184 28 166 77 116 65 105 47 149 131 43 96 41 193 159 103 146 192 160 54 30 147 104 190 10 177 48 42 5 115 198 139 110 163 69 108 18 199 191 182 100 101 150 1 97 152 125 2 82 44 25 168 157 31 56 13 88 16 171 113 50 196 169 174 187 81 91 179 52 178 3 106 185 119 40 128 33 37 148
NearestNeighbor (NN with profit),TSPA.csv,88,88,356428170,47314,-339,136,88 16 56 31 157 196 169 174 187 81 168 145 179 91 185 8 165 39 107 90 27 71 164 7 21 138 32 49 155 144 61 9 62 167 111 124 94 19 99 121 136 158 53 180 6 194 161 162 72 118 59 51 141 60 46 68 140 93 117 0 170 143 183 89 23 114 64 15 148 33 37 87 74 152 1 101 150 26 100 189 130 12 133 127 29 156 112 4 11 184 28 166 77 116 65 105 47 149 131 43 96 41 193 159 103 146 192 160 54 30 147 104 190 10 177 48 42 5 115 198 139 110 163 69 108 18 199 191 178 3 106 119 40 50 113 171
NearestNeighbor (NN with profit),TSPA.csv,89,89,356428171,49103,-2594,146,89 183 23 114 64 15 9 62 61 155 144 49 32 138 8 165 39 107 90 27 71 164 7 21 102 167 111 124 94 19 99 121 136 158 53 180 6 194 161 162 72 118 59 51 141 60 46 68 140 93 117 0 170 143 153 76 137 130 12 148 33 37 128 172 82 44 25 168 157 31 56 13 88 16 171 113 50 196 169 174 187 81 91 179 92 129 87 74 152 1 101 150 26 100 173 127 29 156 112 4 11 184 28 166 77 116 65 105 47 149 131 43 96 41 193 159 103 146 192 160 54 30 147 104 190 10 177 48 42 5 115 198 139 110 163 69 108 18 199 191 178 3 106 185 119 40
NearestNeighbor (NN with profit),TSPA.csv,90,90,356428172,47723,-245,141,90 107 27 71 164 7 21 138 32 49 155 144 61 9 62 167 111 124 94 19 99 121 136 158 53 180 6 194 161 162 72 118 59 51 141 60 46 68 140 93 117 0 170 143 183 89 23 114 64 15 148 33 37 128 172 82 44 25 168 157 31 56 13 88 16 171 113 50 196 169 174 187 81 91 179 92 129 87 74 152 1 101 150 26 100 189 130 12 133 127 29 156 112 4 11 184 28 166 77 116 65 105 47 149 131 43 96 41 193 159 103 146 192 160 54 30 147 104 190 10 177 48 42 5 115 198 139 110 163 69 108 18 199 191 178 3 106 8 165 119 40
NearestNeighbor (NN with profit),TSPA.csv,91,91,356428173,46653,-272,142,91 179 168 157 31 56 13 88 16 171 113 50 196 169 174 187 81 17 145 78 82 44 120 87 74 19 99 121 136 158 53 180 6 194 161 162 72 118 59 51 141 60 46 68 140 93 117 0 170 143 183 89 23 114 64 15 9 62 61 155 144 49 32 138 8 165 39 107 90 27 71 164 7 21 102 167 111 124 94 130 12 133 127 29 156 112 4 11 184 28 166 77 116 65 105 47 149 131 43 96 41 193 159 103 146 192 160 54 30 147 104 190 10 177 48 42 5 115 198 139 110 163 69 108 18 199 191 182 100 101 150 1 97 152 33 37 178 3 106 185 119 40
NearestNeighbor (NN with profit),TSPA.csv,92,92,356428174,46837,-2478,141,82 44 25 168 157 31 56 13 88 16 171 113 50 196 169 174 187 81 91 179 119 40 8 165 39 107 90 27 71 164 7 21 138 32 49 155 144 61 9 62 167 111 124 94 19 99 121 136 158 53 180 6 194 161 162 72 118 59 51 141 60 46 68 140 93 117 0 170 143 183 89 23 114 64 15 148 33 37 87 74 152 1 101 150 26 100 189 130 12 133 127 29 156 112 4 11 184 28 166 77 116 65 105 47 149 131 43 96 41 193 159 103 146 192 160 54 30 147 104 190 10 177 48 42 5 115 198 139 110 163 69 108 18 199 191 178 3 132 73 83 186
NearestNeighbor (NN with profit),TSPA.csv,93,93,356428175,46846,2669,145,140 68 46 60 118 59 72 51 141 66 176 80 63 121 99 19 189 94 130 12 124 111 167 128 9 62 61 155 144 49 32 138 8 165 39 107 90 27 71 164 7 21 132 73 64 114 23 76 183 89 83 15 148 33 37 178 3 106 52 55 179 91 196 169 174 187 81 157 31 56 13 168 145 78 82 44 25 16 88 171 113 50 17 119 40 185 92 129 87 74 152 1 101 150 26 100 158 53 136 180 6 194 127 29 156 112 4 11 184 28 166 77 116 65 105 47 149 131 43 96 41 193 159 103 146 192 160 54 30 147 104 190 10 177 48 42 5 115 198 139 110 163 69 108 67
NearestNeighbor (NN with profit),TSPA.csv,94,94,356428176,47703,-585,143,94 19 99 121 136 158 53 180 6 194 161 162 72 118 59 51 141 60 46 68 140 93 117 0 170 143 183 89 23 114 64 15 9 62 61 155 144 49 32 138 8 165 39 107 90 27 71 164 7 21 102 167 111 124 130 12 133 127 29 156 112 4 11 184 28 166 77 116 65 105 47 149 131 43 96 41 193 159 103 146 192 160 54 30 147 104 190 10 177 48 42 5 115 198 139 110 163 69 108 18 199 191 182 100 101 150 1 97 74 152 125 2 82 44 25 168 157 31 56 13 88 16 171 113 50 196 169 174 187 81 91 179 52 178 3 106 185 119 40 128 33 37 148
NearestNeighbor (NN with profit),TSPA.csv,95,95,356428177,47714,-1578,138,7 164 71 107 90 27 39 165 8 119 40 185 169 196 157 31 56 13 168 145 179 91 82 87 74 19 99 121 136 158 53 180 6 194 161 162 72 118 59 51 141 60 46 68 140 93 117 0 170 143 183 89 23 114 64 15 9 62 61 155 144 49 32 138 178 3 106 52 55 167 111 124 94 130 12 133 127 29 156 112 4 11 184 28 166 77 116 65 105 47 149 131 43 96 41 193 159 103 146 192 160 54 30 147 104 190 10 177 48 42 5 115 198 139 110 163 69 108 18 199 191 182 100 101 150 1 97 152 33 37 174 187 81 50 113 171 88 16
NearestNeighbor (NN with profit),TSPA.csv,96,96,356428178,46671,492,149,96 41 193 159 103 146 192 160 184 28 166 11 4 112 29 156 126 24 149 77 116 65 105 47 59 118 60 51 72 161 6 180 158 53 121 99 19 189 94 130 12 124 111 167 128 9 62 61 155 144 49 32 138 8 165 39 107 90 27 71 164 7 21 132 73 64 114 23 76 183 89 83 15 148 33 37 178 3 106 52 55 179 91 196 169 174 187 81 157 31 56 13 168 145 78 82 44 25 16 88 171 113 50 17 119 40 185 92 129 87 74 152 1 101 150 26 100 136 182 63 80 176 66 141 46 68 140 93 117 0 198 139 110 163 69 108 18 199 5 42 43 35 84 190 10 54 30 147 104
NearestNeighbor (NN with profit),TSPA.csv,97,97,356428179,47418,-891,144,97 101 150 1 19 99 121 136 158 53 180 6 194 161 162 72 118 59 51 141 60 46 68 140 93 117 0 170 143 183 89 23 114 64 15 9 62 61 155 144 49 32 138 8 165 39 107 90 27 71 164 7 21 102 167 111 124 94 130 12 133 127 29 156 112 4 11 184 28 166 77 116 65 105 47 149 131 43 96 41 193 159 103 146 192 160 54 30 147 104 190 10 177 48 42 5 115 198 139 110 163 69 108 18 199 191 182 100 26 74 152 125 2 82 44 25 168 157 31 56 13 88 16 171 113 50 196 169 174 187 81 91 179 52 178 3 106 185 119 40 128 33 37 148
NearestNeighbor (NN with profit),TSPA.csv,98,98,356428180,47694,-651,137,196 169 174 187 81 157 31 56 13 168 145 179 91 185 8 165 39 107 90 27 71 164 7 21 138 32 49 155 144 61 9 62 167 111 124 94 19 99 121 136 158 53 180 6 194 161 162 72 118 59 51 141 60 46 68 140 93 117 0 170 143 183 89 23 114 64 15 148 33 37 87 74 152 1 101 150 26 100 189 130 12 133 127 29 156 112 4 11 184 28 166 77 116 65 105 47 149 131 43 96 41 193 159 103 146 192 160 54 30 147 104 190 10 177 48 42 5 115 198 139 110 163 69 108 18 199 191 178 3 106 119 40 50 113 171 88 16
NearestNeighbor (NN with profit),TSPA.csv,99,99,356428181,46456,-784,154,99 121 19 189 94 130 12 124 111 167 128 9 62 61 155 144 49 32 138 8 165 39 107 90 27 71 164 7 21 132 73 64 114 23 76 183 89 83 15 148 33 37 178 3 106 52 55 179 91 196 169 174 187 81 157 31 56 13 168 145 78 82 44 25 16 88 171 113 50 17 119 40 185 92 129 87 74 152 1 101 150 26 100 158 53 136 180 6 194 161 162 72 118 59 51 141 60 46 68 140 93 117 0 170 143 153 137 176 133 127 29 156 112 4 11 184 28 166 77 116 65 105 47 149 131 43 96 41 193 159 103 146 192 160 54 30 147 104 190 10 177 48 42 5 115 198 139 110 163 69 108 18 199 191
NearestNeighbor (NN with profit),TSPA.csv,100,100,356428182,46196,-870,154,121 99 19 189 94 130 12 124 111 167 128 9 62 61 155 144 49 32 138 8 165 39 107 90 27 71 164 7 21 132 73 64 114 23 76 183 89 83 15 148 33 37 178 3 106 52 55 179 91 196 169 174 187 81 157 31 56 13 168 145 78 82 44 25 16 88 171 113 50 17 119 40 185 92 129 87 74 152 1 101 150 26 158 53 136 180 6 194 161 162 72 118 59 51 141 60 46 68 140 93 117 0 170 143 153 137 176 133 127 29 156 112 4 11 184 28 166 77 116 65 105 47 149 131 43 96 41 193 159 103 146 192 160 54 30 147 104 190 10 177 48 42 5 115 198 139 110 163 69 108 18 199 191 182
NearestNeighbor (NN with profit),TSPA.csv,101,101,356428183,47261,-889,144,101 150 1 19 99 121 136 158 53 180 6 194 161 162 72 118 59 51 141 60 46 68 140 93 117 0 170 143 183 89 23 114 64 15 9 62 61 155 144 49 32 138 8 165 39 107 90 27 71 164 7 21 102 167 111 124 94 130 12 133 127 29 156 112 4 11 184 28 166 77 116 65 105 47 149 131 43 96 41 193 159 103 146 192 160 54 30 147 104 190 10 177 48 42 5 115 198 139 110 163 69 108 18 199 191 182 100 26 97 74 152 125 2 82 44 25 168 157 31 56 13 88 16 171 113 50 196 169 174 187 81 91 179 52 178 3 106 185 119 40 128 33 37 148
NearestNeighbor (NN with profit),TSPA.csv,102,102,356428184,47316,-2080,146,155 144 61 9 62 49 32 138 8 165 39 107 90 27 71 164 7 21 132 73 64 114 23 76 183 89 83 15 148 167 111 124 94 19 99 121 136 158 53 180 6 194 161 162 72 118 59 51 141 60 46 68 140 93 117 0 170 143 153 137 130 12 189 101 150 1 97 26 100 74 152 125 2 82 44 25 168 157 31 56 13 88 16 171 113 50 196 169 174 187 81 91 179 52 178 3 106 185 119 40 128 33 37 173 127 29 156 112 4 11 184 28 166 77 116 65 105 47 149 131 43 96 41 193 159 103 146 192 160 54 30 147 104 190 10 177 48 42 5 115 198 139 110 163 69 108
NearestNeighbor (NN with profit),TSPA.csv,103,103,356428185,48495,-2138,146,103 146 159 41 193 96 115 46 68 140 93 117 0 170 143 183 89 23 114 64 15 9 62 61 155 144 49 32 138 8 165 39 107 90 27 71 164 7 21 102 167 111 124 94 19 99 121 136 158 53 180 6 194 161 162 72 118 59 51 141 60 109 66 176 80 133 24 29 156 112 4 11 184 28 166 77 116 65 105 47 149 131 43 192 160 54 30 147 104 190 10 177 48 181 195 22 69 163 108 67 110 139 198 173 100 101 150 1 97 74 152 125 2 82 44 25 168 157 31 56 13 88 16 171 113 50 196 169 174 187 81 91 179 52 178 3 106 185 119 40 128 33 37 148 12 130
NearestNeighbor (NN with profit),TSPA.csv,104,104,356428186,48234,930,137,54 30 147 184 28 166 11 4 112 29 156 126 24 149 77 116 65 105 47 59 118 60 51 72 161 6 180 158 53 121 99 19 189 94 130 12 124 111 167 128 9 62 61 155 144 49 32 138 8 165 39 107 90 27 71 164 7 21 132 73 64 114 23 76 183 89 83 15 148 33 37 178 3 106 52 55 179 91 196 169 174 187 81 157 31 56 13 168 145 78 82 44 25 16 88 171 113 50 17 119 40 185 92 129 87 74 152 1 101 150 26 100 136 182 63 80 176 66 141 46 68 140 93 117 0 115 41 193 159 103 146 163 69 108 67 110 139
NearestNeighbor (NN with profit),TSPA.csv,105,105,356428187,47822,700,148,105 116 77 166 28 184 11 4 112 29 156 126 24 149 131 65 59 118 60 51 72 161 6 180 158 53 121 99 19 189 94 130 12 124 111 167 128 9 62 61 155 144 49 32 138 8 165 39 107 90 27 71 164 7 21 132 73 64 114 23 76 183 89 83 15 148 33 37 178 3 106 52 55 179 91 196 169 174 187 81 157 31 56 13 168 145 78 82 44 25 16 88 171 113 50 17 119 40 185 92 129 87 74 152 1 101 150 26 100 136 182 63 80 176 66 141 46 68 140 93 117 0 115 41 193 159 103 146 192 160 54 30 147 104 190 10 177 48 96 198 139 110 163 69 108 18 199 142
NearestNeighbor (NN with profit),TSPA.csv,106,106,356428188,47836,-742,140,32 138 8 165 39 107 90 27 71 164 7 21 155 144 61 9 62 167 111 124 94 19 99 121 136 158 53 180 6 194 161 162 72 118 59 51 141 60 46 68 140 93 117 0 170 143 183 89 23 114 64 15 148 33 37 128 172 82 44 25 168 157 31 56 13 88 16 171 113 50 196 169 174 187 81 91 179 92 129 87 74 152 1 101 150 26 100 189 130 12 133 127 29 156 112 4 11 184 28 166 77 116 65 105 47 149 131 43 96 41 193 159 103 146 192 160 54 30 147 104 190 10 177 48 42 5 115 198 139 110 163 69 108 18 199 191 52 185 119 40
NearestNeighbor (NN with profit),TSPA.csv,107,107,356428189,47968,-433,141,107 90 27 71 164 7 21 138 32 49 155 144 61 9 62 167 111 124 94 19 99 121 136 158 53 180 6 194 161 162 72 118 59 51 141 60 46 68 140 93 117 0 170 143 183 89 23 114 64 15 148 33 37 128 172 82 44 25 168 157 31 56 13 88 16 171 113 50 196 169 174 187 81 91 179 92 129 87 74 152 1 101 150 26 100 189 130 12 133 127 29 156 112 4 11 184 28 166 77 116 65 105 47 149 131 43 96 41 193 159 103 146 192 160 54 30 147 104 190 10 177 48 42 5 115 198 139 110 163 69 108 18 199 191 178 3 106 8 165 119 40
NearestNeighbor (NN with profit),TSPA.csv,108,108,356428190,46369,1615,148,108 69 163 67 140 93 68 46 60 118 59 72 51 141 66 176 80 63 121 99 19 189 94 130 12 124 111 167 128 9 62 61 155 144 49 32 138 8 165 39 107 90 27 71 164 7 21 132 73 64 114 23 76 183 89 83 15 148 33 37 178 3 106 52 55 179 91 196 169 174 187 81 157 31 56 13 168 145 78 82 44 25 16 88 171 113 50 17 119 40 185 92 129 87 74 152 1 101 150 26 100 158 53 136 180 6 194 127 29 156 112 4 11 184 28 166 77 116 65 105 47 149 131 43 96 41 193 159 103 146 192 160 54 30 147 104 190 10 177 48 42 5 115 198 139 110 0 170
NearestNeighbor (NN with profit),TSPA.csv,109,109,356428191,46263,896,150,109 51 72 118 59 60 141 66 176 80 63 121 99 19 189 94 130 12 124 111 167 128 9 62 61 155 144 49 32 138 8 165 39 107 90 27 71 164 7 21 132 73 64 114 23 76 183 89 83 15 148 33 37 178 3 106 52 55 179 91 196 169 174 187 81 157 31 56 13 168 145 78 82 44 25 16 88 171 113 50 17 119 40 185 92 129 87 74 152 1 101 150 26 100 158 53 136 180 6 194 127 29 156 112 4 11 184 28 166 77 116 65 105 47 149 131 43 96 41 193 159 103 146 192 160 54 30 147 104 190 10 177 48 42 5 115 46 68 140 93 117 0 198 139 110 163 69 108 18 199
NearestNeighbor (NN with profit),TSPA.csv,110,110,356428192,47434,2165,146,60 118 59 72 51 141 66 176 80 63 121 99 19 189 94 130 12 124 111 167 128 9 62 61 155 144 49 32 138 8 165 39 107 90 27 71 164 7 21 132 73 64 114 23 76 183 89 83 15 148 33 37 178 3 106 52 55 179 91 196 169 174 187 81 157 31 56 13 168 145 78 82 44 25 16 88 171 113 50 17 119 40 185 92 129 87 74 152 1 101 150 26 100 158 53 136 180 6 194 127 29 156 112 4 11 184 28 166 77 116 65 105 47 149 131 43 96 41 193 159 103 146 192 160 54 30 147 104 190 10 177 48 42 5 115 198 139 191 163 69 108 67 140 93 117 0
NearestNeighbor (NN with profit),TSPA.csv,111,111,356428193,46665,-1361,152,111 167 128 9 62 61 155 144 49 32 138 8 165 39 107 90 27 71 164 7 21 132 73 64 114 23 76 183 89 83 15 148 33 37 178 3 106 52 55 179 91 196 169 174 187 81 157 31 56 13 168 145 78 82 44 25 16 88 171 113 50 17 119 40 185 92 129 87 74 19 99 121 136 158 53 180 6 194 161 162 72 118 59 51 141 60 46 68 140 93 117 0 170 143 153 137 130 12 124 189 101 150 1 97 26 100 173 127 29 156 112 4 11 184 28 166 77 116 65 105 47 149 131 43 96 41 193 159 103 146 192 160 54 30 147 104 190 10 177 48 42 5 115 198 139 110 163 69 108 18 199 191
NearestNeighbor (NN with profit),TSPA.csv,112,112,356428194,47414,-1234,146,29 156 4 11 184 28 166 77 116 65 105 47 149 24 161 162 72 118 59 51 141 60 46 68 140 93 117 0 170 143 183 89 23 114 64 15 9 62 61 155 144 49 32 138 8 165 39 107 90 27 71 164 7 21 102 167 111 124 94 19 99 121 136 158 53 180 6 194 131 43 96 41 193 159 103 146 192 160 54 30 147 104 190 10 177 48 42 5 115 198 139 110 163 69 108 18 199 191 109 66 176 80 133 173 100 101 150 1 97 74 152 125 2 82 44 25 168 157 31 56 13 88 16 171 113 50 196 169 174 187 81 91 179 52 178 3 106 185 119 40 128 33 37 148 12 130
NearestNeighbor (NN with profit),TSPA.csv,113,113,356428195,47242,-3092,137,56 31 157 196 169 174 187 81 168 145 179 91 185 8 165 39 107 90 27 71 164 7 21 138 32 49 155 144 61 9 62 167 111 124 94 19 99 121 136 158 53 180 6 194 161 162 72 118 59 51 141 60 46 68 140 93 117 0 170 143 183 89 23 114 64 15 148 33 37 87 74 152 1 101 150 26 100 189 130 12 133 127 29 156 112 4 11 184 28 166 77 116 65 105 47 149 131 43 96 41 193 159 103 146 192 160 54 30 147 104 190 10 177 48 42 5 115 198 139 110 163 69 108 18 199 191 178 3 106 119 40 132 73 83 186 88 16
NearestNeighbor (NN with profit),TSPA.csv,114,114,356428196,48518,-1844,144,114 64 15 9 62 61 155 144 49 32 138 8 165 39 107 90 27 71 164 7 21 102 167 111 124 94 19 99 121 136 158 53 180 6 194 161 162 72 118 59 51 141 60 46 68 140 93 117 0 170 143 183 89 23 137 130 12 148 33 37 128 172 82 44 25 168 157 31 56 13 88 16 171 113 50 196 169 174 187 81 91 179 92 129 87 74 152 1 101 150 26 100 173 127 29 156 112 4 11 184 28 166 77 116 65 105 47 149 131 43 96 41 193 159 103 146 192 160 54 30 147 104 190 10 177 48 42 5 115 198 139 110 163 69 108 18 199 191 178 3 106 185 119 40
NearestNeighbor (NN with profit),TSPA.csv,115,115,356428197,47471,-1523,147,46 68 140 93 117 0 170 143 183 89 23 114 64 15 9 62 61 155 144 49 32 138 8 165 39 107 90 27 71 164 7 21 102 167 111 124 94 19 99 121 136 158 53 180 6 194 161 162 72 118 59 51 141 60 109 66 176 80 133 24 29 156 112 4 11 184 28 166 77 116 65 105 47 149 131 43 96 41 193 159 103 146 192 160 54 30 147 104 190 10 177 48 42 5 198 139 110 163 69 108 18 199 142 173 100 101 150 1 97 74 152 125 2 82 44 25 168 157 31 56 13 88 16 171 113 50 196 169 174 187 81 91 179 52 178 3 106 185 119 40 128 33 37 148 12 130 137
NearestNeighbor (NN with profit),TSPA.csv,116,116,356428198,49433,-3200,144,116 77 105 65 47 166 28 184 11 4 112 29 156 126 24 149 72 118 59 51 141 60 46 68 140 93 117 0 170 143 183 89 23 114 64 15 9 62 61 155 144 49 32 138 8 165 39 107 90 27 71 164 7 21 102 167 111 124 94 19 99 121 136 158 53 180 6 194 161 162 133 63 130 12 176 66 109 115 41 193 159 103 146 192 160 54 30 147 104 190 10 177 48 96 198 139 110 163 69 108 76 186 148 33 37 128 172 82 44 25 168 157 31 56 13 88 16 171 113 50 196 169 174 187 81 91 179 92 129 87 74 152 1 101 150 26 100 52 178 3 106 185 119 40
NearestNeighbor (NN with profit),TSPA.csv,117,117,356428199,48843,-3240,138,0 170 143 183 89 23 114 64 15 9 62 61 155 144 49 32 138 8 165 39 107 90 27 71 164 7 21 102 167 111 124 94 19 99 121 136 158 53 180 6 194 161 162 72 118 59 51 141 60 46 68 140 163 69 108 67 110 139 41 193 159 103 146 192 160 184 28 166 11 4 112 29 156 126 24 149 77 116 65 105 109 66 176 80 133 84 190 10 54 30 147 48 137 148 33 37 128 172 82 44 25 168 157 31 56 13 88 16 171 113 50 196 169 174 187 81 91 179 92 129 87 74 152 1 101 150 26 100 189 130 12 178 3 106 185 119 40 14
NearestNeighbor (NN with profit),TSPA.csv,118,118,356428200,48054,-1487,145,118 59 72 51 141 60 46 68 140 93 117 0 170 143 183 89 23 114 64 15 9 62 61 155 144 49 32 138 8 165 39 107 90 27 71 164 7 21 102 167 111 124 94 19 99 121 136 158 53 180 6 194 161 162 133 63 130 12 176 66 109 115 41 193 159 103 146 192 160 184 28 166 11 4 112 29 156 126 24 149 77 116 65 105 96 5 42 54 30 147 104 190 84 127 173 100 101 150 1 97 74 152 125 2 82 44 25 168 157 31 56 13 88 16 171 113 50 196 169 174 187 81 91 179 52 178 3 106 185 119 40 128 33 37 148 137 198 139 110 163 69 108 18 199 191
NearestNeighbor (NN with profit),TSPA.csv,119,119,356428201,47700,-304,141,119 40 8 165 39 107 90 27 71 164 7 21 138 32 49 155 144 61 9 62 167 111 124 94 19 99 121 136 158 53 180 6 194 161 162 72 118 59 51 141 60 46 68 140 93 117 0 170 143 183 89 23 114 64 15 148 33 37 128 172 82 44 25 168 157 31 56 13 88 16 171 113 50 196 169 174 187 81 91 179 92 129 87 74 152 1 101 150 26 100 189 130 12 133 127 29 156 112 4 11 184 28 166 77 116 65 105 47 149 131 43 96 41 193 159 103 146 192 160 54 30 147 104 190 10 177 48 42 5 115 198 139 110 163 69 108 18 199 191 178 3
NearestNeighbor (NN with profit),TSPA.csv,120,120,356428202,46698,-875,141,82 44 25 168 157 31 56 13 88 16 171 113 50 196 169 174 187 81 91 179 92 129 87 74 19 99 121 136 158 53 180 6 194 161 162 72 118 59 51 141 60 46 68 140 93 117 0 170 143 183 89 23 114 64 15 9 62 61 155 144 49 32 138 8 165 39 107 90 27 71 164 7 21 102 167 111 124 94 130 12 133 127 29 156 112 4 11 184 28 166 77 116 65 105 47 149 131 43 96 41 193 159 103 146 192 160 54 30 147 104 190 10 177 48 42 5 115 198 139 110 163 69 108 18 199 191 182 100 101 150 1 97 152 33 37 178 3 106 185 119 40
NearestNeighbor (NN with profit),TSPA.csv,121,121,356428203,46454,-711,155,121 99 19 189 94 130 12 124 111 167 128 9 62 61 155 144 49 32 138 8 165 39 107 90 27 71 164 7 21 132 73 64 114 23 76 183 89 83 15 148 33 37 178 3 106 52 55 179 91 196 169 174 187 81 157 31 56 13 168 145 78 82 44 25 16 88 171 113 50 17 119 40 185 92 129 87 74 152 1 101 150 26 100 158 53 136 180 6 194 161 162 72 118 59 51 141 60 46 68 140 93 117 0 170 143 153 137 176 133 127 29 156 112 4 11 184 28 166 77 116 65 105 47 149 131 43 96 41 193 159 103 146 192 160 54 30 147 104 190 10 177 48 42 5 115 198 139 110 163 69 108 18 199 191 182
NearestNeighbor (NN with profit),TSPA.csv,122,122,356428204,46451,-688,156,121 99 19 189 94 130 12 124 111 167 128 9 62 61 155 144 49 32 138 8 165 39 107 90 27 71 164 7 21 132 73 64 114 23 76 183 89 83 15 148 33 37 178 3 106 52 55 179 91 196 169 174 187 81 157 31 56 13 168 145 78 82 44 25 16 88 171 113 50 17 119 40 185 92 129 87 74 152 1 101 150 26 100 158 53 136 180 6 194 161 162 72 118 59 51 141 60 46 68 140 93 117 0 170 143 153 137 176 133 127 29 156 112 4 11 184 28 166 77 116 65 105 47 149 131 43 96 41 193 159 103 146 192 160 54 30 147 104 190 10 177 48 42 5 115 198 139 110 163 69 108 18 199 191 79 182
NearestNeighbor (NN with profit),TSPA.csv,123,123,356428205,48889,-2773,144,24 29 156 112 4 11 184 28 166 77 116 65 105 47 72 118 59 51 141 60 46 68 140 93 117 0 170 143 183 89 23 114 64 15 9 62 61 155 144 49 32 138 8 165 39 107 90 27 71 164 7 21 102 167 111 124 94 19 99 121 136 158 53 180 6 194 161 162 133 63 130 12 176 66 109 115 41 193 159 103 146 192 160 54 30 147 104 190 10 177 48 96 198 139 110 163 69 108 76 186 148 33 37 128 172 82 44 25 168 157 31 56 13 88 16 171 113 50 196 169 174 187 81 91 179 92 129 87 74 152 1 101 150 26 100 97 125 52 178 3 106 185 119 40
NearestNeighbor (NN with profit),TSPA.csv,124,124,356428206,48195,-1611,144,124 94 19 99 121 136 158 53 180 6 194 161 162 72 118 59 51 141 60 46 68 140 93 117 0 170 143 183 89 23 114 64 15 9 62 61 155 144 49 32 138 8 165 39 107 90 27 71 164 7 21 102 167 111 148 33 37 128 172 82 44 25 168 157 31 56 13 88 16 171 113 50 196 169 174 187 81 91 179 92 129 87 74 152 1 101 150 26 100 189 130 12 133 127 29 156 112 4 11 184 28 166 77 116 65 105 47 149 131 43 96 41 193 159 103 146 192 160 54 30 147 104 190 10 177 48 42 5 115 198 139 110 163 69 108 18 199 191 178 3 106 185 119 40
NearestNeighbor (NN with profit),TSPA.csv,125,125,356428207,47608,-758,141,87 74 19 99 121 136 158 53 180 6 194 161 162 72 118 59 51 141 60 46 68 140 93 117 0 170 143 183 89 23 114 64 15 9 62 61 155 144 49 32 138 8 165 39 107 90 27 71 164 7 21 102 167 111 124 94 130 12 133 127 29 156 112 4 11 184 28 166 77 116 65 105 47 149 131 43 96 41 193 159 103 146 192 160 54 30 147 104 190 10 177 48 42 5 115 198 139 110 163 69 108 18 199 191 182 100 101 150 1 2 82 44 25 168 157 31 56 13 88 16 171 113 50 196 169 174 187 81 91 179 52 178 3 106 185 119 40 128 33 37 148
NearestNeighbor (NN with profit),TSPA.csv,126,126,356428208,47272,-1064,147,29 156 112 4 11 184 28 166 77 116 65 105 47 149 24 161 162 72 118 59 51 141 60 46 68 140 93 117 0 170 143 183 89 23 114 64 15 9 62 61 155 144 49 32 138 8 165 39 107 90 27 71 164 7 21 102 167 111 124 94 19 99 121 136 158 53 180 6 194 131 43 96 41 193 159 103 146 192 160 54 30 147 104 190 10 177 48 42 5 115 198 139 110 163 69 108 18 199 191 109 66 176 80 133 173 100 101 150 1 97 74 152 125 2 82 44 25 168 157 31 56 13 88 16 171 113 50 196 169 174 187 81 91 179 52 178 3 106 185 119 40 128 33 37 148 12 130
NearestNeighbor (NN with profit),TSPA.csv,127,127,356428209,47997,-2177,144,29 156 112 4 11 184 28 166 77 116 65 105 47 149 24 161 162 72 118 59 51 141 60 46 68 140 93 117 0 170 143 183 89 23 114 64 15 9 62 61 155 144 49 32 138 8 165 39 107 90 27 71 164 7 21 102 167 111 124 94 19 99 121 136 158 53 180 6 173 63 176 66 109 115 41 193 159 103 146 192 160 54 30 147 104 190 10 177 48 96 5 42 43 182 100 101 150 1 97 74 152 125 2 82 44 25 168 157 31 56 13 88 16 171 113 50 196 169 174 187 81 91 179 52 178 3 106 185 119 40 128 33 37 148 12 130 198 139 110 163 69 108 18 199
NearestNeighbor (NN with profit),TSPA.csv,128,128,356428210,46248,115,147,167 111 124 94 19 99 121 136 158 53 180 6 194 161 162 72 118 59 51 141 60 46 68 140 93 117 0 170 143 183 89 23 114 64 15 9 62 61 155 144 49 32 138 8 165 39 107 90 27 71 164 7 21 14 178 3 106 52 55 179 91 196 169 174 187 81 157 31 56 13 168 145 78 82 44 25 16 88 171 113 50 17 119 40 185 92 129 87 74 152 1 101 150 26 100 189 130 12 133 127 29 156 112 4 11 184 28 166 77 116 65 105 47 149 131 43 96 41 193 159 103 146 192 160 54 30 147 104 190 10 177 48 42 5 115 198 139 110 163 69 108 18 199 191 33 37 148
NearestNeighbor (NN with profit),TSPA.csv,129,129,356428211,47754,-3016,144,129 82 44 25 168 157 31 56 13 88 16 171 113 50 196 169 174 187 81 91 179 52 178 32 138 8 165 39 107 90 27 71 164 7 21 155 144 61 9 62 167 111 124 94 19 99 121 136 158 53 180 6 194 161 162 72 118 59 51 141 60 46 68 140 93 117 0 170 143 183 89 23 114 64 15 148 33 37 87 74 152 1 101 150 26 100 189 130 12 133 127 29 156 112 4 11 184 28 166 77 116 65 105 47 149 131 43 96 41 193 159 103 146 192 160 54 30 147 104 190 10 177 48 42 5 115 198 139 110 163 69 108 18 199 191 3 106 185 119 40 132 73 83 186
NearestNeighbor (NN with profit),TSPA.csv,130,130,356428212,47263,-591,145,130 12 94 19 99 121 136 158 53 180 6 194 161 162 72 118 59 51 141 60 46 68 140 93 117 0 170 143 183 89 23 114 64 15 9 62 61 155 144 49 32 138 8 165 39 107 90 27 71 164 7 21 102 167 111 124 189 101 150 1 97 26 100 74 152 125 2 82 44 25 168 157 31 56 13 88 16 171 113 50 196 169 174 187 81 91 179 52 178 3 106 185 119 40 128 33 37 148 176 133 127 29 156 112 4 11 184 28 166 77 116 65 105 47 149 131 43 96 41 193 159 103 146 192 160 54 30 147 104 190 10 177 48 42 5 115 198 139 110 163 69 108 18 199 191
NearestNeighbor (NN with profit),TSPA.csv,131,131,356428213,49429,-3257,144,131 77 116 65 105 166 28 184 11 4 112 29 156 126 24 149 72 118 59 51 141 60 46 68 140 93 117 0 170 143 183 89 23 114 64 15 9 62 61 155 144 49 32 138 8 165 39 107 90 27 71 164 7 21 102 167 111 124 94 19 99 121 136 158 53 180 6 194 161 162 133 63 130 12 176 66 109 115 41 193 159 103 146 192 160 54 30 147 104 190 10 177 48 96 198 139 110 163 69 108 76 186 148 33 37 128 172 82 44 25 168 157 31 56 13 88 16 171 113 50 196 169 174 187 81 91 179 92 129 87 74 152 1 101 150 26 100 52 178 3 106 185 119 40
NearestNeighbor (NN with profit),TSPA.csv,132,132,356428214,47566,-1580,138,155 144 61 9 62 49 32 138 8 165 39 107 90 27 71 164 7 95 119 40 185 169 196 157 31 56 13 168 145 179 91 82 87 74 19 99 121 136 158 53 180 6 194 161 162 72 118 59 51 141 60 46 68 140 93 117 0 170 143 183 89 23 114 64 15 148 167 111 124 94 130 12 133 127 29 156 112 4 11 184 28 166 77 116 65 105 47 149 131 43 96 41 193 159 103 146 192 160 54 30 147 104 190 10 177 48 42 5 115 198 139 110 163 69 108 18 199 191 182 100 101 150 1 97 152 33 37 178 3 106 174 187 81 50 113 171 88 16
NearestNeighbor (NN with profit),TSPA.csv,133,133,356428215,47809,-1102,147,133 161 162 72 118 59 51 141 60 46 68 140 93 117 0 170 143 183 89 23 114 64 15 9 62 61 155 144 49 32 138 8 165 39 107 90 27 71 164 7 21 102 167 111 124 94 19 99 121 136 158 53 180 6 194 127 29 156 112 4 11 184 28 166 77 116 65 105 47 149 131 43 96 41 193 159 103 146 192 160 54 30 147 104 190 10 177 48 42 5 115 198 139 110 163 69 108 18 199 191 109 66 176 130 12 148 33 37 128 172 82 44 25 168 157 31 56 13 88 16 171 113 50 196 169 174 187 81 91 179 92 129 87 74 152 1 101 150 26 100 97 178 3 106 185 119 40
NearestNeighbor (NN with profit),TSPA.csv,134,134,356428216,46927,2479,145,163 108 67 140 93 68 46 60 118 59 72 51 141 66 176 80 63 121 99 19 189 94 130 12 124 111 167 128 9 62 61 155 144 49 32 138 8 165 39 107 90 27 71 164 7 21 132 73 64 114 23 76 183 89 83 15 148 33 37 178 3 106 52 55 179 91 196 169 174 187 81 157 31 56 13 168 145 78 82 44 25 16 88 171 113 50 17 119 40 185 92 129 87 74 152 1 101 150 26 100 158 53 136 180 6 194 127 29 156 112 4 11 184 28 166 77 116 65 105 47 149 131 43 96 41 193 159 103 146 192 160 54 30 147 104 190 10 177 48 42 5 115 198 139 110
NearestNeighbor (NN with profit),TSPA.csv,135,135,356428217,46085,-544,158,6 180 158 53 121 99 19 189 94 130 12 124 111 167 128 9 62 61 155 144 49 32 138 8 165 39 107 90 27 71 164 7 21 132 73 64 114 23 76 183 89 83 15 148 33 37 178 3 106 52 55 179 91 196 169 174 187 81 157 31 56 13 168 145 78 82 44 25 16 88 171 113 50 17 119 40 185 92 129 87 74 152 1 101 150 26 100 136 182 63 133 161 162 72 118 59 51 141 60 46 68 140 93 117 0 170 143 153 137 176 151 194 127 29 156 112 4 11 184 28 166 77 116 65 105 47 149 131 43 96 41 193 159 103 146 192 160 54 30 147 104 190 10 177 48 42 5 115 198 139 110 163 69 108 18 199 142 173
NearestNeighbor (NN with profit),TSPA.csv,136,136,356428218,46586,-618,154,136 121 99 19 189 94 130 12 124 111 167 128 9 62 61 155 144 49 32 138 8 165 39 107 90 27 71 164 7 21 132 73 64 114 23 76 183 89 83 15 148 33 37 178 3 106 52 55 179 91 196 169 174 187 81 157 31 56 13 168 145 78 82 44 25 16 88 171 113 50 17 119 40 185 92 129 87 74 152 1 101 150 26 100 158 53 180 6 194 161 162 72 118 59 51 141 60 46 68 140 93 117 0 170 143 153 137 176 133 127 29 156 112 4 11 184 28 166 77 116 65 105 47 149 131 43 96 41 193 159 103 146 192 160 54 30 147 104 190 10 177 48 42 5 115 198 139 110 163 69 108 18 199 191
NearestNeighbor (NN with profit),TSPA.csv,137,137,356428219,47477,-2299,146,114 64 15 9 62 61 155 144 49 32 138 8 165 39 107 90 27 71 164 7 21 102 167 111 124 94 19 99 121 136 158 53 180 6 194 161 162 72 118 59 51 141 60 46 68 140 93 117 0 170 143 183 89 83 186 148 33 37 128 172 82 44 25 168 157 31 56 13 88 16 171 113 50 196 169 174 187 81 91 179 92 129 87 74 152 1 101 150 26 100 189 130 12 133 127 29 156 112 4 11 184 28 166 77 116 65 105 47 149 131 43 96 41 193 159 103 146 192 160 54 30 147 104 190 10 177 48 42 5 115 198 139 110 163 69 108 18 199 191 178 3 106 185 119 40 14
NearestNeighbor (NN with profit),TSPA.csv,138,138,356428220,48003,-626,142,138 32 49 155 144 61 9 62 167 111 124 94 19 99 121 136 158 53 180 6 194 161 162 72 118 59 51 141 60 46 68 140 93 117 0 170 143 183 89 23 114 64 15 148 33 37 128 172 82 44 25 168 157 31 56 13 88 16 171 113 50 196 169 174 187 81 91 179 92 129 87 74 152 1 101 150 26 100 189 130 12 133 127 29 156 112 4 11 184 28 166 77 116 65 105 47 149 131 43 96 41 193 159 103 146 192 160 54 30 147 104 190 10 177 48 42 5 115 198 139 110 163 69 108 18 199 191 178 3 106 8 165 39 107 90 27 71 164 7 185 119 40
NearestNeighbor (NN with profit),TSPA.csv,139,139,356428221,46862,418,149,41 193 159 103 146 192 160 184 28 166 11 4 112 29 156 126 24 149 77 116 65 105 47 59 118 60 51 72 161 6 180 158 53 121 99 19 189 94 130 12 124 111 167 128 9 62 61 155 144 49 32 138 8 165 39 107 90 27 71 164 7 21 132 73 64 114 23 76 183 89 83 15 148 33 37 178 3 106 52 55 179 91 196 169 174 187 81 157 31 56 13 168 145 78 82 44 25 16 88 171 113 50 17 119 40 185 92 129 87 74 152 1 101 150 26 100 136 182 63 80 176 66 141 46 68 140 93 117 0 198 110 163 69 108 18 199 142 96 5 42 43 35 84 190 10 54 30 147 104
NearestNeighbor (NN with profit),TSPA.csv,140,140,356428222,46943,2712,146,140 93 68 46 60 118 59 72 51 141 66 176 80 63 121 99 19 189 94 130 12 124 111 167 128 9 62 61 155 144 49 32 138 8 165 39 107 90 27 71 164 7 21 132 73 64 114 23 76 183 89 83 15 148 33 37 178 3 106 52 55 179 91 196 169 174 187 81 157 31 56 13 168 145 78 82 44 25 16 88 171 113 50 17 119 40 185 92 129 87 74 152 1 101 150 26 100 158 53 136 180 6 194 127 29 156 112 4 11 184 28 166 77 116 65 105 47 149 131 43 96 41 193 159 103 146 192 160 54 30 147 104 190 10 177 48 42 5 115 198 139 110 163 69 108 67
NearestNeighbor (NN with profit),TSPA.csv,141,141,356428223,48353,-1786,145,141 51 72 118 59 60 46 68 140 93 117 0 170 143 183 89 23 114 64 15 9 62 61 155 144 49 32 138 8 165 39 107 90 27 71 164 7 21 102 167 111 124 94 19 99 121 136 158 53 180 6 194 161 162 133 63 130 12 176 66 109 115 41 193 159 103 146 192 160 184 28 166 11 4 112 29 156 126 24 149 77 116 65 105 96 5 42 54 30 147 104 190 84 127 173 100 101 150 1 97 74 152 125 2 82 44 25 168 157 31 56 13 88 16 171 113 50 196 169 174 187 81 91 179 52 178 3 106 185 119 40 128 33 37 148 137 198 139 110 163 69 108 18 199 191
NearestNeighbor (NN with profit),TSPA.csv,142,142,356428224,46675,544,149,41 193 159 103 146 192 160 184 28 166 11 4 112 29 156 126 24 149 77 116 65 105 47 59 118 60 51 72 161 6 180 158 53 121 99 19 189 94 130 12 124 111 167 128 9 62 61 155 144 49 32 138 8 165 39 107 90 27 71 164 7 21 132 73 64 114 23 76 183 89 83 15 148 33 37 178 3 106 52 55 179 91 196 169 174 187 81 157 31 56 13 168 145 78 82 44 25 16 88 171 113 50 17 119 40 185 92 129 87 74 152 1 101 150 26 100 136 182 63 80 176 66 141 46 68 140 93 117 0 198 139 110 163 69 108 18 199 96 5 42 43 35 84 190 10 54 30 147 104
NearestNeighbor (NN with profit),TSPA.csv,143,143,356428225,48110,1920,148,0 170 117 140 93 68 46 60 118 59 72 51 141 66 176 80 63 121 99 19 189 94 130 12 124 111 167 128 9 62 61 155 144 49 32 138 8 165 39 107 90 27 71 164 7 21 132 73 64 114 23 76 183 89 83 15 148 33 37 178 3 106 52 55 179 91 196 169 174 187 81 157 31 56 13 168 145 78 82 44 25 16 88 171 113 50 17 119 40 185 92 129 87 74 152 1 101 150 26 100 158 53 136 180 6 194 127 29 156 112 4 11 184 28 166 77 116 65 105 47 149 131 43 96 41 193 159 103 146 192 160 54 30 147 104 190 10 177 48 42 5 115 198 139 110 163 69 108
NearestNeighbor (NN with profit),TSPA.csv,144,144,356428226,47069,-1689,149,144 155 49 32 138 8 165 39 107 90 27 71 164 7 21 132 73 64 114 23 76 183 89 83 15 9 62 61 167 111 124 94 19 99 121 136 158 53 180 6 194 161 162 72 118 59 51 141 60 46 68 140 93 117 0 170 143 153 137 130 12 148 33 37 128 172 82 44 25 168 157 31 56 13 88 16 171 113 50 196 169 174 187 81 91 179 92 129 87 74 152 1 101 150 26 100 173 127 29 156 112 4 11 184 28 166 77 116 65 105 47 149 131 43 96 41 193 159 103 146 192 160 54 30 147 104 190 10 177 48 42 5 115 198 139 110 163 69 108 18 199 191 178 3 106 185 119 40 14
NearestNeighbor (NN with profit),TSPA.csv,145,145,356428227,46503,-486,138,145 168 157 31 56 13 88 16 171 113 50 196 169 174 187 81 91 179 82 87 74 19 99 121 136 158 53 180 6 194 161 162 72 118 59 51 141 60 46 68 140 93 117 0 170 143 183 89 23 114 64 15 9 62 61 155 144 49 32 138 8 165 39 107 90 27 71 164 7 21 102 167 111 124 94 130 12 133 127 29 156 112 4 11 184 28 166 77 116 65 105 47 149 131 43 96 41 193 159 103 146 192 160 54 30 147 104 190 10 177 48 42 5 115 198 139 110 163 69 108 18 199 191 182 100 101 150 1 97 152 33 37 178 3 106 185 119 40
NearestNeighbor (NN with profit),TSPA.csv,146,146,356428228,48516,-2185,146,146 103 159 41 193 96 115 46 68 140 93 117 0 170 143 183 89 23 114 64 15 9 62 61 155 144 49 32 138 8 165 39 107 90 27 71 164 7 21 102 167 111 124 94 19 99 121 136 158 53 180 6 194 161 162 72 118 59 51 141 60 109 66 176 80 133 24 29 156 112 4 11 184 28 166 77 116 65 105 47 149 131 43 192 160 54 30 147 104 190 10 177 48 181 195 22 69 163 108 67 110 139 198 173 100 101 150 1 97 74 152 125 2 82 44 25 168 157 31 56 13 88 16 171 113 50 196 169 174 187 81 91 179 52 178 3 106 185 119 40 128 33 37 148 12 130
NearestNeighbor (NN with profit),TSPA.csv,147,147,356428229,49720,-2857,145,147 54 30 48 160 192 28 184 11 166 77 116 65 105 47 149 24 29 156 112 4 190 10 177 104 131 72 118 59 51 141 60 46 68 140 93 117 0 170 143 183 89 23 114 64 15 9 62 61 155 144 49 32 138 8 165 39 107 90 27 71 164 7 21 102 167 111 124 94 19 99 121 136 158 53 180 6 194 161 162 133 63 130 12 176 66 109 115 41 193 159 103 146 195 96 198 139 110 163 69 108 18 199 191 173 100 101 150 1 97 74 152 125 2 82 44 25 168 157 31 56 13 88 16 171 113 50 196 169 174 187 81 91 179 52 178 3 106 185 119 40 128 33 37 148
NearestNeighbor (NN with profit),TSPA.csv,148,148,356428230,47120,-1899,148,9 62 61 155 144 49 32 138 8 165 39 107 90 27 71 164 7 21 132 73 64 114 23 76 183 89 83 15 33 37 167 111 124 94 19 99 121 136 158 53 180 6 194 161 162 72 118 59 51 141 60 46 68 140 93 117 0 170 143 153 137 130 12 189 101 150 1 97 26 100 74 152 125 2 82 44 25 168 157 31 56 13 88 16 171 113 50 196 169 174 187 81 91 179 52 178 3 106 185 119 40 182 173 127 29 156 112 4 11 184 28 166 77 116 65 105 47 149 131 43 96 41 193 159 103 146 192 160 54 30 147 104 190 10 177 48 42 5 115 198 139 110 163 69 108 18 199 191
NearestNeighbor (NN with profit),TSPA.csv,149,149,356428231,47790,-1179,147,149 77 116 65 105 166 28 184 11 4 112 29 156 126 24 161 162 72 118 59 51 141 60 46 68 140 93 117 0 170 143 183 89 23 114 64 15 9 62 61 155 144 49 32 138 8 165 39 107 90 27 71 164 7 21 102 167 111 124 94 19 99 121 136 158 53 180 6 194 131 43 96 41 193 159 103 146 192 160 54 30 147 104 190 10 177 48 42 5 115 198 139 110 163 69 108 18 199 191 109 66 176 80 133 173 100 101 150 1 97 74 152 125 2 82 44 25 168 157 31 56 13 88 16 171 113 50 196 169 174 187 81 91 179 52 178 3 106 185 119 40 128 33 37 148 12 130
NearestNeighbor (NN with profit),TSPA.csv,150,150,356428232,47189,-891,144,150 101 1 19 99 121 136 158 53 180 6 194 161 162 72 118 59 51 141 60 46 68 140 93 117 0 170 143 183 89 23 114 64 15 9 62 61 155 144 49 32 138 8 165 39 107 90 27 71 164 7 21 102 167 111 124 94 130 12 133 127 29 156 112 4 11 184 28 166 77 116 65 105 47 149 131 43 96 41 193 159 103 146 192 160 54 30 147 104 190 10 177 48 42 5 115 198 139 110 163 69 108 18 199 191 182 100 26 97 74 152 125 2 82 44 25 168 157 31 56 13 88 16 171 113 50 196 169 174 187 81 91 179 52 178 3 106 185 119 40 128 33 37 148
NearestNeighbor (NN with profit),TSPA.csv,151,151,356428233,48715,-1725,144,118 59 51 141 60 46 68 140 93 117 0 170 143 183 89 23 114 64 15 9 62 61 155 144 49 32 138 8 165 39 107 90 27 71 164 7 21 102 167 111 124 94 19 99 121 136 158 53 180 6 194 161 162 133 63 130 12 176 66 109 115 41 193 159 103 146 192 160 184 28 166 11 4 112 29 156 126 24 149 77 116 65 105 96 5 42 54 30 147 104 190 84 127 173 100 101 150 1 97 74 152 125 2 82 44 25 168 157 31 56 13 88 16 171 113 50 196 169 174 187 81 91 179 52 178 3 106 185 119 40 128 33 37 148 137 198 139 110 163 69 108 18 199 191
NearestNeighbor (NN with profit),TSPA.csv,152,152,356428234,47717,-709,144,152 74 87 101 150 1 19 99 121 136 158 53 180 6 194 161 162 72 118 59 51 141 60 46 68 140 93 117 0 170 143 183 89 23 114 64 15 9 62 61 155 144 49 32 138 8 165 39 107 90 27 71 164 7 21 102 167 111 124 94 130 12 133 127 29 156 112 4 11 184 28 166 77 116 65 105 47 149 131 43 96 41 193 159 103 146 192 160 54 30 147 104 190 10 177 48 42 5 115 198 139 110 163 69 108 18 199 191 182 100 26 97 2 82 44 25 168 157 31 56 13 88 16 171 113 50 196 169 174 187 81 91 179 52 178 3 106 185 119 40 128 33 37 148
NearestNeighbor (NN with profit),TSPA.csv,153,153,356428235,47032,1920,148,0 170 117 140 93 68 46 60 118 59 72 51 141 66 176 80 63 121 99 19 189 94 130 12 124 111 167 128 9 62 61 155 144 49 32 138 8 165 39 107 90 27 71 164 7 21 132 73 64 114 23 76 183 89 83 15 148 33 37 178 3 106 52 55 179 91 196 169 174 187 81 157 31 56 13 168 145 78 82 44 25 16 88 171 113 50 17 119 40 185 92 129 87 74 152 1 101 150 26 100 158 53 136 180 6 194 127 29 156 112 4 11 184 28 166 77 116 65 105 47 149 131 43 96 41 193 159 103 146 192 160 54 30 147 104 190 10 177 48 42 5 115 198 139 110 163 69 108
NearestNeighbor (NN with profit),TSPA.csv,154,154,356428236,45938,-621,157,6 180 158 53 121 99 19 189 94 130 12 124 111 167 128 9 62 61 155 144 49 32 138 8 165 39 107 90 27 71 164 7 21 132 73 64 114 23 76 183 89 83 15 148 33 37 178 3 106 52 55 179 91 196 169 174 187 81 157 31 56 13 168 145 78 82 44 25 16 88 171 113 50 17 119 40 185 92 129 87 74 152 1 101 150 26 100 136 182 63 133 161 162 72 118 59 51 141 60 46 68 140 93 117 0 170 143 153 137 176 151 194 127 29 156 112 4 11 184 28 166 77 116 65 105 47 149 131 43 96 41 193 159 103 146 192 160 54 30 147 104 190 10 177 48 42 5 115 198 139 110 163 69 108 18 199 142
NearestNeighbor (NN with profit),TSPA.csv,155,155,356428237,47044,-2096,145,155 144 61 9 62 49 32 138 8 165 39 107 90 27 71 164 7 21 132 73 64 114 23 76 183 89 83 15 148 167 111 124 94 19 99 121 136 158 53 180 6 194 161 162 72 118 59 51 141 60 46 68 140 93 117 0 170 143 153 137 130 12 189 101 150 1 97 26 100 74 152 125 2 82 44 25 168 157 31 56 13 88 16 171 113 50 196 169 174 187 81 91 179 52 178 3 106 185 119 40 33 37 173 127 29 156 112 4 11 184 28 166 77 116 65 105 47 149 131 43 96 41 193 159 103 146 192 160 54 30 147 104 190 10 177 48 42 5 115 198 139 110 163 69 108
NearestNeighbor (NN with profit),TSPA.csv,156,156,356428238,47287,-1171,147,156 29 112 4 11 184 28 166 77 116 65 105 47 149 24 161 162 72 118 59 51 141 60 46 68 140 93 117 0 170 143 183 89 23 114 64 15 9 62 61 155 144 49 32 138 8 165 39 107 90 27 71 164 7 21 102 167 111 124 94 19 99 121 136 158 53 180 6 194 131 43 96 41 193 159 103 146 192 160 54 30 147 104 190 10 177 48 42 5 115 198 139 110 163 69 108 18 199 191 109 66 176 80 133 173 100 101 150 1 97 74 152 125 2 82 44 25 168 157 31 56 13 88 16 171 113 50 196 169 174 187 81 91 179 52 178 3 106 185 119 40 128 33 37 148 12 130
NearestNeighbor (NN with profit),TSPA.csv,157,157,356428239,46625,-977,139,157 31 56 13 168 145 179 91 196 169 174 187 81 17 78 82 44 25 16 88 87 74 19 99 121 136 158 53 180 6 194 161 162 72 118 59 51 141 60 46 68 140 93 117 0 170 143 183 89 23 114 64 15 9 62 61 155 144 49 32 138 8 165 39 107 90 27 71 164 7 21 102 167 111 124 94 130 12 133 127 29 156 112 4 11 184 28 166 77 116 65 105 47 149 131 43 96 41 193 159 103 146 192 160 54 30 147 104 190 10 177 48 42 5 115 198 139 110 163 69 108 18 199 191 182 100 101 150 1 97 152 33 37 178 3 106 185 119 40
NearestNeighbor (NN with profit),TSPA.csv,158,158,356428240,46682,-716,155,158 53 121 99 19 189 94 130 12 124 111 167 128 9 62 61 155 144 49 32 138 8 165 39 107 90 27 71 164 7 21 132 73 64 114 23 76 183 89 83 15 148 33 37 178 3 106 52 55 179 91 196 169 174 187 81 157 31 56 13 168 145 78 82 44 25 16 88 171 113 50 17 119 40 185 92 129 87 74 152 1 101 150 26 100 136 180 6 194 161 162 72 118 59 51 141 60 46 68 140 93 117 0 170 143 153 137 176 133 127 29 156 112 4 11 184 28 166 77 116 65 105 47 149 131 43 96 41 193 159 103 146 192 160 54 30 147 104 190 10 177 48 42 5 115 198 139 110 163 69 108 18 199 142 197
NearestNeighbor (NN with profit),TSPA.csv,159,159,356428241,47869,-1116,145,159 41 193 96 115 46 68 140 93 117 0 170 143 183 89 23 114 64 15 9 62 61 155 144 49 32 138 8 165 39 107 90 27 71 164 7 21 102 167 111 124 94 19 99 121 136 158 53 180 6 194 161 162 72 118 59 51 141 60 109 66 176 80 133 24 29 156 112 4 11 184 28 166 77 116 65 105 47 149 131 43 192 160 54 30 147 104 190 10 177 48 103 146 181 173 100 101 150 1 97 74 152 125 2 82 44 25 168 157 31 56 13 88 16 171 113 50 196 169 174 187 81 91 179 52 178 3 106 185 119 40 128 33 37 148 12 130 198 139 110 163 69 108 18 199
NearestNeighbor (NN with profit),TSPA.csv,160,160,356428242,49645,-3899,148,160 192 28 184 11 166 77 116 65 105 47 149 24 29 156 112 4 190 10 54 30 147 48 103 146 159 41 193 96 115 46 68 140 93 117 0 170 143 183 89 23 114 64 15 9 62 61 155 144 49 32 138 8 165 39 107 90 27 71 164 7 21 102 167 111 124 94 19 99 121 136 158 53 180 6 194 161 162 72 118 59 51 141 60 109 66 176 80 133 131 43 42 181 195 22 69 163 108 67 110 139 198 76 186 148 33 37 128 172 82 44 25 168 157 31 56 13 88 16 171 113 50 196 169 174 187 81 91 179 92 129 87 74 152 1 101 150 26 100 189 130 12 178 3 106 185 119 40
NearestNeighbor (NN with profit),TSPA.csv,161,161,356428243,48491,-1294,146,161 162 72 118 59 51 141 60 46 68 140 93 117 0 170 143 183 89 23 114 64 15 9 62 61 155 144 49 32 138 8 165 39 107 90 27 71 164 7 21 102 167 111 124 94 19 99 121 136 158 53 180 6 194 127 29 156 112 4 11 184 28 166 77 116 65 105 47 149 131 43 96 41 193 159 103 146 192 160 54 30 147 104 190 10 177 48 42 5 115 198 139 110 163 69 108 18 199 191 109 66 176 130 12 148 33 37 128 172 82 44 25 168 157 31 56 13 88 16 171 113 50 196 169 174 187 81 91 179 92 129 87 74 152 1 101 150 26 100 52 178 3 106 185 119 40
NearestNeighbor (NN with profit),TSPA.csv,162,162,356428244,47093,-646,156,6 180 158 53 121 99 19 189 94 130 12 124 111 167 128 9 62 61 155 144 49 32 138 8 165 39 107 90 27 71 164 7 21 132 73 64 114 23 76 183 89 83 15 148 33 37 178 3 106 52 55 179 91 196 169 174 187 81 157 31 56 13 168 145 78 82 44 25 16 88 171 113 50 17 119 40 185 92 129 87 74 152 1 101 150 26 100 136 182 63 133 72 118 59 51 141 60 46 68 140 93 117 0 170 143 153 137 176 151 24 29 156 112 4 11 184 28 166 77 116 65 105 47 149 131 43 96 41 193 159 103 146 192 160 54 30 147 104 190 10 177 48 42 5 115 198 139 110 163 69 108 18 199 142 127 70
NearestNeighbor (NN with profit),TSPA.csv,163,163,356428245,46231,2712,146,163 69 108 67 140 93 68 46 60 118 59 72 51 141 66 176 80 63 121 99 19 189 94 130 12 124 111 167 128 9 62 61 155 144 49 32 138 8 165 39 107 90 27 71 164 7 21 132 73 64 114 23 76 183 89 83 15 148 33 37 178 3 106 52 55 179 91 196 169 174 187 81 157 31 56 13 168 145 78 82 44 25 16 88 171 113 50 17 119 40 185 92 129 87 74 152 1 101 150 26 100 158 53 136 180 6 194 127 29 156 112 4 11 184 28 166 77 116 65 105 47 149 131 43 96 41 193 159 103 146 192 160 54 30 147 104 190 10 177 48 42 5 115 198 139 110
NearestNeighbor (NN with profit),TSPA.csv,164,164,356428246,47479,-1030,141,164 7 21 138 32 49 155 144 61 9 62 167 111 124 94 19 99 121 136 158 53 180 6 194 161 162 72 118 59 51 141 60 46 68 140 93 117 0 170 143 183 89 23 114 64 15 148 33 37 128 172 82 44 25 168 157 31 56 13 88 16 171 113 50 196 169 174 187 81 91 179 92 129 87 74 152 1 101 150 26 100 189 130 12 133 127 29 156 112 4 11 184 28 166 77 116 65 105 47 149 131 43 96 41 193 159 103 146 192 160 54 30 147 104 190 10 177 48 42 5 115 198 139 110 163 69 108 18 199 191 178 3 106 8 165 39 107 90 119 40 185
NearestNeighbor (NN with profit),TSPA.csv,165,165,356428247,47519,-869,139,165 8 119 40 185 169 196 157 31 56 13 168 145 179 91 82 87 74 19 99 121 136 158 53 180 6 194 161 162 72 118 59 51 141 60 46 68 140 93 117 0 170 143 183 89 23 114 64 15 9 62 61 155 144 49 32 138 178 3 106 52 55 167 111 124 94 130 12 133 127 29 156 112 4 11 184 28 166 77 116 65 105 47 149 131 43 96 41 193 159 103 146 192 160 54 30 147 104 190 10 177 48 42 5 115 198 139 110 163 69 108 18 199 191 182 100 101 150 1 97 152 33 37 102 14 21 7 164 71 107 90 174 187 81 50 113 171 88 16
NearestNeighbor (NN with profit),TSPA.csv,166,166,356428248,48303,578,147,166 28 184 11 4 112 29 156 126 24 149 77 116 65 105 47 59 118 60 51 72 161 6 180 158 53 121 99 19 189 94 130 12 124 111 167 128 9 62 61 155 144 49 32 138 8 165 39 107 90 27 71 164 7 21 132 73 64 114 23 76 183 89 83 15 148 33 37 178 3 106 52 55 179 91 196 169 174 187 81 157 31 56 13 168 145 78 82 44 25 16 88 171 113 50 17 119 40 185 92 129 87 74 152 1 101 150 26 100 136 182 63 80 176 66 141 46 68 140 93 117 0 115 41 193 159 103 146 192 160 54 30 147 104 190 10 177 48 96 198 139 110 163 69 108 18 199
NearestNeighbor (NN with profit),TSPA.csv,167,167,356428249,46258,115,147,167 111 124 94 19 99 121 136 158 53 180 6 194 161 162 72 118 59 51 141 60 46 68 140 93 117 0 170 143 183 89 23 114 64 15 9 62 61 155 144 49 32 138 8 165 39 107 90 27 71 164 7 21 14 178 3 106 52 55 179 91 196 169 174 187 81 157 31 56 13 168 145 78 82 44 25 16 88 171 113 50 17 119 40 185 92 129 87 74 152 1 101 150 26 100 189 130 12 133 127 29 156 112 4 11 184 28 166 77 116 65 105 47 149 131 43 96 41 193 159 103 146 192 160 54 30 147 104 190 10 177 48 42 5 115 198 139 110 163 69 108 18 199 191 33 37 148
NearestNeighbor (NN with profit),TSPA.csv,168,168,356428250,46302,-328,141,168 157 31 56 13 88 16 171 113 50 196 169 174 187 81 91 179 145 78 82 44 120 87 74 19 99 121 136 158 53 180 6 194 161 162 72 118 59 51 141 60 46 68 140 93 117 0 170 143 183 89 23 114 64 15 9 62 61 155 144 49 32 138 8 165 39 107 90 27 71 164 7 21 102 167 111 124 94 130 12 133 127 29 156 112 4 11 184 28 166 77 116 65 105 47 149 131 43 96 41 193 159 103 146 192 160 54 30 147 104 190 10 177 48 42 5 115 198 139 110 163 69 108 18 199 191 182 100 101 150 1 97 152 33 37 178 3 106 185 119 40
NearestNeighbor (NN with profit),TSPA.csv,169,169,356428251,48022,-394,137,169 196 157 31 56 13 168 145 179 91 185 8 165 39 107 90 27 71 164 7 21 138 32 49 155 144 61 9 62 167 111 124 94 19 99 121 136 158 53 180 6 194 161 162 72 118 59 51 141 60 46 68 140 93 117 0 170 143 183 89 23 114 64 15 148 33 37 87 74 152 1 101 150 26 100 189 130 12 133 127 29 156 112 4 11 184 28 166 77 116 65 105 47 149 131 43 96 41 193 159 103 146 192 160 54 30 147 104 190 10 177 48 42 5 115 198 139 110 163 69 108 18 199 191 178 3 106 119 40 174 187 81 50 113 171 88 16
NearestNeighbor (NN with profit),TSPA.csv,170,170,356428252,48255,2546,145,140 93 68 46 60 118 59 72 51 141 66 176 80 63 121 99 19 189 94 130 12 124 111 167 128 9 62 61 155 144 49 32 138 8 165 39 107 90 27 71 164 7 21 132 73 64 114 23 76 183 89 83 15 148 33 37 178 3 106 52 55 179 91 196 169 174 187 81 157 31 56 13 168 145 78 82 44 25 16 88 171 113 50 17 119 40 185 92 129 87 74 152 1 101 150 26 100 158 53 136 180 6 194 127 29 156 112 4 11 184 28 166 77 116 65 105 47 149 131 43 96 41 193 159 103 146 192 160 54 30 147 104 190 10 177 48 42 5 115 198 139 110 163 69 108
NearestNeighbor (NN with profit),TSPA.csv,171,171,356428253,47346,-368,136,171 56 31 157 196 169 174 187 81 168 145 179 91 185 8 165 39 107 90 27 71 164 7 21 138 32 49 155 144 61 9 62 167 111 124 94 19 99 121 136 158 53 180 6 194 161 162 72 118 59 51 141 60 46 68 140 93 117 0 170 143 183 89 23 114 64 15 148 33 37 87 74 152 1 101 150 26 100 189 130 12 133 127 29 156 112 4 11 184 28 166 77 116 65 105 47 149 131 43 96 41 193 159 103 146 192 160 54 30 147 104 190 10 177 48 42 5 115 198 139 110 163 69 108 18 199 191 178 3 106 119 40 50 113 88 16
NearestNeighbor (NN with profit),TSPA.csv,172,172,356428254,46362,115,147,167 111 124 94 19 99 121 136 158 53 180 6 194 161 162 72 118 59 51 141 60 46 68 140 93 117 0 170 143 183 89 23 114 64 15 9 62 61 155 144 49 32 138 8 165 39 107 90 27 71 164 7 21 14 178 3 106 52 55 179 91 196 169 174 187 81 157 31 56 13 168 145 78 82 44 25 16 88 171 113 50 17 119 40 185 92 129 87 74 152 1 101 150 26 100 189 130 12 133 127 29 156 112 4 11 184 28 166 77 116 65 105 47 149 131 43 96 41 193 159 103 146 192 160 54 30 147 104 190 10 177 48 42 5 115 198 139 110 163 69 108 18 199 191 33 37 148
NearestNeighbor (NN with profit),TSPA.csv,173,173,356428255,46022,-544,158,173 6 180 158 53 121 99 19 189 94 130 12 124 111 167 128 9 62 61 155 144 49 32 138 8 165 39 107 90 27 71 164 7 21 132 73 64 114 23 76 183 89 83 15 148 33 37 178 3 106 52 55 179 91 196 169 174 187 81 157 31 56 13 168 145 78 82 44 25 16 88 171 113 50 17 119 40 185 92 129 87 74 152 1 101 150 26 100 136 182 63 133 161 162 72 118 59 51 141 60 46 68 140 93 117 0 170 143 153 137 176 151 194 127 29 156 112 4 11 184 28 166 77 116 65 105 47 149 131 43 96 41 193 159 103 146 192 160 54 30 147 104 190 10 177 48 42 5 115 198 139 110 163 69 108 18 199 142
NearestNeighbor (NN with profit),TSPA.csv,174,174,356428256,48307,-638,136,169 196 157 31 56 13 168 145 179 91 185 8 165 39 107 90 27 71 164 7 21 138 32 49 155 144 61 9 62 167 111 124 94 19 99 121 136 158 53 180 6 194 161 162 72 118 59 51 141 60 46 68 140 93 117 0 170 143 183 89 23 114 64 15 148 33 37 87 74 152 1 101 150 26 100 189 130 12 133 127 29 156 112 4 11 184 28 166 77 116 65 105 47 149 131 43 96 41 193 159 103 146 192 160 54 30 147 104 190 10 177 48 42 5 115 198 139 110 163 69 108 18 199 191 178 3 106 119 40 187 81 50 113 171 88 16
NearestNeighbor (NN with profit),TSPA.csv,175,175,356428257,47241,-339,136,56 31 157 196 169 174 187 81 168 145 179 91 185 8 165 39 107 90 27 71 164 7 21 138 32 49 155 144 61 9 62 167 111 124 94 19 99 121 136 158 53 180 6 194 161 162 72 118 59 51 141 60 46 68 140 93 117 0 170 143 183 89 23 114 64 15 148 33 37 87 74 152 1 101 150 26 100 189 130 12 133 127 29 156 112 4 11 184 28 166 77 116 65 105 47 149 131 43 96 41 193 159 103 146 192 160 54 30 147 104 190 10 177 48 42 5 115 198 139 110 163 69 108 18 199 191 178 3 106 119 40 50 113 171 88 16
NearestNeighbor (NN with profit),TSPA.csv,176,176,356428258,47698,-2158,142,176 51 72 118 59 60 46 68 140 93 117 0 170 143 183 89 23 114 64 15 9 62 61 155 144 49 32 138 8 165 39 107 90 27 71 164 7 21 102 167 111 124 94 19 99 121 136 158 53 180 6 194 161 162 133 63 130 12 148 33 37 128 172 82 44 25 168 157 31 56 13 88 16 171 113 50 196 169 174 187 81 91 179 92 129 87 74 152 1 101 150 26 100 173 127 29 156 112 4 11 184 28 166 77 116 65 105 47 149 131 43 96 41 193 159 103 146 192 160 54 30 147 104 190 10 177 48 42 5 115 198 139 110 163 69 108 178 3 106 185 119 40
NearestNeighbor (NN with profit),TSPA.csv,177,177,356428259,48261,-95,146,54 30 147 184 28 166 11 4 112 29 156 126 24 149 77 116 65 105 47 59 118 60 51 72 161 6 180 158 53 121 99 19 189 94 130 12 124 111 167 128 9 62 61 155 144 49 32 138 8 165 39 107 90 27 71 164 7 21 132 73 64 114 23 76 183 89 83 15 148 33 37 178 3 106 52 55 179 91 196 169 174 187 81 157 31 56 13 168 145 78 82 44 25 16 88 171 113 50 17 119 40 185 92 129 87 74 152 1 101 150 26 100 136 182 63 80 176 66 141 46 68 140 93 117 0 115 41 193 159 103 146 192 160 48 104 190 84 35 43 96 163 69 108 67 110 139
NearestNeighbor (NN with profit),TSPA.csv,178,178,356428260,47852,-713,142,32 138 8 165 39 107 90 27 71 164 7 21 155 144 61 9 62 167 111 124 94 19 99 121 136 158 53 180 6 194 161 162 72 118 59 51 141 60 46 68 140 93 117 0 170 143 183 89 23 114 64 15 148 33 37 128 172 82 44 25 168 157 31 56 13 88 16 171 113 50 196 169 174 187 81 91 179 92 129 87 74 152 1 101 150 26 100 189 130 12 133 127 29 156 112 4 11 184 28 166 77 116 65 105 47 149 131 43 96 41 193 159 103 146 192 160 54 30 147 104 190 10 177 48 42 5 115 198 139 110 163 69 108 18 199 191 52 185 119 40 106 3
NearestNeighbor (NN with profit),TSPA.csv,179,179,356428261,46434,-664,143,179 91 196 169 174 187 81 157 31 56 13 168 145 78 82 44 25 16 88 171 113 50 90 107 27 71 164 7 21 138 32 49 155 144 61 9 62 167 111 124 94 19 99 121 136 158 53 180 6 194 161 162 72 118 59 51 141 60 46 68 140 93 117 0 170 143 183 89 23 114 64 15 148 33 37 87 74 152 1 101 150 26 100 189 130 12 133 127 29 156 112 4 11 184 28 166 77 116 65 105 47 149 131 43 96 41 193 159 103 146 192 160 54 30 147 104 190 10 177 48 42 5 115 198 139 110 163 69 108 18 199 191 129 92 52 178 3 106 8 165 119 40 185
NearestNeighbor (NN with profit),TSPA.csv,180,180,356428262,45854,-758,158,180 158 53 121 99 19 189 94 130 12 124 111 167 128 9 62 61 155 144 49 32 138 8 165 39 107 90 27 71 164 7 21 132 73 64 114 23 76 183 89 83 15 148 33 37 178 3 106 52 55 179 91 196 169 174 187 81 157 31 56 13 168 145 78 82 44 25 16 88 171 113 50 17 119 40 185 92 129 87 74 152 1 101 150 26 100 136 182 63 133 161 162 72 118 59 51 141 60 46 68 140 93 117 0 170 143 153 137 176 151 194 6 70 127 29 156 112 4 11 184 28 166 77 116 65 105 47 149 131 43 96 41 193 159 103 146 192 160 54 30 147 104 190 10 177 48 42 5 115 198 139 110 163 69 108 18 199 142
NearestNeighbor (NN with profit),TSPA.csv,181,181,356428263,47721,-188,150,192 160 184 28 166 11 4 112 29 156 126 24 149 77 116 65 105 47 59 118 60 51 72 161 6 180 158 53 121 99 19 189 94 130 12 124 111 167 128 9 62 61 155 144 49 32 138 8 165 39 107 90 27 71 164 7 21 132 73 64 114 23 76 183 89 83 15 148 33 37 178 3 106 52 55 179 91 196 169 174 187 81 157 31 56 13 168 145 78 82 44 25 16 88 171 113 50 17 119 40 185 92 129 87 74 152 1 101 150 26 100 136 182 63 80 176 66 141 46 68 140 93 117 0 115 41 193 159 103 146 195 96 5 42 43 35 84 190 10 54 30 147 48 142 163 69 108 67 110 139
NearestNeighbor (NN with profit),TSPA.csv,182,182,356428264,46671,-731,154,121 99 19 189 94 130 12 124 111 167 128 9 62 61 155 144 49 32 138 8 165 39 107 90 27 71 164 7 21 132 73 64 114 23 76 183 89 83 15 148 33 37 178 3 106 52 55 179 91 196 169 174 187 81 157 31 56 13 168 145 78 82 44 25 16 88 171 113 50 17 119 40 185 92 129 87 74 152 1 101 150 26 100 158 53 136 180 6 194 161 162 72 118 59 51 141 60 46 68 140 93 117 0 170 143 153 137 176 133 127 29 156 112 4 11 184 28 166 77 116 65 105 47 149 131 43 96 41 193 159 103 146 192 160 54 30 147 104 190 10 177 48 42 5 115 198 139 110 163 69 108 18 199 191
NearestNeighbor (NN with profit),TSPA.csv,183,183,356428265,49106,-2587,146,183 89 23 114 64 15 9 62 61 155 144 49 32 138 8 165 39 107 90 27 71 164 7 21 102 167 111 124 94 19 99 121 136 158 53 180 6 194 161 162 72 118 59 51 141 60 46 68 140 93 117 0 170 143 153 76 137 130 12 148 33 37 128 172 82 44 25 168 157 31 56 13 88 16 171 113 50 196 169 174 187 81 91 179 92 129 87 74 152 1 101 150 26 100 173 127 29 156 112 4 11 184 28 166 77 116 65 105 47 149 131 43 96 41 193 159 103 146 192 160 54 30 147 104 190 10 177 48 42 5 115 198 139 110 163 69 108 18 199 191 178 3 106 185 119 40
NearestNeighbor (NN with profit),TSPA.csv,184,184,356428266,48483,575,147,184 28 166 11 4 112 29 156 126 24 149 77 116 65 105 47 59 118 60 51 72 161 6 180 158 53 121 99 19 189 94 130 12 124 111 167 128 9 62 61 155 144 49 32 138 8 165 39 107 90 27 71 164 7 21 132 73 64 114 23 76 183 89 83 15 148 33 37 178 3 106 52 55 179 91 196 169 174 187 81 157 31 56 13 168 145 78 82 44 25 16 88 171 113 50 17 119 40 185 92 129 87 74 152 1 101 150 26 100 136 182 63 80 176 66 141 46 68 140 93 117 0 115 41 193 159 103 146 192 160 54 30 147 104 190 10 177 48 96 198 139 110 163 69 108 18 199
NearestNeighbor (NN with profit),TSPA.csv,185,185,356428267,47717,-197,143,185 8 165 39 107 90 27 71 164 7 21 138 32 49 155 144 61 9 62 167 111 124 94 19 99 121 136 158 53 180 6 194 161 162 72 118 59 51 141 60 46 68 140 93 117 0 170 143 183 89 23 114 64 15 148 33 37 128 172 82 44 25 168 157 31 56 13 88 16 171 113 50 196 169 174 187 81 91 179 92 129 87 74 152 1 101 150 26 100 189 130 12 133 127 29 156 112 4 11 184 28 166 77 116 65 105 47 149 131 43 96 41 193 159 103 146 192 160 54 30 147 104 190 10 177 48 42 5 115 198 139 110 163 69 108 18 199 191 178 3 106 119 40
NearestNeighbor (NN with profit),TSPA.csv,186,186,356428268,49184,-2142,147,186 23 114 64 15 9 62 61 155 144 49 32 138 8 165 39 107 90 27 71 164 7 21 102 167 111 124 94 19 99 121 136 158 53 180 6 194 161 162 72 118 59 51 141 60 46 68 140 93 117 0 170 143 183 89 76 137 130 12 148 33 37 128 172 82 44 25 168 157 31 56 13 88 16 171 113 50 196 169 174 187 81 91 179 92 129 87 74 152 1 101 150 26 100 173 127 29 156 112 4 11 184 28 166 77 116 65 105 47 149 131 43 96 41 193 159 103 146 192 160 54 30 147 104 190 10 177 48 42 5 115 198 139 110 163 69 108 18 199 191 178 3 106 185 119 40 14
NearestNeighbor (NN with profit),TSPA.csv,187,187,356428269,48532,-802,137,187 174 169 196 157 31 56 13 168 145 179 91 185 8 165 39 107 90 27 71 164 7 21 138 32 49 155 144 61 9 62 167 111 124 94 19 99 121 136 158 53 180 6 194 161 162 72 118 59 51 141 60 46 68 140 93 117 0 170 143 183 89 23 114 64 15 148 33 37 87 74 152 1 101 150 26 100 189 130 12 133 127 29 156 112 4 11 184 28 166 77 116 65 105 47 149 131 43 96 41 193 159 103 146 192 160 54 30 147 104 190 10 177 48 42 5 115 198 139 110 163 69 108 18 199 191 178 3 106 119 40 17 50 113 171 88 16
NearestNeighbor (NN with profit),TSPA.csv,188,188,356428270,47006,-2872,142,188 56 31 157 196 169 174 187 81 17 168 145 179 91 185 8 165 39 107 90 27 71 164 7 21 138 32 49 155 144 61 9 62 167 111 124 94 19 99 121 136 158 53 180 6 194 161 162 72 118 59 51 141 60 46 68 140 93 117 0 170 143 183 89 23 114 64 15 148 33 37 87 74 152 1 101 150 26 100 189 130 12 133 127 29 156 112 4 11 184 28 166 77 116 65 105 47 149 131 43 96 41 193 159 103 146 192 160 54 30 147 104 190 10 177 48 42 5 115 198 139 110 163 69 108 18 199 191 178 3 106 119 40 132 73 83 186 16 88 171 13 85
NearestNeighbor (NN with profit),TSPA.csv,189,189,356428271,47608,-614,144,189 19 99 121 136 158 53 180 6 194 161 162 72 118 59 51 141 60 46 68 140 93 117 0 170 143 183 89 23 114 64 15 9 62 61 155 144 49 32 138 8 165 39 107 90 27 71 164 7 21 102 167 111 124 94 130 12 133 127 29 156 112 4 11 184 28 166 77 116 65 105 47 149 131 43 96 41 193 159 103 146 192 160 54 30 147 104 190 10 177 48 42 5 115 198 139 110 163 69 108 18 199 191 182 100 101 150 1 97 74 152 125 2 82 44 25 168 157 31 56 13 88 16 171 113 50 196 169 174 187 81 91 179 52 178 3 106 185 119 40 128 33 37 148
NearestNeighbor (NN with profit),TSPA.csv,190,190,356428272,48168,708,140,190 10 54 30 147 184 28 166 11 4 112 29 156 126 24 149 77 116 65 105 47 59 118 60 51 72 161 6 180 158 53 121 99 19 189 94 130 12 124 111 167 128 9 62 61 155 144 49 32 138 8 165 39 107 90 27 71 164 7 21 132 73 64 114 23 76 183 89 83 15 148 33 37 178 3 106 52 55 179 91 196 169 174 187 81 157 31 56 13 168 145 78 82 44 25 16 88 171 113 50 17 119 40 185 92 129 87 74 152 1 101 150 26 100 136 182 63 80 176 66 141 46 68 140 93 117 0 115 41 193 159 103 146 163 69 108 67 110 139 198
NearestNeighbor (NN with profit),TSPA.csv,191,191,356428273,46418,546,150,41 193 159 103 146 192 160 184 28 166 11 4 112 29 156 126 24 149 77 116 65 105 47 59 118 60 51 72 161 6 180 158 53 121 99 19 189 94 130 12 124 111 167 128 9 62 61 155 144 49 32 138 8 165 39 107 90 27 71 164 7 21 132 73 64 114 23 76 183 89 83 15 148 33 37 178 3 106 52 55 179 91 196 169 174 187 81 157 31 56 13 168 145 78 82 44 25 16 88 171 113 50 17 119 40 185 92 129 87 74 152 1 101 150 26 100 136 182 63 80 176 66 141 46 68 140 93 117 0 198 139 110 163 69 108 18 199 142 96 5 42 43 35 84 190 10 54 30 147 104
NearestNeighbor (NN with profit),TSPA.csv,192,192,356428274,47683,-188,150,192 160 184 28 166 11 4 112 29 156 126 24 149 77 116 65 105 47 59 118 60 51 72 161 6 180 158 53 121 99 19 189 94 130 12 124 111 167 128 9 62 61 155 144 49 32 138 8 165 39 107 90 27 71 164 7 21 132 73 64 114 23 76 183 89 83 15 148 33 37 178 3 106 52 55 179 91 196 169 174 187 81 157 31 56 13 168 145 78 82 44 25 16 88 171 113 50 17 119 40 185 92 129 87 74 152 1 101 150 26 100 136 182 63 80 176 66 141 46 68 140 93 117 0 115 41 193 159 103 146 195 96 5 42 43 35 84 190 10 54 30 147 48 142 163 69 108 67 110 139
NearestNeighbor (NN with profit),TSPA.csv,193,193,356428275,46937,453,149,193 41 159 103 146 192 160 184 28 166 11 4 112 29 156 126 24 149 77 116 65 105 47 59 118 60 51 72 161 6 180 158 53 121 99 19 189 94 130 12 124 111 167 128 9 62 61 155 144 49 32 138 8 165 39 107 90 27 71 164 7 21 132 73 64 114 23 76 183 89 83 15 148 33 37 178 3 106 52 55 179 91 196 169 174 187 81 157 31 56 13 168 145 78 82 44 25 16 88 171 113 50 17 119 40 185 92 129 87 74 152 1 101 150 26 100 136 182 63 80 176 66 141 46 68 140 93 117 0 198 139 110 163 69 108 18 199 142 96 5 42 43 35 84 190 10 54 30 147
NearestNeighbor (NN with profit),TSPA.csv,194,194,356428276,49662,-1525,144,161 162 72 118 59 51 141 60 46 68 140 93 117 0 170 143 183 89 23 114 64 15 9 62 61 155 144 49 32 138 8 165 39 107 90 27 71 164 7 21 102 167 111 124 94 19 99 121 136 158 53 180 6 29 156 112 4 11 184 28 166 77 116 65 105 47 149 131 43 96 41 193 159 103 146 192 160 54 30 147 104 190 10 177 48 42 5 115 198 139 110 163 69 108 18 199 191 109 66 176 130 12 148 33 37 128 172 82 44 25 168 157 31 56 13 88 16 171 113 50 196 169 174 187 81 91 179 92 129 87 74 152 1 101 150 26 100 97 178 3 106 185 119 40
NearestNeighbor (NN with profit),TSPA.csv,195,195,356428277,48499,-2142,146,195 103 146 159 41 193 96 115 46 68 140 93 117 0 170 143 183 89 23 114 64 15 9 62 61 155 144 49 32 138 8 165 39 107 90 27 71 164 7 21 102 167 111 124 94 19 99 121 136 158 53 180 6 194 161 162 72 118 59 51 141 60 109 66 176 80 133 24 29 156 112 4 11 184 28 166 77 116 65 105 47 149 131 43 192 160 54 30 147 104 190 10 177 48 34 22 69 163 108 67 110 139 198 173 100 101 150 1 97 74 152 125 2 82 44 25 168 157 31 56 13 88 16 171 113 50 196 169 174 187 81 91 179 52 178 3 106 185 119 40 128 33 37 148 12 130
NearestNeighbor (NN with profit),TSPA.csv,196,196,356428278,47864,-651,137,196 169 174 187 81 157 31 56 13 168 145 179 91 185 8 165 39 107 90 27 71 164 7 21 138 32 49 155 144 61 9 62 167 111 124 94 19 99 121 136 158 53 180 6 194 161 162 72 118 59 51 141 60 46 68 140 93 117 0 170 143 183 89 23 114 64 15 148 33 37 87 74 152 1 101 150 26 100 189 130 12 133 127 29 156 112 4 11 184 28 166 77 116 65 105 47 149 131 43 96 41 193 159 103 146 192 160 54 30 147 104 190 10 177 48 42 5 115 198 139 110 163 69 108 18 199 191 178 3 106 119 40 50 113 171 88 16
NearestNeighbor (NN with profit),TSPA.csv,197,197,356428279,48155,-1903,148,116 77 105 65 47 166 28 184 11 4 112 29 156 126 24 149 72 118 59 51 141 60 46 68 140 93 117 0 170 143 183 89 23 114 64 15 9 62 61 155 144 49 32 138 8 165 39 107 90 27 71 164 7 21 102 167 111 124 94 19 99 121 136 158 53 180 6 194 161 162 133 63 130 12 176 66 109 115 41 193 159 103 146 192 160 54 30 147 104 190 10 177 48 96 5 42 43 173 100 101 150 1 97 74 152 125 2 82 44 25 168 157 31 56 13 88 16 171 113 50 196 169 174 187 81 91 179 52 178 3 106 185 119 40 128 33 37 148 137 198 139 110 163 69 108 18 199 142
NearestNeighbor (NN with profit),TSPA.csv,198,198,356428280,49028,-2075,142,198 46 68 140 93 117 0 170 143 183 89 23 114 64 15 9 62 61 155 144 49 32 138 8 165 39 107 90 27 71 164 7 21 102 167 111 124 94 19 99 121 136 158 53 180 6 194 161 162 72 118 59 51 141 60 115 41 193 159 103 146 192 160 184 28 166 11 4 112 29 156 126 24 149 77 116 65 105 96 5 42 54 30 147 104 190 84 127 173 63 130 12 148 33 37 128 172 82 44 25 168 157 31 56 13 88 16 171 113 50 196 169 174 187 81 91 179 92 129 87 74 152 1 101 150 26 100 97 178 3 106 185 119 40 139 110 163 69 108 18 199 191
NearestNeighbor (NN with profit),TSPA.csv,199,199,356428281,46780,2479,145,163 108 67 140 93 68 46 60 118 59 72 51 141 66 176 80 63 121 99 19 189 94 130 12 124 111 167 128 9 62 61 155 144 49 32 138 8 165 39 107 90 27 71 164 7 21 132 73 64 114 23 76 183 89 83 15 148 33 37 178 3 106 52 55 179 91 196 169 174 187 81 157 31 56 13 168 145 78 82 44 25 16 88 171 113 50 17 119 40 185 92 129 87 74 152 1 101 150 26 100 158 53 136 180 6 194 127 29 156 112 4 11 184 28 166 77 116 65 105 47 149 131 43 96 41 193 159 103 146 192 160 54 30 147 104 190 10 177 48 42 5 115 198 139 110
GreedyCycle (GCa),TSPA.csv,0,0,356428082,36554,3572,157,0 170 117 93 140 36 67 108 69 163 159 193 41 195 146 103 181 192 160 48 30 54 147 104 177 10 190 4 112 156 29 126 35 11 184 28 166 131 149 77 47 65 59 72 51 151 45 162 161 194 6 154 158 53 100 26 101 150 1 87 125 74 152 97 121 99 19 189 124 167 111 33 37 49 178 55 129 120 44 82 78 31 13 56 16 88 171 50 188 157 17 196 169 174 187 81 168 145 179 91 40 119 165 39 90 107 27 71 58 164 7 95 8 185 106 3 32 138 14 155 144 61 62 9 64 114 83 89 183 76 23 186 15 148 12 130 94 182 136 180 173 133 80 176 66 141 60 118 116 105 43 42 5 96 115 198 46
GreedyCycle (GCa),TSPA.csv,1,1,356428083,37526,3239,152,1 150 101 100 26 121 53 158 154 6 173 180 161 162 51 109 72 59 65 47 149 131 166 11 126 29 156 112 4 190 10 177 104 147 54 30 48 160 192 103 146 195 159 163 69 108 67 36 140 93 117 170 0 68 46 198 139 191 193 41 96 5 42 184 28 77 105 116 118 60 141 66 176 63 136 182 99 189 94 130 12 148 15 186 23 76 183 89 83 114 64 9 62 61 144 155 14 138 32 3 106 185 8 95 7 164 58 71 27 107 90 39 165 119 40 91 179 145 168 81 187 174 169 196 17 157 188 50 171 88 16 56 13 31 78 82 44 120 129 55 178 49 37 33 111 167 124 19 152 74 125 87
GreedyCycle (GCa),TSPA.csv,2,2,356428084,36474,3924,152,55 52 178 3 32 49 128 167 111 33 37 148 15 186 23 76 183 89 83 114 64 62 9 61 144 155 14 138 8 95 7 164 58 71 27 107 90 39 165 119 40 185 91 179 145 168 81 187 174 169 196 17 157 188 50 171 88 16 56 13 31 78 82 44 120 150 101 1 100 26 121 53 158 154 6 173 180 161 162 51 109 72 59 65 47 149 131 166 11 126 29 156 112 4 190 10 177 104 147 54 30 48 160 192 103 146 195 159 163 69 108 67 36 140 93 117 170 0 68 46 198 139 191 193 41 96 5 42 184 28 77 105 116 118 60 141 66 176 63 136 182 99 189 94 130 12 124 19 152 74 125 87
GreedyCycle (GCa),TSPA.csv,3,3,356428085,36877,4087,150,3 32 49 102 33 37 148 15 186 23 76 183 89 83 114 64 62 9 61 144 155 14 138 8 95 7 164 58 71 27 107 90 39 165 119 40 91 179 145 168 81 187 174 169 196 17 157 188 50 171 88 16 56 13 31 78 82 44 120 2 87 1 150 101 100 26 121 53 158 154 6 173 180 161 162 51 109 72 59 65 47 149 131 166 11 126 29 156 112 4 190 10 177 104 147 54 30 48 160 192 103 146 195 159 163 69 108 67 36 140 93 117 170 0 68 46 198 139 191 193 41 96 5 42 184 28 77 105 116 118 60 141 66 176 63 136 182 99 189 19 152 74 94 130 12 124 111 167 128 178
GreedyCycle (GCa),TSPA.csv,4,4,356428086,37567,1944,162,4 112 156 29 126 35 166 131 149 77 47 65 59 72 51 151 45 162 161 194 6 154 158 53 100 26 101 150 1 87 125 74 152 97 121 99 19 189 124 167 111 33 37 49 178 55 129 120 44 82 78 31 13 56 16 88 171 50 188 157 17 196 169 174 187 81 168 145 179 91 40 119 165 39 90 107 27 71 58 164 7 95 8 185 106 3 32 138 14 155 144 61 62 9 64 114 83 89 183 143 170 0 153 76 23 186 15 148 12 130 94 182 136 180 173 133 80 176 66 141 60 46 198 139 110 142 159 199 69 163 36 140 67 108 18 20 22 146 103 195 193 41 115 116 105 96 5 42 192 160 48 30 54 147 104 177 10 190 28 184 11 84
GreedyCycle (GCa),TSPA.csv,5,5,356428087,36814,2834,160,5 96 41 193 159 199 18 69 108 67 140 36 163 110 191 139 198 46 115 118 60 141 66 176 80 133 173 180 136 182 94 130 12 148 15 186 23 76 153 0 170 143 183 89 83 114 64 9 62 61 144 155 14 138 32 3 106 185 8 95 7 164 58 71 27 107 90 39 165 119 40 91 179 145 168 81 187 174 169 196 17 157 188 50 171 88 16 56 13 31 78 82 44 120 129 55 178 49 37 33 111 167 124 189 19 99 121 97 152 74 125 87 1 150 101 26 100 53 158 154 6 194 161 162 45 151 51 72 59 116 105 65 47 149 131 166 11 126 29 156 112 4 190 10 177 104 147 54 30 48 160 103 146 181 192 184 28 77 43 42
GreedyCycle (GCa),TSPA.csv,6,6,356428088,36405,3631,157,6 173 180 136 182 63 12 130 111 148 37 33 9 15 186 23 76 183 89 83 114 64 61 62 144 155 14 138 32 3 106 185 8 95 7 164 58 71 27 107 90 39 165 119 40 91 179 145 168 81 187 174 169 196 17 157 188 50 171 88 16 56 13 31 78 82 44 120 129 55 178 49 128 167 124 94 189 19 99 121 97 152 74 125 87 1 150 101 26 100 53 158 154 70 127 123 24 131 149 166 11 126 29 156 112 4 190 10 177 104 147 54 30 48 160 192 103 146 195 159 163 69 108 67 36 140 93 117 170 0 68 46 198 139 191 193 41 96 5 42 184 28 77 47 65 105 116 59 118 60 141 66 51 72 162 161 194
GreedyCycle (GCa),TSPA.csv,7,7,356428089,36404,4158,151,7 95 39 165 8 185 119 40 169 196 91 179 106 138 14 155 144 61 9 62 64 114 83 89 183 76 23 186 15 148 37 33 102 49 32 3 178 52 55 128 167 111 124 12 130 94 74 152 19 189 99 182 136 63 176 66 141 60 118 116 105 77 28 184 42 5 96 41 193 191 139 198 46 68 0 170 117 93 140 36 67 108 69 163 159 195 146 103 192 160 48 30 54 147 104 177 10 190 4 112 156 29 126 11 166 131 149 47 65 59 72 109 51 162 161 180 173 6 154 158 53 121 26 100 101 150 1 87 2 120 44 82 78 168 31 13 56 16 88 171 50 188 157 81 187 90 107 27 71 58 164
GreedyCycle (GCa),TSPA.csv,8,8,356428090,36594,3866,152,8 185 169 196 91 179 106 138 14 155 144 61 9 62 64 114 83 89 183 76 23 186 15 148 37 33 102 49 32 3 178 52 55 128 167 111 124 12 130 94 74 152 19 189 99 182 136 63 176 66 141 60 118 116 105 77 28 184 42 5 96 41 193 191 139 198 46 68 0 170 117 93 140 36 67 108 69 163 159 195 146 103 192 160 48 30 54 147 104 177 10 190 4 112 156 29 126 11 166 131 149 47 65 59 72 109 51 162 161 180 173 6 154 158 53 121 26 100 101 150 1 87 2 120 44 82 78 168 31 13 56 16 88 171 50 188 157 81 187 174 40 119 165 39 90 107 27 71 58 164 7 95
GreedyCycle (GCa),TSPA.csv,9,9,356428091,37071,4099,148,9 61 144 155 14 138 32 3 106 185 8 95 7 164 58 71 27 107 90 39 165 119 40 91 179 145 168 81 187 174 169 196 17 157 188 50 171 88 16 56 13 31 78 82 44 120 2 87 1 150 101 100 26 121 53 158 154 6 173 180 161 162 51 109 72 59 65 47 149 131 166 11 126 29 156 112 4 190 10 177 104 147 54 30 48 160 192 103 146 195 159 163 69 108 67 36 140 93 117 170 0 68 46 198 139 191 193 41 96 5 42 184 28 77 105 116 118 60 141 66 176 63 136 182 99 189 94 130 12 124 19 152 74 167 111 33 37 148 15 186 23 76 183 89 83 114 64 62
GreedyCycle (GCa),TSPA.csv,10,10,356428092,37702,1900,160,10 177 30 54 48 160 192 42 5 96 105 116 115 41 193 195 103 146 22 20 18 108 67 140 36 163 69 199 159 142 110 139 198 46 60 141 66 176 80 133 173 180 136 182 94 130 12 148 15 186 23 76 153 0 170 143 183 89 83 114 64 9 62 61 144 155 14 138 32 3 106 185 8 95 7 164 58 71 27 107 90 39 165 119 40 91 179 145 168 81 187 174 169 196 17 157 188 50 171 88 16 56 13 31 78 82 44 120 129 55 178 49 37 33 111 167 124 189 19 99 121 97 152 74 125 87 1 150 101 26 100 53 158 154 6 194 161 162 45 151 51 72 59 65 47 149 131 77 28 166 11 126 29 156 112 4 184 147 104 190
GreedyCycle (GCa),TSPA.csv,11,11,356428093,37567,1944,162,11 84 4 112 156 29 126 35 166 131 149 77 47 65 59 72 51 151 45 162 161 194 6 154 158 53 100 26 101 150 1 87 125 74 152 97 121 99 19 189 124 167 111 33 37 49 178 55 129 120 44 82 78 31 13 56 16 88 171 50 188 157 17 196 169 174 187 81 168 145 179 91 40 119 165 39 90 107 27 71 58 164 7 95 8 185 106 3 32 138 14 155 144 61 62 9 64 114 83 89 183 143 170 0 153 76 23 186 15 148 12 130 94 182 136 180 173 133 80 176 66 141 60 46 198 139 110 142 159 199 69 163 36 140 67 108 18 20 22 146 103 195 193 41 115 116 105 96 5 42 192 160 48 30 54 147 104 177 10 190 28 184
GreedyCycle (GCa),TSPA.csv,12,12,356428094,36716,3525,155,12 148 15 186 23 76 183 89 83 114 64 9 62 61 144 155 14 138 32 3 106 185 8 95 7 164 58 71 27 107 90 39 165 119 40 91 179 145 168 81 187 174 169 196 17 157 188 50 171 88 16 56 13 31 78 82 44 120 129 55 178 49 37 33 111 167 124 19 189 99 121 97 152 74 125 87 1 150 101 26 100 53 158 154 6 173 180 136 182 63 133 161 162 72 59 65 47 149 131 166 11 126 29 156 112 4 190 10 177 104 147 54 30 48 160 192 103 146 195 159 163 69 108 67 36 140 93 117 170 0 68 46 198 139 191 193 41 96 5 42 184 28 77 105 116 118 60 109 51 141 66 176 80 94 130
GreedyCycle (GCa),TSPA.csv,13,13,356428095,36229,4368,152,13 16 88 171 113 56 188 157 17 196 81 187 174 169 91 179 185 40 119 165 39 90 107 27 71 58 164 7 95 8 138 14 155 144 61 9 62 64 114 83 89 183 76 23 186 15 148 37 33 102 49 32 3 178 52 55 128 167 111 124 12 130 94 74 152 19 189 99 182 136 63 176 66 141 60 118 116 105 77 28 184 42 5 96 41 193 191 139 198 46 68 0 170 117 93 140 36 67 108 69 163 159 195 146 103 192 160 48 30 54 147 104 177 10 190 4 112 156 29 126 11 166 131 149 47 65 59 72 109 51 162 161 180 173 6 154 158 53 121 26 100 101 150 1 87 2 120 44 82 78 168 31
GreedyCycle (GCa),TSPA.csv,14,14,356428096,36877,4087,150,14 155 144 61 9 62 64 114 83 89 183 76 23 186 15 148 37 33 102 49 32 3 178 128 167 111 124 12 130 94 74 152 19 189 99 182 136 63 176 66 141 60 118 116 105 77 28 184 42 5 96 41 193 191 139 198 46 68 0 170 117 93 140 36 67 108 69 163 159 195 146 103 192 160 48 30 54 147 104 177 10 190 4 112 156 29 126 11 166 131 149 47 65 59 72 109 51 162 161 180 173 6 154 158 53 121 26 100 101 150 1 87 2 120 44 82 78 31 13 56 16 88 171 50 188 157 17 196 169 174 187 81 168 145 179 91 40 119 165 39 90 107 27 71 58 164 7 95 8 138
GreedyCycle (GCa),TSPA.csv,15,15,356428097,36985,3909,150,15 186 23 76 183 89 83 114 64 73 132 144 155 14 138 32 3 106 185 8 95 7 164 58 71 27 107 90 39 165 119 40 91 179 145 168 81 187 174 169 196 17 157 188 50 171 88 16 56 13 31 78 82 44 120 2 87 1 150 101 100 26 121 53 158 154 6 173 180 161 162 51 109 72 59 65 47 149 131 166 11 126 29 156 112 4 190 10 177 104 147 54 30 48 160 192 103 146 195 159 163 69 108 67 36 140 93 117 170 0 68 46 198 139 191 193 41 96 5 42 184 28 77 105 116 118 60 141 66 176 63 136 182 99 189 19 152 74 94 130 12 124 111 167 128 62 9 33 37 148
GreedyCycle (GCa),TSPA.csv,16,16,356428098,36254,4343,152,16 171 113 56 188 157 17 196 81 187 174 169 91 179 185 40 119 165 39 90 107 27 71 58 164 7 95 8 138 14 155 144 61 9 62 64 114 83 89 183 76 23 186 15 148 37 33 102 49 32 3 178 52 55 128 167 111 124 12 130 94 74 152 19 189 99 182 136 63 176 66 141 60 118 116 105 77 28 184 42 5 96 41 193 191 139 198 46 68 0 170 117 93 140 36 67 108 69 163 159 195 146 103 192 160 48 30 54 147 104 177 10 190 4 112 156 29 126 11 166 131 149 47 65 59 72 109 51 162 161 180 173 6 154 158 53 121 26 100 101 150 1 87 2 120 44 82 78 168 31 13 88
GreedyCycle (GCa),TSPA.csv,17,17,356428099,36614,3846,152,91 179 106 138 14 155 144 61 9 62 64 114 83 89 183 76 23 186 15 148 37 33 102 49 32 3 178 52 55 128 167 111 124 12 130 94 74 152 19 189 99 182 136 63 176 66 141 60 118 116 105 77 28 184 42 5 96 41 193 191 139 198 46 68 0 170 117 93 140 36 67 108 69 163 159 195 146 103 192 160 48 30 54 147 104 177 10 190 4 112 156 29 126 11 166 131 149 47 65 59 72 109 51 162 161 180 173 6 154 158 53 121 26 100 101 150 1 87 2 120 44 82 78 168 31 13 56 16 88 171 50 188 157 81 187 174 119 40 165 39 90 107 27 71 58 164 7 95 8 185 169 196
GreedyCycle (GCa),TSPA.csv,18,18,356428100,36694,3210,158,159 193 41 195 146 103 181 192 160 48 30 54 147 104 177 10 190 4 112 156 29 126 35 11 184 28 166 131 149 77 47 65 59 72 51 151 45 162 161 194 6 154 158 53 100 26 101 150 1 87 125 74 152 97 121 99 19 189 124 167 111 33 37 49 178 55 129 120 44 82 78 31 13 56 16 88 171 50 188 157 17 196 169 174 187 81 168 145 179 91 40 119 165 39 90 107 27 71 58 164 7 95 8 185 106 3 32 138 14 155 144 61 62 9 64 114 83 89 183 76 23 186 15 148 12 130 94 182 136 180 173 133 80 176 66 141 60 118 116 105 43 42 5 96 110 191 139 198 46 68 0 170 117 93 140 36 163 69
GreedyCycle (GCa),TSPA.csv,19,19,356428101,37443,3280,152,19 152 74 125 87 1 150 101 26 100 121 53 158 154 6 173 180 161 162 51 109 72 59 65 47 149 131 166 11 126 29 156 112 4 190 10 177 104 147 54 30 48 160 192 103 146 195 159 163 69 108 67 36 140 93 117 170 0 68 46 198 139 191 193 41 96 5 42 184 28 77 105 116 118 60 141 66 176 63 136 182 99 189 94 130 12 148 15 186 23 76 183 89 83 114 64 9 62 61 144 155 14 138 32 3 106 185 8 95 7 164 58 71 27 107 90 39 165 119 40 91 179 145 168 81 187 174 169 196 17 157 188 50 171 88 16 56 13 31 78 82 44 120 129 55 178 49 37 33 111 167 124
GreedyCycle (GCa),TSPA.csv,20,20,356428102,36694,3210,158,159 193 41 195 146 103 181 192 160 48 30 54 147 104 177 10 190 4 112 156 29 126 35 11 184 28 166 131 149 77 47 65 59 72 51 151 45 162 161 194 6 154 158 53 100 26 101 150 1 87 125 74 152 97 121 99 19 189 124 167 111 33 37 49 178 55 129 120 44 82 78 31 13 56 16 88 171 50 188 157 17 196 169 174 187 81 168 145 179 91 40 119 165 39 90 107 27 71 58 164 7 95 8 185 106 3 32 138 14 155 144 61 62 9 64 114 83 89 183 76 23 186 15 148 12 130 94 182 136 180 173 133 80 176 66 141 60 118 116 105 43 42 5 96 110 191 139 198 46 68 0 170 117 93 140 36 163 69
GreedyCycle (GCa),TSPA.csv,21,21,356428103,36404,4158,151,95 39 165 8 185 119 40 169 196 91 179 106 138 14 155 144 61 9 62 64 114 83 89 183 76 23 186 15 148 37 33 102 49 32 3 178 52 55 128 167 111 124 12 130 94 74 152 19 189 99 182 136 63 176 66 141 60 118 116 105 77 28 184 42 5 96 41 193 191 139 198 46 68 0 170 117 93 140 36 67 108 69 163 159 195 146 103 192 160 48 30 54 147 104 177 10 190 4 112 156 29 126 11 166 131 149 47 65 59 72 109 51 162 161 180 173 6 154 158 53 121 26 100 101 150 1 87 2 120 44 82 78 168 31 13 56 16 88 171 50 188 157 81 187 90 107 27 71 58 164 7
GreedyCycle (GCa),TSPA.csv,22,22,356428104,36345,3610,159,22 159 163 69 108 67 36 140 93 117 170 0 68 46 198 139 191 193 41 96 5 42 43 105 116 118 60 141 66 176 80 133 173 180 136 182 94 130 12 148 15 186 23 76 183 89 83 114 64 9 62 61 144 155 14 138 32 3 106 185 8 95 7 164 58 71 27 107 90 39 165 119 40 91 179 145 168 81 187 174 169 196 17 157 188 50 171 88 16 56 13 31 78 82 44 120 129 55 178 49 37 33 111 167 124 189 19 99 121 97 152 74 125 87 1 150 101 26 100 53 158 154 6 194 161 162 45 151 51 72 59 65 47 77 149 131 166 28 184 11 35 126 29 156 112 4 190 10 177 104 147 54 30 48 160 192 181 103 146
GreedyCycle (GCa),TSPA.csv,23,23,356428105,37076,3818,150,23 76 183 89 83 64 73 132 144 155 14 138 32 3 106 185 8 95 7 164 58 71 27 107 90 39 165 119 40 91 179 145 168 81 187 174 169 196 17 157 188 50 171 88 16 56 13 31 78 82 44 120 2 87 1 150 101 100 26 121 53 158 154 6 173 180 161 162 51 109 72 59 65 47 149 131 166 11 126 29 156 112 4 190 10 177 104 147 54 30 48 160 192 103 146 195 159 163 69 108 67 36 140 93 117 170 0 68 46 198 139 191 193 41 96 5 42 184 28 77 105 116 118 60 141 66 176 63 136 182 99 189 19 152 74 94 130 12 124 111 167 128 62 9 33 37 148 15 114 186
GreedyCycle (GCa),TSPA.csv,24,24,356428106,36917,3297,155,131 166 11 126 29 156 112 4 190 10 177 104 147 54 30 48 160 192 103 146 195 159 163 69 108 67 36 140 93 117 170 0 68 46 198 139 191 193 41 96 5 42 184 28 77 105 116 118 60 141 66 176 80 133 173 180 136 182 94 130 12 148 15 186 23 76 183 89 83 114 64 9 62 61 144 155 14 138 32 3 106 185 8 95 7 164 58 71 27 107 90 39 165 119 40 91 179 145 168 81 187 174 169 196 17 157 188 50 171 88 16 56 13 31 78 82 44 120 129 55 178 49 37 33 111 167 124 189 19 99 121 97 152 74 125 87 1 150 101 26 100 53 158 154 6 194 161 162 45 151 51 72 59 65 149
GreedyCycle (GCa),TSPA.csv,25,25,356428107,36467,4121,153,82 78 31 13 56 16 88 171 50 188 157 17 196 169 174 187 81 168 145 179 91 185 40 119 165 39 90 107 27 71 58 164 7 95 8 138 14 155 144 61 9 62 64 114 83 89 183 76 23 186 15 148 37 33 102 49 32 3 178 52 55 128 167 111 124 12 130 94 74 152 19 189 99 182 136 63 176 66 141 60 118 116 105 77 28 184 42 5 96 41 193 191 139 198 46 68 0 170 117 93 140 36 67 108 69 163 159 195 146 103 192 160 48 30 54 147 104 177 10 190 4 112 156 29 126 11 166 131 149 47 65 59 72 109 51 162 161 180 173 6 154 158 53 121 26 100 101 150 1 87 2 120 44
GreedyCycle (GCa),TSPA.csv,26,26,356428108,37526,3239,152,26 121 53 158 154 6 173 180 161 162 51 109 72 59 65 47 149 131 166 11 126 29 156 112 4 190 10 177 104 147 54 30 48 160 192 103 146 195 159 163 69 108 67 36 140 93 117 170 0 68 46 198 139 191 193 41 96 5 42 184 28 77 105 116 118 60 141 66 176 63 136 182 99 189 94 130 12 148 15 186 23 76 183 89 83 114 64 9 62 61 144 155 14 138 32 3 106 185 8 95 7 164 58 71 27 107 90 39 165 119 40 91 179 145 168 81 187 174 169 196 17 157 188 50 171 88 16 56 13 31 78 82 44 120 129 55 178 49 37 33 111 167 124 19 152 74 125 87 1 150 101 100
GreedyCycle (GCa),TSPA.csv,27,27,356428109,37077,3617,149,27 90 107 187 81 157 188 50 171 88 16 56 13 31 168 78 82 44 120 2 87 1 150 101 100 26 121 53 158 154 6 173 180 161 162 51 109 72 59 65 47 149 131 166 11 126 29 156 112 4 190 10 177 104 147 54 30 48 160 192 103 146 195 159 163 69 108 67 36 140 93 117 170 0 68 46 198 139 191 193 41 96 5 42 184 28 77 105 116 118 60 141 66 176 63 136 182 99 189 19 152 74 94 130 12 124 111 167 128 55 52 178 3 32 49 102 33 37 148 15 186 23 76 183 89 83 114 64 62 9 61 144 155 14 138 106 179 91 196 169 119 40 185 8 39 95 7 164 71
GreedyCycle (GCa),TSPA.csv,28,28,356428110,36845,2924,157,28 184 131 149 77 47 65 59 72 51 151 45 162 161 194 6 154 158 53 100 26 101 150 1 87 125 74 152 97 121 99 19 189 124 167 111 33 37 49 178 55 129 120 44 82 78 31 13 56 16 88 171 50 188 157 17 196 169 174 187 81 168 145 179 91 40 119 165 39 90 107 27 71 58 164 7 95 8 185 106 3 32 138 14 155 144 61 62 9 64 114 83 89 183 76 23 186 15 148 12 130 94 182 136 180 173 133 80 176 66 141 60 118 116 105 96 5 42 192 181 41 193 191 139 198 46 68 0 170 117 93 140 36 67 108 69 163 159 22 146 103 160 48 30 54 147 104 177 10 190 4 112 156 29 126 11 166
GreedyCycle (GCa),TSPA.csv,29,29,356428111,37617,1894,162,29 126 112 35 166 131 149 77 47 65 59 72 51 151 45 162 161 194 6 154 158 53 100 26 101 150 1 87 125 74 152 97 121 99 19 189 124 167 111 33 37 49 178 55 129 120 44 82 78 31 13 56 16 88 171 50 188 157 17 196 169 174 187 81 168 145 179 91 40 119 165 39 90 107 27 71 58 164 7 95 8 185 106 3 32 138 14 155 144 61 62 9 64 114 83 89 183 143 170 0 153 76 23 186 15 148 12 130 94 182 136 180 173 133 80 176 66 141 60 46 198 139 110 142 159 199 69 163 36 140 67 108 18 20 22 146 103 195 193 41 115 116 105 96 5 42 192 160 48 30 54 147 104 177 10 190 28 184 11 84 4 156
GreedyCycle (GCa),TSPA.csv,30,30,356428112,37696,1906,160,30 10 190 177 104 147 184 4 112 156 29 126 11 166 28 77 131 149 47 65 59 72 51 151 45 162 161 194 6 154 158 53 100 26 101 150 1 87 125 74 152 97 121 99 19 189 124 167 111 33 37 49 178 55 129 120 44 82 78 31 13 56 16 88 171 50 188 157 17 196 169 174 187 81 168 145 179 91 40 119 165 39 90 107 27 71 58 164 7 95 8 185 106 3 32 138 14 155 144 61 62 9 64 114 83 89 183 143 170 0 153 76 23 186 15 148 12 130 94 182 136 180 173 133 80 176 66 141 60 46 198 139 110 142 159 199 69 163 36 140 67 108 18 20 22 146 103 195 193 41 115 116 105 96 5 42 192 160 48 54
GreedyCycle (GCa),TSPA.csv,31,31,356428113,36275,4286,152,31 13 56 16 88 171 50 188 157 17 196 81 187 174 169 91 179 185 40 119 165 39 90 107 27 71 58 164 7 95 8 138 14 155 144 61 9 62 64 114 83 89 183 76 23 186 15 148 37 33 102 49 32 3 178 52 55 128 167 111 124 12 130 94 74 152 19 189 99 182 136 63 176 66 141 60 118 116 105 77 28 184 42 5 96 41 193 191 139 198 46 68 0 170 117 93 140 36 67 108 69 163 159 195 146 103 192 160 48 30 54 147 104 177 10 190 4 112 156 29 126 11 166 131 149 47 65 59 72 109 51 162 161 180 173 6 154 158 53 121 26 100 101 150 1 87 2 120 44 82 78 168
GreedyCycle (GCa),TSPA.csv,32,32,356428114,36877,4087,150,32 49 102 33 37 148 15 186 23 76 183 89 83 114 64 62 9 61 144 155 14 138 8 95 7 164 58 71 27 107 90 39 165 119 40 91 179 145 168 81 187 174 169 196 17 157 188 50 171 88 16 56 13 31 78 82 44 120 2 87 1 150 101 100 26 121 53 158 154 6 173 180 161 162 51 109 72 59 65 47 149 131 166 11 126 29 156 112 4 190 10 177 104 147 54 30 48 160 192 103 146 195 159 163 69 108 67 36 140 93 117 170 0 68 46 198 139 191 193 41 96 5 42 184 28 77 105 116 118 60 141 66 176 63 136 182 99 189 19 152 74 94 130 12 124 111 167 128 178 3
GreedyCycle (GCa),TSPA.csv,33,33,356428115,37060,4110,148,33 111 167 74 152 19 124 12 130 94 189 99 182 136 63 176 66 141 60 118 116 105 77 28 184 42 5 96 41 193 191 139 198 46 68 0 170 117 93 140 36 67 108 69 163 159 195 146 103 192 160 48 30 54 147 104 177 10 190 4 112 156 29 126 11 166 131 149 47 65 59 72 109 51 162 161 180 173 6 154 158 53 121 26 100 101 150 1 87 2 120 44 82 78 31 13 56 16 88 171 50 188 157 17 196 169 174 187 81 168 145 179 91 40 119 165 39 90 107 27 71 58 164 7 95 8 185 106 3 32 138 14 155 144 61 62 9 64 114 83 89 183 76 23 186 15 148 37
GreedyCycle (GCa),TSPA.csv,34,34,356428116,37431,2643,156,34 103 146 22 159 163 69 108 67 36 140 93 117 170 0 68 46 198 139 191 193 41 96 118 60 141 66 176 80 133 173 180 136 182 94 130 12 148 15 186 23 76 183 89 83 114 64 9 62 61 144 155 14 138 32 3 106 185 8 95 7 164 58 71 27 107 90 39 165 119 40 91 179 145 168 81 187 174 169 196 17 157 188 50 171 88 16 56 13 31 78 82 44 120 129 55 178 49 37 33 111 167 124 189 19 99 121 97 152 74 125 87 1 150 101 26 100 53 158 154 6 194 161 162 45 151 51 72 59 116 105 65 47 149 131 166 11 126 29 156 112 4 184 28 77 43 192 160 48 147 104 177 190 10 54 30
GreedyCycle (GCa),TSPA.csv,35,35,356428117,37567,1944,162,35 126 29 156 112 4 84 11 184 28 190 10 177 104 147 54 30 48 160 192 42 5 96 105 116 115 41 193 195 103 146 22 20 18 108 67 140 36 163 69 199 159 142 110 139 198 46 60 141 66 176 80 133 173 180 136 182 94 130 12 148 15 186 23 76 153 0 170 143 183 89 83 114 64 9 62 61 144 155 14 138 32 3 106 185 8 95 7 164 58 71 27 107 90 39 165 119 40 91 179 145 168 81 187 174 169 196 17 157 188 50 171 88 16 56 13 31 78 82 44 120 129 55 178 49 37 33 111 167 124 189 19 99 121 97 152 74 125 87 1 150 101 26 100 53 158 154 6 194 161 162 45 151 51 72 59 65 47 77 149 131 166
GreedyCycle (GCa),TSPA.csv,36,36,356428118,36694,3210,158,36 163 69 159 193 41 195 146 103 181 192 160 48 30 54 147 104 177 10 190 4 112 156 29 126 35 11 184 28 166 131 149 77 47 65 59 72 51 151 45 162 161 194 6 154 158 53 100 26 101 150 1 87 125 74 152 97 121 99 19 189 124 167 111 33 37 49 178 55 129 120 44 82 78 31 13 56 16 88 171 50 188 157 17 196 169 174 187 81 168 145 179 91 40 119 165 39 90 107 27 71 58 164 7 95 8 185 106 3 32 138 14 155 144 61 62 9 64 114 83 89 183 76 23 186 15 148 12 130 94 182 136 180 173 133 80 176 66 141 60 118 116 105 43 42 5 96 110 191 139 198 46 68 0 170 117 93 140
GreedyCycle (GCa),TSPA.csv,37,37,356428119,37060,4110,148,37 148 15 186 23 76 183 89 83 114 64 9 62 61 144 155 14 138 32 3 106 185 8 95 7 164 58 71 27 107 90 39 165 119 40 91 179 145 168 81 187 174 169 196 17 157 188 50 171 88 16 56 13 31 78 82 44 120 2 87 1 150 101 100 26 121 53 158 154 6 173 180 161 162 51 109 72 59 65 47 149 131 166 11 126 29 156 112 4 190 10 177 104 147 54 30 48 160 192 103 146 195 159 163 69 108 67 36 140 93 117 170 0 68 46 198 139 191 193 41 96 5 42 184 28 77 105 116 118 60 141 66 176 63 136 182 99 189 94 130 12 124 19 152 74 167 111 33
GreedyCycle (GCa),TSPA.csv,38,38,356428120,36275,4286,152,168 78 82 44 120 2 87 1 150 101 100 26 121 53 158 154 6 173 180 161 162 51 109 72 59 65 47 149 131 166 11 126 29 156 112 4 190 10 177 104 147 54 30 48 160 192 103 146 195 159 163 69 108 67 36 140 93 117 170 0 68 46 198 139 191 193 41 96 5 42 184 28 77 105 116 118 60 141 66 176 63 136 182 99 189 19 152 74 94 130 12 124 111 167 128 55 52 178 3 32 49 102 33 37 148 15 186 23 76 183 89 83 114 64 62 9 61 144 155 14 138 8 95 7 164 58 71 27 107 90 39 165 119 40 185 179 91 169 174 187 81 196 17 157 188 50 171 88 16 56 13 31
GreedyCycle (GCa),TSPA.csv,39,39,356428121,36594,3866,152,39 90 107 27 71 58 164 7 95 8 185 169 196 91 179 106 138 14 155 144 61 9 62 64 114 83 89 183 76 23 186 15 148 37 33 102 49 32 3 178 52 55 128 167 111 124 12 130 94 74 152 19 189 99 182 136 63 176 66 141 60 118 116 105 77 28 184 42 5 96 41 193 191 139 198 46 68 0 170 117 93 140 36 67 108 69 163 159 195 146 103 192 160 48 30 54 147 104 177 10 190 4 112 156 29 126 11 166 131 149 47 65 59 72 109 51 162 161 180 173 6 154 158 53 121 26 100 101 150 1 87 2 120 44 82 78 168 31 13 56 16 88 171 50 188 157 81 187 174 40 119 165
GreedyCycle (GCa),TSPA.csv,40,40,356428122,36594,3866,152,40 174 187 81 157 188 50 171 88 16 56 13 31 168 78 82 44 120 2 87 1 150 101 100 26 121 53 158 154 6 173 180 161 162 51 109 72 59 65 47 149 131 166 11 126 29 156 112 4 190 10 177 104 147 54 30 48 160 192 103 146 195 159 163 69 108 67 36 140 93 117 170 0 68 46 198 139 191 193 41 96 5 42 184 28 77 105 116 118 60 141 66 176 63 136 182 99 189 19 152 74 94 130 12 124 111 167 128 55 52 178 3 32 49 102 33 37 148 15 186 23 76 183 89 83 114 64 62 9 61 144 155 14 138 106 179 91 196 169 185 8 95 7 164 58 71 27 107 90 39 165 119
GreedyCycle (GCa),TSPA.csv,41,41,356428123,36529,3612,158,41 195 146 103 181 192 160 48 30 54 147 104 177 10 190 4 112 156 29 126 35 11 184 28 166 131 149 77 47 65 59 72 51 151 45 162 161 194 6 154 158 53 100 26 101 150 1 87 125 74 152 97 121 99 19 189 124 167 111 33 37 49 178 55 129 120 44 82 78 31 13 56 16 88 171 50 188 157 17 196 169 174 187 81 168 145 179 91 40 119 165 39 90 107 27 71 58 164 7 95 8 185 106 3 32 138 14 155 144 61 62 9 64 114 83 89 183 76 23 186 15 148 12 130 94 182 136 180 173 133 80 176 66 141 60 118 116 105 43 42 5 96 115 198 46 68 0 170 117 93 140 36 67 108 69 163 159 193
GreedyCycle (GCa),TSPA.csv,42,42,356428124,36814,2834,160,42 43 77 28 184 192 181 146 103 160 48 30 54 147 104 177 10 190 4 112 156 29 126 11 166 131 149 47 65 105 116 59 72 51 151 45 162 161 194 6 154 158 53 100 26 101 150 1 87 125 74 152 97 121 99 19 189 124 167 111 33 37 49 178 55 129 120 44 82 78 31 13 56 16 88 171 50 188 157 17 196 169 174 187 81 168 145 179 91 40 119 165 39 90 107 27 71 58 164 7 95 8 185 106 3 32 138 14 155 144 61 62 9 64 114 83 89 183 143 170 0 153 76 23 186 15 148 12 130 94 182 136 180 173 133 80 176 66 141 60 118 115 46 198 139 191 110 163 36 140 67 108 69 18 199 159 193 41 96 5
GreedyCycle (GCa),TSPA.csv,43,43,356428125,36827,3332,156,105 116 118 60 141 66 176 80 133 173 180 136 182 94 130 12 148 15 186 23 76 183 89 83 114 64 9 62 61 144 155 14 138 32 3 106 185 8 95 7 164 58 71 27 107 90 39 165 119 40 91 179 145 168 81 187 174 169 196 17 157 188 50 171 88 16 56 13 31 78 82 44 120 129 55 178 49 37 33 111 167 124 189 19 99 121 97 152 74 125 87 1 150 101 26 100 53 158 154 6 194 161 162 45 151 51 72 59 65 47 149 131 166 11 126 29 156 112 4 190 10 177 104 147 54 30 48 160 192 103 146 195 159 163 69 108 67 36 140 93 117 170 0 68 46 198 139 191 193 41 96 5 42 184 28 77
GreedyCycle (GCa),TSPA.csv,44,44,356428126,36467,4121,153,44 120 2 87 1 150 101 100 26 121 53 158 154 6 173 180 161 162 51 109 72 59 65 47 149 131 166 11 126 29 156 112 4 190 10 177 104 147 54 30 48 160 192 103 146 195 159 163 69 108 67 36 140 93 117 170 0 68 46 198 139 191 193 41 96 5 42 184 28 77 105 116 118 60 141 66 176 63 136 182 99 189 19 152 74 94 130 12 124 111 167 128 55 52 178 3 32 49 102 33 37 148 15 186 23 76 183 89 83 114 64 62 9 61 144 155 14 138 8 95 7 164 58 71 27 107 90 39 165 119 40 185 91 179 145 168 81 187 174 169 196 17 157 188 50 171 88 16 56 13 31 78 82
GreedyCycle (GCa),TSPA.csv,45,45,356428127,37103,3294,156,45 151 51 109 72 59 65 47 149 131 166 11 126 29 156 112 4 190 10 177 104 147 54 30 48 160 192 103 146 195 159 163 69 108 67 36 140 93 117 170 0 68 46 198 139 191 193 41 96 5 42 184 28 77 105 116 118 60 141 66 176 63 173 180 136 182 94 130 12 148 15 186 23 76 183 89 83 114 64 9 62 61 144 155 14 138 32 3 106 185 8 95 7 164 58 71 27 107 90 39 165 119 40 91 179 145 168 81 187 174 169 196 17 157 188 50 171 88 16 56 13 31 78 82 44 120 129 55 178 49 37 33 111 167 124 189 19 99 121 97 152 74 125 87 1 150 101 26 100 53 158 154 6 194 161 162
GreedyCycle (GCa),TSPA.csv,46,46,356428128,36529,3612,158,46 68 0 170 117 93 140 36 67 108 69 163 159 193 41 195 146 103 181 192 160 48 30 54 147 104 177 10 190 4 112 156 29 126 35 11 184 28 166 131 149 77 47 65 59 72 51 151 45 162 161 194 6 154 158 53 100 26 101 150 1 87 125 74 152 97 121 99 19 189 124 167 111 33 37 49 178 55 129 120 44 82 78 31 13 56 16 88 171 50 188 157 17 196 169 174 187 81 168 145 179 91 40 119 165 39 90 107 27 71 58 164 7 95 8 185 106 3 32 138 14 155 144 61 62 9 64 114 83 89 183 76 23 186 15 148 12 130 94 182 136 180 173 133 80 176 66 141 60 118 116 105 43 42 5 96 115 198
GreedyCycle (GCa),TSPA.csv,47,47,356428129,36827,3332,156,47 149 131 166 11 126 29 156 112 4 190 10 177 104 147 54 30 48 160 192 103 146 195 159 163 69 108 67 36 140 93 117 170 0 68 46 198 139 191 193 41 96 5 42 184 28 77 105 116 118 60 141 66 176 80 133 173 180 136 182 94 130 12 148 15 186 23 76 183 89 83 114 64 9 62 61 144 155 14 138 32 3 106 185 8 95 7 164 58 71 27 107 90 39 165 119 40 91 179 145 168 81 187 174 169 196 17 157 188 50 171 88 16 56 13 31 78 82 44 120 129 55 178 49 37 33 111 167 124 189 19 99 121 97 152 74 125 87 1 150 101 26 100 53 158 154 6 194 161 162 45 151 51 72 59 65
GreedyCycle (GCa),TSPA.csv,48,48,356428130,37787,2026,157,48 30 54 147 10 190 4 112 156 29 126 11 166 28 77 131 149 47 65 59 72 51 151 45 162 161 194 6 154 158 53 100 26 101 150 1 87 125 74 152 97 121 99 19 189 124 167 111 33 37 49 178 55 129 120 44 82 78 31 13 56 16 88 171 50 188 157 17 196 169 174 187 81 168 145 179 91 40 119 165 39 90 107 27 71 58 164 7 95 8 185 106 3 32 138 14 155 144 61 62 9 64 114 83 89 183 143 170 0 153 76 23 186 15 148 12 130 94 182 136 180 173 133 80 176 66 141 60 46 198 139 110 142 159 199 69 163 36 140 67 108 18 20 22 146 103 195 193 41 115 116 105 96 5 42 192 160
GreedyCycle (GCa),TSPA.csv,49,49,356428131,36861,4069,151,49 128 167 111 124 12 130 94 74 152 19 189 99 182 136 63 176 66 141 60 118 116 105 77 28 184 42 5 96 41 193 191 139 198 46 68 0 170 117 93 140 36 67 108 69 163 159 195 146 103 192 160 48 30 54 147 104 177 10 190 4 112 156 29 126 11 166 131 149 47 65 59 72 109 51 162 161 180 173 6 154 158 53 121 26 100 101 150 1 87 2 120 44 82 78 31 13 56 16 88 171 50 188 157 17 196 169 174 187 81 168 145 179 91 40 119 165 39 90 107 27 71 58 164 7 95 8 185 106 3 32 138 14 155 144 61 9 62 64 114 83 89 183 76 23 186 15 148 37 33 102
GreedyCycle (GCa),TSPA.csv,50,50,356428132,36229,4368,152,113 171 88 16 13 31 168 78 82 44 120 2 87 1 150 101 100 26 121 53 158 154 6 173 180 161 162 51 109 72 59 65 47 149 131 166 11 126 29 156 112 4 190 10 177 104 147 54 30 48 160 192 103 146 195 159 163 69 108 67 36 140 93 117 170 0 68 46 198 139 191 193 41 96 5 42 184 28 77 105 116 118 60 141 66 176 63 136 182 99 189 19 152 74 94 130 12 124 111 167 128 55 52 178 3 32 49 102 33 37 148 15 186 23 76 183 89 83 114 64 62 9 61 144 155 14 138 8 95 7 164 58 71 27 107 90 39 165 119 40 185 179 91 169 174 187 81 196 17 157 188 56
GreedyCycle (GCa),TSPA.csv,51,51,356428133,36775,3364,157,51 151 45 162 161 194 6 154 158 53 100 26 101 150 1 87 125 74 152 97 121 99 19 189 124 167 111 33 37 49 178 55 129 120 44 82 78 31 13 56 16 88 171 50 188 157 17 196 169 174 187 81 168 145 179 91 40 119 165 39 90 107 27 71 58 164 7 95 8 185 106 3 32 138 14 155 144 61 62 9 64 114 83 89 183 76 23 186 15 148 12 130 94 182 136 180 173 133 80 176 66 141 60 118 116 105 77 28 184 42 5 96 41 193 191 139 198 46 68 0 170 117 93 140 36 67 108 69 163 159 195 146 103 192 160 48 30 54 147 104 177 10 190 4 112 156 29 126 11 166 131 149 47 65 59 72 109
GreedyCycle (GCa),TSPA.csv,52,52,356428134,36877,4087,150,138 14 155 144 61 9 62 64 114 83 89 183 76 23 186 15 148 37 33 102 49 32 3 178 128 167 111 124 12 130 94 74 152 19 189 99 182 136 63 176 66 141 60 118 116 105 77 28 184 42 5 96 41 193 191 139 198 46 68 0 170 117 93 140 36 67 108 69 163 159 195 146 103 192 160 48 30 54 147 104 177 10 190 4 112 156 29 126 11 166 131 149 47 65 59 72 109 51 162 161 180 173 6 154 158 53 121 26 100 101 150 1 87 2 120 44 82 78 31 13 56 16 88 171 50 188 157 17 196 169 174 187 81 168 145 179 91 40 119 165 39 90 107 27 71 58 164 7 95 8
GreedyCycle (GCa),TSPA.csv,53,53,356428135,36960,3260,158,53 100 26 101 150 1 87 125 74 152 97 121 99 19 189 94 124 167 128 49 178 55 129 120 44 82 78 31 13 56 16 88 171 50 188 157 17 196 169 174 187 81 168 145 179 91 40 119 165 39 90 107 27 71 58 164 7 95 8 185 106 3 32 138 14 155 144 62 61 64 114 83 89 183 76 23 186 15 9 33 37 148 111 130 12 133 161 162 45 151 51 109 72 59 65 47 149 131 166 11 126 29 156 112 4 190 10 177 104 147 54 30 48 160 192 103 146 195 159 163 69 108 67 36 140 93 117 170 0 68 46 198 139 191 193 41 96 5 42 184 28 77 105 116 118 60 141 66 176 80 63 182 136 180 173 6 154 158
GreedyCycle (GCa),TSPA.csv,54,54,356428136,37696,1906,160,54 48 160 192 42 5 96 105 116 115 41 193 195 103 146 22 20 18 108 67 140 36 163 69 199 159 142 110 139 198 46 60 141 66 176 80 133 173 180 136 182 94 130 12 148 15 186 23 76 153 0 170 143 183 89 83 114 64 9 62 61 144 155 14 138 32 3 106 185 8 95 7 164 58 71 27 107 90 39 165 119 40 91 179 145 168 81 187 174 169 196 17 157 188 50 171 88 16 56 13 31 78 82 44 120 129 55 178 49 37 33 111 167 124 189 19 99 121 97 152 74 125 87 1 150 101 26 100 53 158 154 6 194 161 162 45 151 51 72 59 65 47 149 131 77 28 166 11 126 29 156 112 4 184 147 104 177 190 10 30
GreedyCycle (GCa),TSPA.csv,55,55,356428137,36877,4087,150,178 3 32 49 102 33 37 148 15 186 23 76 183 89 83 114 64 62 9 61 144 155 14 138 8 95 7 164 58 71 27 107 90 39 165 119 40 91 179 145 168 81 187 174 169 196 17 157 188 50 171 88 16 56 13 31 78 82 44 120 2 87 1 150 101 100 26 121 53 158 154 6 173 180 161 162 51 109 72 59 65 47 149 131 166 11 126 29 156 112 4 190 10 177 104 147 54 30 48 160 192 103 146 195 159 163 69 108 67 36 140 93 117 170 0 68 46 198 139 191 193 41 96 5 42 184 28 77 105 116 118 60 141 66 176 63 136 182 99 189 19 152 74 94 130 12 124 111 167 128
GreedyCycle (GCa),TSPA.csv,56,56,356428138,36229,4368,152,56 188 157 17 196 81 187 174 169 91 179 185 40 119 165 39 90 107 27 71 58 164 7 95 8 138 14 155 144 61 9 62 64 114 83 89 183 76 23 186 15 148 37 33 102 49 32 3 178 52 55 128 167 111 124 12 130 94 74 152 19 189 99 182 136 63 176 66 141 60 118 116 105 77 28 184 42 5 96 41 193 191 139 198 46 68 0 170 117 93 140 36 67 108 69 163 159 195 146 103 192 160 48 30 54 147 104 177 10 190 4 112 156 29 126 11 166 131 149 47 65 59 72 109 51 162 161 180 173 6 154 158 53 121 26 100 101 150 1 87 2 120 44 82 78 168 31 13 16 88 171 113
GreedyCycle (GCa),TSPA.csv,57,57,356428139,36467,4121,153,128 167 111 124 12 130 94 74 152 19 189 99 182 136 63 176 66 141 60 118 116 105 77 28 184 42 5 96 41 193 191 139 198 46 68 0 170 117 93 140 36 67 108 69 163 159 195 146 103 192 160 48 30 54 147 104 177 10 190 4 112 156 29 126 11 166 131 149 47 65 59 72 109 51 162 161 180 173 6 154 158 53 121 26 100 101 150 1 87 2 120 44 82 78 31 13 56 16 88 171 50 188 157 17 196 169 174 187 81 168 145 179 91 185 40 119 165 39 90 107 27 71 58 164 7 95 8 138 14 155 144 61 9 62 64 114 83 89 183 76 23 186 15 148 37 33 102 49 32 3 178 52 55
GreedyCycle (GCa),TSPA.csv,58,58,356428140,36404,4158,151,58 71 27 107 90 187 81 157 188 50 171 88 16 56 13 31 168 78 82 44 120 2 87 1 150 101 100 26 121 53 158 154 6 173 180 161 162 51 109 72 59 65 47 149 131 166 11 126 29 156 112 4 190 10 177 104 147 54 30 48 160 192 103 146 195 159 163 69 108 67 36 140 93 117 170 0 68 46 198 139 191 193 41 96 5 42 184 28 77 105 116 118 60 141 66 176 63 136 182 99 189 19 152 74 94 130 12 124 111 167 128 55 52 178 3 32 49 102 33 37 148 15 186 23 76 183 89 83 114 64 62 9 61 144 155 14 138 106 179 91 196 169 40 119 185 8 165 39 95 7 164
GreedyCycle (GCa),TSPA.csv,59,59,356428141,36827,3332,156,59 72 51 151 45 162 161 194 6 154 158 53 100 26 101 150 1 87 125 74 152 97 121 99 19 189 124 167 111 33 37 49 178 55 129 120 44 82 78 31 13 56 16 88 171 50 188 157 17 196 169 174 187 81 168 145 179 91 40 119 165 39 90 107 27 71 58 164 7 95 8 185 106 3 32 138 14 155 144 61 62 9 64 114 83 89 183 76 23 186 15 148 12 130 94 182 136 180 173 133 80 176 66 141 60 118 116 105 77 28 184 42 5 96 41 193 191 139 198 46 68 0 170 117 93 140 36 67 108 69 163 159 195 146 103 192 160 48 30 54 147 104 177 10 190 4 112 156 29 126 11 166 131 149 47 65
GreedyCycle (GCa),TSPA.csv,60,60,356428142,36775,3364,157,60 141 66 176 80 133 173 180 136 182 94 130 12 148 15 186 23 76 183 89 83 114 64 9 62 61 144 155 14 138 32 3 106 185 8 95 7 164 58 71 27 107 90 39 165 119 40 91 179 145 168 81 187 174 169 196 17 157 188 50 171 88 16 56 13 31 78 82 44 120 129 55 178 49 37 33 111 167 124 189 19 99 121 97 152 74 125 87 1 150 101 26 100 53 158 154 6 194 161 162 45 151 51 109 72 59 65 47 149 131 166 11 126 29 156 112 4 190 10 177 104 147 54 30 48 160 192 103 146 195 159 163 69 108 67 36 140 93 117 170 0 68 46 198 139 191 193 41 96 5 42 184 28 77 105 116 118
GreedyCycle (GCa),TSPA.csv,61,61,356428143,37071,4099,148,61 9 62 64 114 83 89 183 76 23 186 15 148 37 33 111 167 74 152 19 124 12 130 94 189 99 182 136 63 176 66 141 60 118 116 105 77 28 184 42 5 96 41 193 191 139 198 46 68 0 170 117 93 140 36 67 108 69 163 159 195 146 103 192 160 48 30 54 147 104 177 10 190 4 112 156 29 126 11 166 131 149 47 65 59 72 109 51 162 161 180 173 6 154 158 53 121 26 100 101 150 1 87 2 120 44 82 78 31 13 56 16 88 171 50 188 157 17 196 169 174 187 81 168 145 179 91 40 119 165 39 90 107 27 71 58 164 7 95 8 185 106 3 32 138 14 155 144
GreedyCycle (GCa),TSPA.csv,62,62,356428144,37071,4099,148,62 64 114 83 89 183 76 23 186 15 148 37 33 111 167 74 152 19 124 12 130 94 189 99 182 136 63 176 66 141 60 118 116 105 77 28 184 42 5 96 41 193 191 139 198 46 68 0 170 117 93 140 36 67 108 69 163 159 195 146 103 192 160 48 30 54 147 104 177 10 190 4 112 156 29 126 11 166 131 149 47 65 59 72 109 51 162 161 180 173 6 154 158 53 121 26 100 101 150 1 87 2 120 44 82 78 31 13 56 16 88 171 50 188 157 17 196 169 174 187 81 168 145 179 91 40 119 165 39 90 107 27 71 58 164 7 95 8 185 106 3 32 138 14 155 144 61 9
GreedyCycle (GCa),TSPA.csv,63,63,356428145,36660,3497,155,133 173 180 136 182 94 130 12 148 15 186 23 76 183 89 83 114 64 9 62 61 144 155 14 138 32 3 106 185 8 95 7 164 58 71 27 107 90 39 165 119 40 91 179 145 168 81 187 174 169 196 17 157 188 50 171 88 16 56 13 31 78 82 44 120 129 55 178 49 37 33 111 167 124 189 19 99 121 97 152 74 125 87 1 150 101 26 100 53 158 154 6 194 161 162 72 59 65 47 149 131 166 11 126 29 156 112 4 190 10 177 104 147 54 30 48 160 192 103 146 195 159 163 69 108 67 36 140 93 117 170 0 68 46 198 139 191 193 41 96 5 42 184 28 77 105 116 118 60 109 51 141 66 176 80
GreedyCycle (GCa),TSPA.csv,64,64,356428146,37076,3818,150,64 83 89 183 76 23 186 114 15 148 37 33 9 62 128 167 111 124 12 130 94 74 152 19 189 99 182 136 63 176 66 141 60 118 116 105 77 28 184 42 5 96 41 193 191 139 198 46 68 0 170 117 93 140 36 67 108 69 163 159 195 146 103 192 160 48 30 54 147 104 177 10 190 4 112 156 29 126 11 166 131 149 47 65 59 72 109 51 162 161 180 173 6 154 158 53 121 26 100 101 150 1 87 2 120 44 82 78 31 13 56 16 88 171 50 188 157 17 196 169 174 187 81 168 145 179 91 40 119 165 39 90 107 27 71 58 164 7 95 8 185 106 3 32 138 14 155 144 132 73
GreedyCycle (GCa),TSPA.csv,65,65,356428147,36827,3332,156,65 59 72 51 151 45 162 161 194 6 154 158 53 100 26 101 150 1 87 125 74 152 97 121 99 19 189 124 167 111 33 37 49 178 55 129 120 44 82 78 31 13 56 16 88 171 50 188 157 17 196 169 174 187 81 168 145 179 91 40 119 165 39 90 107 27 71 58 164 7 95 8 185 106 3 32 138 14 155 144 61 62 9 64 114 83 89 183 76 23 186 15 148 12 130 94 182 136 180 173 133 80 176 66 141 60 118 116 105 77 28 184 42 5 96 41 193 191 139 198 46 68 0 170 117 93 140 36 67 108 69 163 159 195 146 103 192 160 48 30 54 147 104 177 10 190 4 112 156 29 126 11 166 131 149 47
GreedyCycle (GCa),TSPA.csv,66,66,356428148,36775,3364,157,66 176 80 133 173 180 136 182 94 130 12 148 15 186 23 76 183 89 83 114 64 9 62 61 144 155 14 138 32 3 106 185 8 95 7 164 58 71 27 107 90 39 165 119 40 91 179 145 168 81 187 174 169 196 17 157 188 50 171 88 16 56 13 31 78 82 44 120 129 55 178 49 37 33 111 167 124 189 19 99 121 97 152 74 125 87 1 150 101 26 100 53 158 154 6 194 161 162 45 151 51 109 72 59 65 47 149 131 166 11 126 29 156 112 4 190 10 177 104 147 54 30 48 160 192 103 146 195 159 163 69 108 67 36 140 93 117 170 0 68 46 198 139 191 193 41 96 5 42 184 28 77 105 116 118 60 141
GreedyCycle (GCa),TSPA.csv,67,67,356428149,36694,3210,158,69 163 36 140 93 117 170 0 68 46 198 139 191 110 96 5 42 43 105 116 118 60 141 66 176 80 133 173 180 136 182 94 130 12 148 15 186 23 76 183 89 83 114 64 9 62 61 144 155 14 138 32 3 106 185 8 95 7 164 58 71 27 107 90 39 165 119 40 91 179 145 168 81 187 174 169 196 17 157 188 50 171 88 16 56 13 31 78 82 44 120 129 55 178 49 37 33 111 167 124 189 19 99 121 97 152 74 125 87 1 150 101 26 100 53 158 154 6 194 161 162 45 151 51 72 59 65 47 77 149 131 166 28 184 11 35 126 29 156 112 4 190 10 177 104 147 54 30 48 160 192 181 103 146 195 41 193 159
GreedyCycle (GCa),TSPA.csv,68,68,356428150,36529,3612,158,68 0 170 117 93 140 36 67 108 69 163 159 193 41 195 146 103 181 192 160 48 30 54 147 104 177 10 190 4 112 156 29 126 35 11 184 28 166 131 149 77 47 65 59 72 51 151 45 162 161 194 6 154 158 53 100 26 101 150 1 87 125 74 152 97 121 99 19 189 124 167 111 33 37 49 178 55 129 120 44 82 78 31 13 56 16 88 171 50 188 157 17 196 169 174 187 81 168 145 179 91 40 119 165 39 90 107 27 71 58 164 7 95 8 185 106 3 32 138 14 155 144 61 62 9 64 114 83 89 183 76 23 186 15 148 12 130 94 182 136 180 173 133 80 176 66 141 60 118 116 105 43 42 5 96 115 198 46
GreedyCycle (GCa),TSPA.csv,69,69,356428151,36694,3210,158,69 163 36 140 93 117 170 0 68 46 198 139 191 110 96 5 42 43 105 116 118 60 141 66 176 80 133 173 180 136 182 94 130 12 148 15 186 23 76 183 89 83 114 64 9 62 61 144 155 14 138 32 3 106 185 8 95 7 164 58 71 27 107 90 39 165 119 40 91 179 145 168 81 187 174 169 196 17 157 188 50 171 88 16 56 13 31 78 82 44 120 129 55 178 49 37 33 111 167 124 189 19 99 121 97 152 74 125 87 1 150 101 26 100 53 158 154 6 194 161 162 45 151 51 72 59 65 47 77 149 131 166 28 184 11 35 126 29 156 112 4 190 10 177 104 147 54 30 48 160 192 181 103 146 195 41 193 159
GreedyCycle (GCa),TSPA.csv,70,70,356428152,36405,3631,157,70 154 158 53 100 26 101 150 1 87 125 74 152 97 121 99 19 189 94 124 167 128 49 178 55 129 120 44 82 78 31 13 56 16 88 171 50 188 157 17 196 169 174 187 81 168 145 179 91 40 119 165 39 90 107 27 71 58 164 7 95 8 185 106 3 32 138 14 155 144 62 61 64 114 83 89 183 76 23 186 15 9 33 37 148 111 130 12 63 182 136 180 173 6 194 161 162 72 51 66 141 60 118 59 116 105 65 47 77 28 184 42 5 96 41 193 191 139 198 46 68 0 170 117 93 140 36 67 108 69 163 159 195 146 103 192 160 48 30 54 147 104 177 10 190 4 112 156 29 126 11 166 149 131 24 123 127
GreedyCycle (GCa),TSPA.csv,71,71,356428153,36404,4158,151,71 27 107 90 187 81 157 188 50 171 88 16 56 13 31 168 78 82 44 120 2 87 1 150 101 100 26 121 53 158 154 6 173 180 161 162 51 109 72 59 65 47 149 131 166 11 126 29 156 112 4 190 10 177 104 147 54 30 48 160 192 103 146 195 159 163 69 108 67 36 140 93 117 170 0 68 46 198 139 191 193 41 96 5 42 184 28 77 105 116 118 60 141 66 176 63 136 182 99 189 19 152 74 94 130 12 124 111 167 128 55 52 178 3 32 49 102 33 37 148 15 186 23 76 183 89 83 114 64 62 9 61 144 155 14 138 106 179 91 196 169 40 119 185 8 165 39 95 7 164 58
GreedyCycle (GCa),TSPA.csv,72,72,356428154,36827,3332,156,72 51 151 45 162 161 194 6 154 158 53 100 26 101 150 1 87 125 74 152 97 121 99 19 189 124 167 111 33 37 49 178 55 129 120 44 82 78 31 13 56 16 88 171 50 188 157 17 196 169 174 187 81 168 145 179 91 40 119 165 39 90 107 27 71 58 164 7 95 8 185 106 3 32 138 14 155 144 61 62 9 64 114 83 89 183 76 23 186 15 148 12 130 94 182 136 180 173 133 80 176 66 141 60 118 116 105 77 28 184 42 5 96 41 193 191 139 198 46 68 0 170 117 93 140 36 67 108 69 163 159 195 146 103 192 160 48 30 54 147 104 177 10 190 4 112 156 29 126 11 166 131 149 47 65 59
GreedyCycle (GCa),TSPA.csv,73,73,356428155,37125,4031,148,144 155 61 62 9 64 114 83 89 183 76 23 186 15 148 37 33 111 167 74 152 19 124 12 130 94 189 99 182 136 63 176 66 141 60 118 116 105 77 28 184 42 5 96 41 193 191 139 198 46 68 0 170 117 93 140 36 67 108 69 163 159 195 146 103 192 160 48 30 54 147 104 177 10 190 4 112 156 29 126 11 166 131 149 47 65 59 72 109 51 162 161 180 173 6 154 158 53 121 26 100 101 150 1 87 2 120 44 82 78 31 13 56 16 88 171 50 188 157 17 196 169 174 187 81 168 145 179 91 40 119 165 39 90 107 27 71 58 164 7 95 8 185 106 3 32 138 14
GreedyCycle (GCa),TSPA.csv,74,74,356428156,36474,3924,152,74 125 87 55 52 178 3 32 49 128 167 111 33 37 148 15 186 23 76 183 89 83 114 64 62 9 61 144 155 14 138 8 95 7 164 58 71 27 107 90 39 165 119 40 185 91 179 145 168 81 187 174 169 196 17 157 188 50 171 88 16 56 13 31 78 82 44 120 150 101 1 100 26 121 53 158 154 6 173 180 161 162 51 109 72 59 65 47 149 131 166 11 126 29 156 112 4 190 10 177 104 147 54 30 48 160 192 103 146 195 159 163 69 108 67 36 140 93 117 170 0 68 46 198 139 191 193 41 96 5 42 184 28 77 105 116 118 60 141 66 176 63 136 182 99 189 94 130 12 124 19 152
GreedyCycle (GCa),TSPA.csv,75,75,356428157,37526,3239,152,1 87 125 74 152 19 124 167 111 33 37 49 178 55 129 120 44 82 78 31 13 56 16 88 171 50 188 157 17 196 169 174 187 81 168 145 179 91 40 119 165 39 90 107 27 71 58 164 7 95 8 185 106 3 32 138 14 155 144 61 62 9 64 114 83 89 183 76 23 186 15 148 12 130 94 189 99 182 136 63 176 66 141 60 118 116 105 77 28 184 42 5 96 41 193 191 139 198 46 68 0 170 117 93 140 36 67 108 69 163 159 195 146 103 192 160 48 30 54 147 104 177 10 190 4 112 156 29 126 11 166 131 149 47 65 59 72 109 51 162 161 180 173 6 154 158 53 121 26 100 101 150
GreedyCycle (GCa),TSPA.csv,76,76,356428158,37076,3818,150,76 183 89 83 64 73 132 144 155 14 138 32 3 106 185 8 95 7 164 58 71 27 107 90 39 165 119 40 91 179 145 168 81 187 174 169 196 17 157 188 50 171 88 16 56 13 31 78 82 44 120 2 87 1 150 101 100 26 121 53 158 154 6 173 180 161 162 51 109 72 59 65 47 149 131 166 11 126 29 156 112 4 190 10 177 104 147 54 30 48 160 192 103 146 195 159 163 69 108 67 36 140 93 117 170 0 68 46 198 139 191 193 41 96 5 42 184 28 77 105 116 118 60 141 66 176 63 136 182 99 189 19 152 74 94 130 12 124 111 167 128 62 9 33 37 148 15 114 186 23
GreedyCycle (GCa),TSPA.csv,77,77,356428159,36827,3332,156,77 28 184 42 5 96 41 193 191 139 198 46 68 0 170 117 93 140 36 67 108 69 163 159 195 146 103 192 160 48 30 54 147 104 177 10 190 4 112 156 29 126 11 166 131 149 47 65 59 72 51 151 45 162 161 194 6 154 158 53 100 26 101 150 1 87 125 74 152 97 121 99 19 189 124 167 111 33 37 49 178 55 129 120 44 82 78 31 13 56 16 88 171 50 188 157 17 196 169 174 187 81 168 145 179 91 40 119 165 39 90 107 27 71 58 164 7 95 8 185 106 3 32 138 14 155 144 61 62 9 64 114 83 89 183 76 23 186 15 148 12 130 94 182 136 180 173 133 80 176 66 141 60 118 116 105
GreedyCycle (GCa),TSPA.csv,78,78,356428160,37063,3737,154,78 31 13 56 16 88 171 50 188 157 17 196 81 187 174 119 40 165 39 90 107 27 71 58 164 7 95 8 185 169 91 179 106 138 14 155 144 61 9 62 64 114 83 89 183 76 23 186 15 148 37 33 102 49 32 3 178 52 55 128 167 111 124 12 130 94 74 152 19 189 99 182 136 63 176 66 141 60 118 116 105 77 28 184 42 5 96 41 193 191 139 198 46 68 0 170 117 93 140 36 67 108 69 163 159 195 146 103 192 160 48 30 54 147 104 177 10 190 4 112 156 29 126 11 166 131 149 47 65 59 72 109 51 162 161 180 173 6 154 158 53 121 26 100 101 150 1 87 2 120 44 82 168 145
GreedyCycle (GCa),TSPA.csv,79,79,356428161,36660,3497,155,80 176 66 141 51 109 60 118 116 105 77 28 184 42 5 96 41 193 191 139 198 46 68 0 170 117 93 140 36 67 108 69 163 159 195 146 103 192 160 48 30 54 147 104 177 10 190 4 112 156 29 126 11 166 131 149 47 65 59 72 162 161 194 6 154 158 53 100 26 101 150 1 87 125 74 152 97 121 99 19 189 124 167 111 33 37 49 178 55 129 120 44 82 78 31 13 56 16 88 171 50 188 157 17 196 169 174 187 81 168 145 179 91 40 119 165 39 90 107 27 71 58 164 7 95 8 185 106 3 32 138 14 155 144 61 62 9 64 114 83 89 183 76 23 186 15 148 12 130 94 182 136 180 173 133
GreedyCycle (GCa),TSPA.csv,80,80,356428162,36775,3364,157,80 133 173 180 136 182 94 130 12 148 15 186 23 76 183 89 83 114 64 9 62 61 144 155 14 138 32 3 106 185 8 95 7 164 58 71 27 107 90 39 165 119 40 91 179 145 168 81 187 174 169 196 17 157 188 50 171 88 16 56 13 31 78 82 44 120 129 55 178 49 37 33 111 167 124 189 19 99 121 97 152 74 125 87 1 150 101 26 100 53 158 154 6 194 161 162 45 151 51 109 72 59 65 47 149 131 166 11 126 29 156 112 4 190 10 177 104 147 54 30 48 160 192 103 146 195 159 163 69 108 67 36 140 93 117 170 0 68 46 198 139 191 193 41 96 5 42 184 28 77 105 116 118 60 141 66 176
GreedyCycle (GCa),TSPA.csv,81,81,356428163,36614,3846,152,81 157 188 50 171 88 16 56 13 31 168 78 82 44 120 2 87 1 150 101 100 26 121 53 158 154 6 173 180 161 162 51 109 72 59 65 47 149 131 166 11 126 29 156 112 4 190 10 177 104 147 54 30 48 160 192 103 146 195 159 163 69 108 67 36 140 93 117 170 0 68 46 198 139 191 193 41 96 5 42 184 28 77 105 116 118 60 141 66 176 63 136 182 99 189 19 152 74 94 130 12 124 111 167 128 55 52 178 3 32 49 102 33 37 148 15 186 23 76 183 89 83 114 64 62 9 61 144 155 14 138 106 179 91 196 169 185 8 95 7 164 58 71 27 107 90 39 165 40 119 174 187
GreedyCycle (GCa),TSPA.csv,82,82,356428164,36467,4121,153,82 78 31 13 56 16 88 171 50 188 157 17 196 169 174 187 81 168 145 179 91 185 40 119 165 39 90 107 27 71 58 164 7 95 8 138 14 155 144 61 9 62 64 114 83 89 183 76 23 186 15 148 37 33 102 49 32 3 178 52 55 128 167 111 124 12 130 94 74 152 19 189 99 182 136 63 176 66 141 60 118 116 105 77 28 184 42 5 96 41 193 191 139 198 46 68 0 170 117 93 140 36 67 108 69 163 159 195 146 103 192 160 48 30 54 147 104 177 10 190 4 112 156 29 126 11 166 131 149 47 65 59 72 109 51 162 161 180 173 6 154 158 53 121 26 100 101 150 1 87 2 120 44
GreedyCycle (GCa),TSPA.csv,83,83,356428165,37076,3818,150,83 89 183 76 23 186 114 15 148 37 33 9 62 128 167 111 124 12 130 94 74 152 19 189 99 182 136 63 176 66 141 60 118 116 105 77 28 184 42 5 96 41 193 191 139 198 46 68 0 170 117 93 140 36 67 108 69 163 159 195 146 103 192 160 48 30 54 147 104 177 10 190 4 112 156 29 126 11 166 131 149 47 65 59 72 109 51 162 161 180 173 6 154 158 53 121 26 100 101 150 1 87 2 120 44 82 78 31 13 56 16 88 171 50 188 157 17 196 169 174 187 81 168 145 179 91 40 119 165 39 90 107 27 71 58 164 7 95 8 185 106 3 32 138 14 155 144 132 73 64
GreedyCycle (GCa),TSPA.csv,84,84,356428166,37567,1944,162,84 11 184 28 190 10 177 104 147 54 30 48 160 192 42 5 96 105 116 115 41 193 195 103 146 22 20 18 108 67 140 36 163 69 199 159 142 110 139 198 46 60 141 66 176 80 133 173 180 136 182 94 130 12 148 15 186 23 76 153 0 170 143 183 89 83 114 64 9 62 61 144 155 14 138 32 3 106 185 8 95 7 164 58 71 27 107 90 39 165 119 40 91 179 145 168 81 187 174 169 196 17 157 188 50 171 88 16 56 13 31 78 82 44 120 129 55 178 49 37 33 111 167 124 189 19 99 121 97 152 74 125 87 1 150 101 26 100 53 158 154 6 194 161 162 45 151 51 72 59 65 47 77 149 131 166 35 126 29 156 112 4
GreedyCycle (GCa),TSPA.csv,85,85,356428167,36275,4286,152,157 17 196 81 187 174 169 91 179 185 40 119 165 39 90 107 27 71 58 164 7 95 8 138 14 155 144 61 9 62 64 114 83 89 183 76 23 186 15 148 37 33 102 49 32 3 178 52 55 128 167 111 124 12 130 94 74 152 19 189 99 182 136 63 176 66 141 60 118 116 105 77 28 184 42 5 96 41 193 191 139 198 46 68 0 170 117 93 140 36 67 108 69 163 159 195 146 103 192 160 48 30 54 147 104 177 10 190 4 112 156 29 126 11 166 131 149 47 65 59 72 109 51 162 161 180 173 6 154 158 53 121 26 100 101 150 1 87 2 120 44 82 78 168 31 13 56 16 88 171 50 188
GreedyCycle (GCa),TSPA.csv,86,86,356428168,37575,3239,152,150 1 87 125 74 152 19 124 167 111 33 37 49 178 55 129 120 44 82 78 31 13 56 16 88 171 50 188 157 17 196 169 174 187 81 168 145 179 91 40 119 165 39 90 107 27 71 58 164 7 95 8 185 106 3 32 138 14 155 144 61 62 9 64 114 83 89 183 76 23 186 15 148 12 130 94 189 99 182 136 63 176 66 141 60 118 116 105 77 28 184 42 5 96 41 193 191 139 198 46 68 0 170 117 93 140 36 67 108 69 163 159 195 146 103 192 160 48 30 54 147 104 177 10 190 4 112 156 29 126 11 166 131 149 47 65 59 72 109 51 162 161 180 173 6 154 158 53 121 26 100 101
GreedyCycle (GCa),TSPA.csv,87,87,356428169,36474,3924,152,87 55 52 178 3 32 49 128 167 111 33 37 148 15 186 23 76 183 89 83 114 64 62 9 61 144 155 14 138 8 95 7 164 58 71 27 107 90 39 165 119 40 185 91 179 145 168 81 187 174 169 196 17 157 188 50 171 88 16 56 13 31 78 82 44 120 150 101 1 100 26 121 53 158 154 6 173 180 161 162 51 109 72 59 65 47 149 131 166 11 126 29 156 112 4 190 10 177 104 147 54 30 48 160 192 103 146 195 159 163 69 108 67 36 140 93 117 170 0 68 46 198 139 191 193 41 96 5 42 184 28 77 105 116 118 60 141 66 176 63 136 182 99 189 94 130 12 124 19 152 74 125
GreedyCycle (GCa),TSPA.csv,88,88,356428170,36254,4343,152,88 13 31 168 78 82 44 120 2 87 1 150 101 100 26 121 53 158 154 6 173 180 161 162 51 109 72 59 65 47 149 131 166 11 126 29 156 112 4 190 10 177 104 147 54 30 48 160 192 103 146 195 159 163 69 108 67 36 140 93 117 170 0 68 46 198 139 191 193 41 96 5 42 184 28 77 105 116 118 60 141 66 176 63 136 182 99 189 19 152 74 94 130 12 124 111 167 128 55 52 178 3 32 49 102 33 37 148 15 186 23 76 183 89 83 114 64 62 9 61 144 155 14 138 8 95 7 164 58 71 27 107 90 39 165 119 40 185 179 91 169 174 187 81 196 17 157 188 56 113 171 16
GreedyCycle (GCa),TSPA.csv,89,89,356428171,37076,3818,150,89 83 64 73 132 144 155 14 138 32 3 106 185 8 95 7 164 58 71 27 107 90 39 165 119 40 91 179 145 168 81 187 174 169 196 17 157 188 50 171 88 16 56 13 31 78 82 44 120 2 87 1 150 101 100 26 121 53 158 154 6 173 180 161 162 51 109 72 59 65 47 149 131 166 11 126 29 156 112 4 190 10 177 104 147 54 30 48 160 192 103 146 195 159 163 69 108 67 36 140 93 117 170 0 68 46 198 139 191 193 41 96 5 42 184 28 77 105 116 118 60 141 66 176 63 136 182 99 189 19 152 74 94 130 12 124 111 167 128 62 9 33 37 148 15 114 186 23 76 183
GreedyCycle (GCa),TSPA.csv,90,90,356428172,37077,3617,149,90 27 71 164 7 95 39 8 185 40 119 169 196 91 179 106 138 14 155 144 61 9 62 64 114 83 89 183 76 23 186 15 148 37 33 102 49 32 3 178 52 55 128 167 111 124 12 130 94 74 152 19 189 99 182 136 63 176 66 141 60 118 116 105 77 28 184 42 5 96 41 193 191 139 198 46 68 0 170 117 93 140 36 67 108 69 163 159 195 146 103 192 160 48 30 54 147 104 177 10 190 4 112 156 29 126 11 166 131 149 47 65 59 72 109 51 162 161 180 173 6 154 158 53 121 26 100 101 150 1 87 2 120 44 82 78 168 31 13 56 16 88 171 50 188 157 81 187 107
GreedyCycle (GCa),TSPA.csv,91,91,356428173,36265,4286,152,91 169 174 187 81 196 17 157 188 50 171 88 16 56 13 31 168 78 82 44 120 2 87 1 150 101 100 26 121 53 158 154 6 173 180 161 162 51 109 72 59 65 47 149 131 166 11 126 29 156 112 4 190 10 177 104 147 54 30 48 160 192 103 146 195 159 163 69 108 67 36 140 93 117 170 0 68 46 198 139 191 193 41 96 5 42 184 28 77 105 116 118 60 141 66 176 63 136 182 99 189 19 152 74 94 130 12 124 111 167 128 55 52 178 3 32 49 102 33 37 148 15 186 23 76 183 89 83 114 64 62 9 61 144 155 14 138 8 95 7 164 58 71 27 107 90 39 165 119 40 185 179
GreedyCycle (GCa),TSPA.csv,92,92,356428174,36467,4121,153,82 44 120 2 87 1 150 101 100 26 121 53 158 154 6 173 180 161 162 51 109 72 59 65 47 149 131 166 11 126 29 156 112 4 190 10 177 104 147 54 30 48 160 192 103 146 195 159 163 69 108 67 36 140 93 117 170 0 68 46 198 139 191 193 41 96 5 42 184 28 77 105 116 118 60 141 66 176 63 136 182 99 189 19 152 74 94 130 12 124 111 167 128 55 52 178 3 32 49 102 33 37 148 15 186 23 76 183 89 83 114 64 62 9 61 144 155 14 138 8 95 7 164 58 71 27 107 90 39 165 119 40 185 91 179 145 168 81 187 174 169 196 17 157 188 50 171 88 16 56 13 31 78
GreedyCycle (GCa),TSPA.csv,93,93,356428175,36694,3210,158,93 117 170 0 68 46 198 139 191 110 96 5 42 43 105 116 118 60 141 66 176 80 133 173 180 136 182 94 130 12 148 15 186 23 76 183 89 83 114 64 9 62 61 144 155 14 138 32 3 106 185 8 95 7 164 58 71 27 107 90 39 165 119 40 91 179 145 168 81 187 174 169 196 17 157 188 50 171 88 16 56 13 31 78 82 44 120 129 55 178 49 37 33 111 167 124 189 19 99 121 97 152 74 125 87 1 150 101 26 100 53 158 154 6 194 161 162 45 151 51 72 59 65 47 77 149 131 166 28 184 11 35 126 29 156 112 4 190 10 177 104 147 54 30 48 160 192 181 103 146 195 41 193 159 69 163 36 140
GreedyCycle (GCa),TSPA.csv,94,94,356428176,36716,3525,155,94 130 12 148 15 186 23 76 183 89 83 114 64 9 62 61 144 155 14 138 32 3 106 185 8 95 7 164 58 71 27 107 90 39 165 119 40 91 179 145 168 81 187 174 169 196 17 157 188 50 171 88 16 56 13 31 78 82 44 120 129 55 178 49 37 33 111 167 124 19 189 99 121 97 152 74 125 87 1 150 101 26 100 53 158 154 6 173 180 136 182 63 133 161 162 72 59 65 47 149 131 166 11 126 29 156 112 4 190 10 177 104 147 54 30 48 160 192 103 146 195 159 163 69 108 67 36 140 93 117 170 0 68 46 198 139 191 193 41 96 5 42 184 28 77 105 116 118 60 109 51 141 66 176 80
GreedyCycle (GCa),TSPA.csv,95,95,356428177,36404,4158,151,95 7 164 58 71 27 107 90 187 81 157 188 50 171 88 16 56 13 31 168 78 82 44 120 2 87 1 150 101 100 26 121 53 158 154 6 173 180 161 162 51 109 72 59 65 47 149 131 166 11 126 29 156 112 4 190 10 177 104 147 54 30 48 160 192 103 146 195 159 163 69 108 67 36 140 93 117 170 0 68 46 198 139 191 193 41 96 5 42 184 28 77 105 116 118 60 141 66 176 63 136 182 99 189 19 152 74 94 130 12 124 111 167 128 55 52 178 3 32 49 102 33 37 148 15 186 23 76 183 89 83 114 64 62 9 61 144 155 14 138 106 179 91 196 169 40 119 185 8 165 39
GreedyCycle (GCa),TSPA.csv,96,96,356428178,36814,2834,160,96 41 193 159 199 18 69 108 67 140 36 163 110 191 139 198 46 115 118 60 141 66 176 80 133 173 180 136 182 94 130 12 148 15 186 23 76 153 0 170 143 183 89 83 114 64 9 62 61 144 155 14 138 32 3 106 185 8 95 7 164 58 71 27 107 90 39 165 119 40 91 179 145 168 81 187 174 169 196 17 157 188 50 171 88 16 56 13 31 78 82 44 120 129 55 178 49 37 33 111 167 124 189 19 99 121 97 152 74 125 87 1 150 101 26 100 53 158 154 6 194 161 162 45 151 51 72 59 116 105 65 47 149 131 166 11 126 29 156 112 4 190 10 177 104 147 54 30 48 160 103 146 181 192 184 28 77 43 42 5
GreedyCycle (GCa),TSPA.csv,97,97,356428179,37526,3239,152,26 100 101 150 1 87 125 74 152 19 124 167 111 33 37 49 178 55 129 120 44 82 78 31 13 56 16 88 171 50 188 157 17 196 169 174 187 81 168 145 179 91 40 119 165 39 90 107 27 71 58 164 7 95 8 185 106 3 32 138 14 155 144 61 62 9 64 114 83 89 183 76 23 186 15 148 12 130 94 189 99 182 136 63 176 66 141 60 118 116 105 77 28 184 42 5 96 41 193 191 139 198 46 68 0 170 117 93 140 36 67 108 69 163 159 195 146 103 192 160 48 30 54 147 104 177 10 190 4 112 156 29 126 11 166 131 149 47 65 59 72 109 51 162 161 180 173 6 154 158 53 121
GreedyCycle (GCa),TSPA.csv,98,98,356428180,36614,3846,152,157 188 50 171 88 16 56 13 31 168 78 82 44 120 2 87 1 150 101 100 26 121 53 158 154 6 173 180 161 162 51 109 72 59 65 47 149 131 166 11 126 29 156 112 4 190 10 177 104 147 54 30 48 160 192 103 146 195 159 163 69 108 67 36 140 93 117 170 0 68 46 198 139 191 193 41 96 5 42 184 28 77 105 116 118 60 141 66 176 63 136 182 99 189 19 152 74 94 130 12 124 111 167 128 55 52 178 3 32 49 102 33 37 148 15 186 23 76 183 89 83 114 64 62 9 61 144 155 14 138 106 179 91 196 169 185 8 95 7 164 58 71 27 107 90 39 165 40 119 174 187 81
GreedyCycle (GCa),TSPA.csv,99,99,356428181,37443,3280,152,99 189 94 130 12 148 15 186 23 76 183 89 83 114 64 9 62 61 144 155 14 138 32 3 106 185 8 95 7 164 58 71 27 107 90 39 165 119 40 91 179 145 168 81 187 174 169 196 17 157 188 50 171 88 16 56 13 31 78 82 44 120 129 55 178 49 37 33 111 167 124 19 152 74 125 87 1 150 101 26 100 121 53 158 154 6 173 180 161 162 51 109 72 59 65 47 149 131 166 11 126 29 156 112 4 190 10 177 104 147 54 30 48 160 192 103 146 195 159 163 69 108 67 36 140 93 117 170 0 68 46 198 139 191 193 41 96 5 42 184 28 77 105 116 118 60 141 66 176 63 136 182
GreedyCycle (GCa),TSPA.csv,100,100,356428182,37526,3239,152,100 101 150 1 87 125 74 152 19 124 167 111 33 37 49 178 55 129 120 44 82 78 31 13 56 16 88 171 50 188 157 17 196 169 174 187 81 168 145 179 91 40 119 165 39 90 107 27 71 58 164 7 95 8 185 106 3 32 138 14 155 144 61 62 9 64 114 83 89 183 76 23 186 15 148 12 130 94 189 99 182 136 63 176 66 141 60 118 116 105 77 28 184 42 5 96 41 193 191 139 198 46 68 0 170 117 93 140 36 67 108 69 163 159 195 146 103 192 160 48 30 54 147 104 177 10 190 4 112 156 29 126 11 166 131 149 47 65 59 72 109 51 162 161 180 173 6 154 158 53 121 26
GreedyCycle (GCa),TSPA.csv,101,101,356428183,37526,3239,152,101 100 26 121 53 158 154 6 173 180 161 162 51 109 72 59 65 47 149 131 166 11 126 29 156 112 4 190 10 177 104 147 54 30 48 160 192 103 146 195 159 163 69 108 67 36 140 93 117 170 0 68 46 198 139 191 193 41 96 5 42 184 28 77 105 116 118 60 141 66 176 63 136 182 99 189 94 130 12 148 15 186 23 76 183 89 83 114 64 9 62 61 144 155 14 138 32 3 106 185 8 95 7 164 58 71 27 107 90 39 165 119 40 91 179 145 168 81 187 174 169 196 17 157 188 50 171 88 16 56 13 31 78 82 44 120 129 55 178 49 37 33 111 167 124 19 152 74 125 87 1 150
GreedyCycle (GCa),TSPA.csv,102,102,356428184,36861,4069,151,102 33 37 148 15 186 23 76 183 89 83 114 64 62 9 61 144 155 14 138 32 3 106 185 8 95 7 164 58 71 27 107 90 39 165 119 40 91 179 145 168 81 187 174 169 196 17 157 188 50 171 88 16 56 13 31 78 82 44 120 2 87 1 150 101 100 26 121 53 158 154 6 173 180 161 162 51 109 72 59 65 47 149 131 166 11 126 29 156 112 4 190 10 177 104 147 54 30 48 160 192 103 146 195 159 163 69 108 67 36 140 93 117 170 0 68 46 198 139 191 193 41 96 5 42 184 28 77 105 116 118 60 141 66 176 63 136 182 99 189 19 152 74 94 130 12 124 111 167 128 49
GreedyCycle (GCa),TSPA.csv,103,103,356428185,36345,3610,159,103 181 192 160 48 30 54 147 104 177 10 190 4 112 156 29 126 35 11 184 28 166 131 149 77 47 65 59 72 51 151 45 162 161 194 6 154 158 53 100 26 101 150 1 87 125 74 152 97 121 99 19 189 124 167 111 33 37 49 178 55 129 120 44 82 78 31 13 56 16 88 171 50 188 157 17 196 169 174 187 81 168 145 179 91 40 119 165 39 90 107 27 71 58 164 7 95 8 185 106 3 32 138 14 155 144 61 62 9 64 114 83 89 183 76 23 186 15 148 12 130 94 182 136 180 173 133 80 176 66 141 60 118 116 105 43 42 5 96 41 193 191 139 198 46 68 0 170 117 93 140 36 67 108 69 163 159 22 146
GreedyCycle (GCa),TSPA.csv,104,104,356428186,37696,1906,160,104 177 190 10 30 54 48 160 192 42 5 96 105 116 115 41 193 195 103 146 22 20 18 108 67 140 36 163 69 199 159 142 110 139 198 46 60 141 66 176 80 133 173 180 136 182 94 130 12 148 15 186 23 76 153 0 170 143 183 89 83 114 64 9 62 61 144 155 14 138 32 3 106 185 8 95 7 164 58 71 27 107 90 39 165 119 40 91 179 145 168 81 187 174 169 196 17 157 188 50 171 88 16 56 13 31 78 82 44 120 129 55 178 49 37 33 111 167 124 189 19 99 121 97 152 74 125 87 1 150 101 26 100 53 158 154 6 194 161 162 45 151 51 72 59 65 47 149 131 77 28 166 11 126 29 156 112 4 184 147
GreedyCycle (GCa),TSPA.csv,105,105,356428187,36827,3332,156,105 77 28 184 42 5 96 41 193 191 139 198 46 68 0 170 117 93 140 36 67 108 69 163 159 195 146 103 192 160 48 30 54 147 104 177 10 190 4 112 156 29 126 11 166 131 149 47 65 59 72 51 151 45 162 161 194 6 154 158 53 100 26 101 150 1 87 125 74 152 97 121 99 19 189 124 167 111 33 37 49 178 55 129 120 44 82 78 31 13 56 16 88 171 50 188 157 17 196 169 174 187 81 168 145 179 91 40 119 165 39 90 107 27 71 58 164 7 95 8 185 106 3 32 138 14 155 144 61 62 9 64 114 83 89 183 76 23 186 15 148 12 130 94 182 136 180 173 133 80 176 66 141 60 118 116
GreedyCycle (GCa),TSPA.csv,106,106,356428188,36877,4087,150,138 14 155 144 61 9 62 64 114 83 89 183 76 23 186 15 148 37 33 102 49 32 3 178 128 167 111 124 12 130 94 74 152 19 189 99 182 136 63 176 66 141 60 118 116 105 77 28 184 42 5 96 41 193 191 139 198 46 68 0 170 117 93 140 36 67 108 69 163 159 195 146 103 192 160 48 30 54 147 104 177 10 190 4 112 156 29 126 11 166 131 149 47 65 59 72 109 51 162 161 180 173 6 154 158 53 121 26 100 101 150 1 87 2 120 44 82 78 31 13 56 16 88 171 50 188 157 17 196 169 174 187 81 168 145 179 91 40 119 165 39 90 107 27 71 58 164 7 95 8
GreedyCycle (GCa),TSPA.csv,107,107,356428189,37077,3617,149,107 90 27 71 164 7 95 39 8 185 40 119 169 196 91 179 106 138 14 155 144 61 9 62 64 114 83 89 183 76 23 186 15 148 37 33 102 49 32 3 178 52 55 128 167 111 124 12 130 94 74 152 19 189 99 182 136 63 176 66 141 60 118 116 105 77 28 184 42 5 96 41 193 191 139 198 46 68 0 170 117 93 140 36 67 108 69 163 159 195 146 103 192 160 48 30 54 147 104 177 10 190 4 112 156 29 126 11 166 131 149 47 65 59 72 109 51 162 161 180 173 6 154 158 53 121 26 100 101 150 1 87 2 120 44 82 78 168 31 13 56 16 88 171 50 188 157 81 187
GreedyCycle (GCa),TSPA.csv,108,108,356428190,36694,3210,158,69 163 36 140 93 117 170 0 68 46 198 139 191 110 96 5 42 43 105 116 118 60 141 66 176 80 133 173 180 136 182 94 130 12 148 15 186 23 76 183 89 83 114 64 9 62 61 144 155 14 138 32 3 106 185 8 95 7 164 58 71 27 107 90 39 165 119 40 91 179 145 168 81 187 174 169 196 17 157 188 50 171 88 16 56 13 31 78 82 44 120 129 55 178 49 37 33 111 167 124 189 19 99 121 97 152 74 125 87 1 150 101 26 100 53 158 154 6 194 161 162 45 151 51 72 59 65 47 77 149 131 166 28 184 11 35 126 29 156 112 4 190 10 177 104 147 54 30 48 160 192 181 103 146 195 41 193 159
GreedyCycle (GCa),TSPA.csv,109,109,356428191,36775,3364,157,109 72 59 65 47 149 131 166 11 126 29 156 112 4 190 10 177 104 147 54 30 48 160 192 103 146 195 159 163 69 108 67 36 140 93 117 170 0 68 46 198 139 191 193 41 96 5 42 184 28 77 105 116 118 60 141 66 176 80 133 173 180 136 182 94 130 12 148 15 186 23 76 183 89 83 114 64 9 62 61 144 155 14 138 32 3 106 185 8 95 7 164 58 71 27 107 90 39 165 119 40 91 179 145 168 81 187 174 169 196 17 157 188 50 171 88 16 56 13 31 78 82 44 120 129 55 178 49 37 33 111 167 124 189 19 99 121 97 152 74 125 87 1 150 101 26 100 53 158 154 6 194 161 162 45 151 51
GreedyCycle (GCa),TSPA.csv,110,110,356428192,36529,3612,158,163 69 108 67 36 140 93 117 170 0 68 46 198 115 96 5 42 43 105 116 118 60 141 66 176 80 133 173 180 136 182 94 130 12 148 15 186 23 76 183 89 83 114 64 9 62 61 144 155 14 138 32 3 106 185 8 95 7 164 58 71 27 107 90 39 165 119 40 91 179 145 168 81 187 174 169 196 17 157 188 50 171 88 16 56 13 31 78 82 44 120 129 55 178 49 37 33 111 167 124 189 19 99 121 97 152 74 125 87 1 150 101 26 100 53 158 154 6 194 161 162 45 151 51 72 59 65 47 77 149 131 166 28 184 11 35 126 29 156 112 4 190 10 177 104 147 54 30 48 160 192 181 103 146 195 41 193 159
GreedyCycle (GCa),TSPA.csv,111,111,356428193,37163,4067,148,111 148 37 33 9 15 186 23 76 183 89 83 114 64 61 62 144 155 14 138 32 3 106 185 8 95 7 164 58 71 27 107 90 39 165 119 40 91 179 145 168 81 187 174 169 196 17 157 188 50 171 88 16 56 13 31 78 82 44 120 2 87 1 150 101 100 26 121 53 158 154 6 173 180 161 162 51 109 72 59 65 47 149 131 166 11 126 29 156 112 4 190 10 177 104 147 54 30 48 160 192 103 146 195 159 163 69 108 67 36 140 93 117 170 0 68 46 198 139 191 193 41 96 5 42 184 28 77 105 116 118 60 141 66 176 63 136 182 99 189 94 130 12 124 19 152 74 167
GreedyCycle (GCa),TSPA.csv,112,112,356428194,37617,1894,162,112 35 166 131 149 77 47 65 59 72 51 151 45 162 161 194 6 154 158 53 100 26 101 150 1 87 125 74 152 97 121 99 19 189 124 167 111 33 37 49 178 55 129 120 44 82 78 31 13 56 16 88 171 50 188 157 17 196 169 174 187 81 168 145 179 91 40 119 165 39 90 107 27 71 58 164 7 95 8 185 106 3 32 138 14 155 144 61 62 9 64 114 83 89 183 143 170 0 153 76 23 186 15 148 12 130 94 182 136 180 173 133 80 176 66 141 60 46 198 139 110 142 159 199 69 163 36 140 67 108 18 20 22 146 103 195 193 41 115 116 105 96 5 42 192 160 48 30 54 147 104 177 10 190 28 184 11 84 4 156 29 126
GreedyCycle (GCa),TSPA.csv,113,113,356428195,36229,4368,152,113 56 188 157 17 196 81 187 174 169 91 179 185 40 119 165 39 90 107 27 71 58 164 7 95 8 138 14 155 144 61 9 62 64 114 83 89 183 76 23 186 15 148 37 33 102 49 32 3 178 52 55 128 167 111 124 12 130 94 74 152 19 189 99 182 136 63 176 66 141 60 118 116 105 77 28 184 42 5 96 41 193 191 139 198 46 68 0 170 117 93 140 36 67 108 69 163 159 195 146 103 192 160 48 30 54 147 104 177 10 190 4 112 156 29 126 11 166 131 149 47 65 59 72 109 51 162 161 180 173 6 154 158 53 121 26 100 101 150 1 87 2 120 44 82 78 168 31 13 16 88 171
GreedyCycle (GCa),TSPA.csv,114,114,356428196,37076,3818,150,114 186 23 76 183 89 83 64 73 132 144 155 14 138 32 3 106 185 8 95 7 164 58 71 27 107 90 39 165 119 40 91 179 145 168 81 187 174 169 196 17 157 188 50 171 88 16 56 13 31 78 82 44 120 2 87 1 150 101 100 26 121 53 158 154 6 173 180 161 162 51 109 72 59 65 47 149 131 166 11 126 29 156 112 4 190 10 177 104 147 54 30 48 160 192 103 146 195 159 163 69 108 67 36 140 93 117 170 0 68 46 198 139 191 193 41 96 5 42 184 28 77 105 116 118 60 141 66 176 63 136 182 99 189 19 152 74 94 130 12 124 111 167 128 62 9 33 37 148 15
GreedyCycle (GCa),TSPA.csv,115,115,356428197,37180,2563,161,115 118 60 141 66 176 80 133 173 180 136 182 94 130 12 148 15 186 23 76 153 0 163 69 108 67 140 93 117 170 143 183 89 83 114 64 9 62 61 144 155 14 138 32 3 106 185 8 95 7 164 58 71 27 107 90 39 165 119 40 91 179 145 168 81 187 174 169 196 17 157 188 50 171 88 16 56 13 31 78 82 44 120 129 55 178 49 37 33 111 167 124 189 19 99 121 97 152 74 125 87 1 150 101 26 100 53 158 154 6 194 161 162 45 151 51 72 59 116 65 47 105 149 131 77 43 96 5 42 166 28 184 11 35 126 29 156 112 4 190 10 177 104 147 54 30 48 160 192 181 103 146 195 41 193 159 142 110 139 198 46
GreedyCycle (GCa),TSPA.csv,116,116,356428198,36827,3332,156,116 118 60 141 66 176 80 133 173 180 136 182 94 130 12 148 15 186 23 76 183 89 83 114 64 9 62 61 144 155 14 138 32 3 106 185 8 95 7 164 58 71 27 107 90 39 165 119 40 91 179 145 168 81 187 174 169 196 17 157 188 50 171 88 16 56 13 31 78 82 44 120 129 55 178 49 37 33 111 167 124 189 19 99 121 97 152 74 125 87 1 150 101 26 100 53 158 154 6 194 161 162 45 151 51 72 59 65 47 149 131 166 11 126 29 156 112 4 190 10 177 104 147 54 30 48 160 192 103 146 195 159 163 69 108 67 36 140 93 117 170 0 68 46 198 139 191 193 41 96 5 42 184 28 77 105
GreedyCycle (GCa),TSPA.csv,117,117,356428199,36618,3572,157,117 170 0 46 198 115 96 5 42 43 105 116 118 60 141 66 176 80 133 173 180 136 182 94 130 12 148 15 186 23 76 183 89 83 114 64 9 62 61 144 155 14 138 32 3 106 185 8 95 7 164 58 71 27 107 90 39 165 119 40 91 179 145 168 81 187 174 169 196 17 157 188 50 171 88 16 56 13 31 78 82 44 120 129 55 178 49 37 33 111 167 124 189 19 99 121 97 152 74 125 87 1 150 101 26 100 53 158 154 6 194 161 162 45 151 51 72 59 65 47 77 149 131 166 28 184 11 35 126 29 156 112 4 190 10 177 104 147 54 30 48 160 192 181 103 146 195 41 193 159 163 69 108 67 36 140 93
GreedyCycle (GCa),TSPA.csv,118,118,356428200,36827,3332,156,118 60 141 66 176 80 133 173 180 136 182 94 130 12 148 15 186 23 76 183 89 83 114 64 9 62 61 144 155 14 138 32 3 106 185 8 95 7 164 58 71 27 107 90 39 165 119 40 91 179 145 168 81 187 174 169 196 17 157 188 50 171 88 16 56 13 31 78 82 44 120 129 55 178 49 37 33 111 167 124 189 19 99 121 97 152 74 125 87 1 150 101 26 100 53 158 154 6 194 161 162 45 151 51 72 59 65 47 149 131 166 11 126 29 156 112 4 190 10 177 104 147 54 30 48 160 192 103 146 195 159 163 69 108 67 36 140 93 117 170 0 68 46 198 139 191 193 41 96 5 42 184 28 77 105 116
GreedyCycle (GCa),TSPA.csv,119,119,356428201,36594,3866,152,119 165 39 90 107 27 71 58 164 7 95 8 185 169 196 91 179 106 138 14 155 144 61 9 62 64 114 83 89 183 76 23 186 15 148 37 33 102 49 32 3 178 52 55 128 167 111 124 12 130 94 74 152 19 189 99 182 136 63 176 66 141 60 118 116 105 77 28 184 42 5 96 41 193 191 139 198 46 68 0 170 117 93 140 36 67 108 69 163 159 195 146 103 192 160 48 30 54 147 104 177 10 190 4 112 156 29 126 11 166 131 149 47 65 59 72 109 51 162 161 180 173 6 154 158 53 121 26 100 101 150 1 87 2 120 44 82 78 168 31 13 56 16 88 171 50 188 157 81 187 174 40
GreedyCycle (GCa),TSPA.csv,120,120,356428202,36467,4121,153,120 2 87 1 150 101 100 26 121 53 158 154 6 173 180 161 162 51 109 72 59 65 47 149 131 166 11 126 29 156 112 4 190 10 177 104 147 54 30 48 160 192 103 146 195 159 163 69 108 67 36 140 93 117 170 0 68 46 198 139 191 193 41 96 5 42 184 28 77 105 116 118 60 141 66 176 63 136 182 99 189 19 152 74 94 130 12 124 111 167 128 55 52 178 3 32 49 102 33 37 148 15 186 23 76 183 89 83 114 64 62 9 61 144 155 14 138 8 95 7 164 58 71 27 107 90 39 165 119 40 185 91 179 145 168 81 187 174 169 196 17 157 188 50 171 88 16 56 13 31 78 82 44
GreedyCycle (GCa),TSPA.csv,121,121,356428203,37443,3280,152,121 100 26 101 150 1 87 125 74 152 19 124 167 111 33 37 49 178 55 129 120 44 82 78 31 13 56 16 88 171 50 188 157 17 196 169 174 187 81 168 145 179 91 40 119 165 39 90 107 27 71 58 164 7 95 8 185 106 3 32 138 14 155 144 61 62 9 64 114 83 89 183 76 23 186 15 148 12 130 94 189 99 182 136 63 176 66 141 60 118 116 105 77 28 184 42 5 96 41 193 191 139 198 46 68 0 170 117 93 140 36 67 108 69 163 159 195 146 103 192 160 48 30 54 147 104 177 10 190 4 112 156 29 126 11 166 131 149 47 65 59 72 109 51 162 161 180 173 6 154 158 53
GreedyCycle (GCa),TSPA.csv,122,122,356428204,36660,3497,155,133 173 180 136 182 94 130 12 148 15 186 23 76 183 89 83 114 64 9 62 61 144 155 14 138 32 3 106 185 8 95 7 164 58 71 27 107 90 39 165 119 40 91 179 145 168 81 187 174 169 196 17 157 188 50 171 88 16 56 13 31 78 82 44 120 129 55 178 49 37 33 111 167 124 189 19 99 121 97 152 74 125 87 1 150 101 26 100 53 158 154 6 194 161 162 72 59 65 47 149 131 166 11 126 29 156 112 4 190 10 177 104 147 54 30 48 160 192 103 146 195 159 163 69 108 67 36 140 93 117 170 0 68 46 198 139 191 193 41 96 5 42 184 28 77 105 116 118 60 109 51 141 66 176 80
GreedyCycle (GCa),TSPA.csv,123,123,356428205,36917,3297,155,149 65 59 72 51 151 45 162 161 194 6 154 158 53 100 26 101 150 1 87 125 74 152 97 121 99 19 189 124 167 111 33 37 49 178 55 129 120 44 82 78 31 13 56 16 88 171 50 188 157 17 196 169 174 187 81 168 145 179 91 40 119 165 39 90 107 27 71 58 164 7 95 8 185 106 3 32 138 14 155 144 61 62 9 64 114 83 89 183 76 23 186 15 148 12 130 94 182 136 180 173 133 80 176 66 141 60 118 116 105 77 28 184 42 5 96 41 193 191 139 198 46 68 0 170 117 93 140 36 67 108 69 163 159 195 146 103 192 160 48 30 54 147 104 177 10 190 4 112 156 29 126 11 166 131
GreedyCycle (GCa),TSPA.csv,124,124,356428206,36716,3525,155,124 167 111 33 37 49 178 55 129 120 44 82 78 31 13 56 16 88 171 50 188 157 17 196 169 174 187 81 168 145 179 91 40 119 165 39 90 107 27 71 58 164 7 95 8 185 106 3 32 138 14 155 144 61 62 9 64 114 83 89 183 76 23 186 15 148 12 130 94 80 176 66 141 51 109 60 118 116 105 77 28 184 42 5 96 41 193 191 139 198 46 68 0 170 117 93 140 36 67 108 69 163 159 195 146 103 192 160 48 30 54 147 104 177 10 190 4 112 156 29 126 11 166 131 149 47 65 59 72 162 161 133 63 182 136 180 173 6 154 158 53 100 26 101 150 1 87 125 74 152 97 121 99 189 19
GreedyCycle (GCa),TSPA.csv,125,125,356428207,36474,3924,152,125 87 55 52 178 3 32 49 128 167 111 33 37 148 15 186 23 76 183 89 83 114 64 62 9 61 144 155 14 138 8 95 7 164 58 71 27 107 90 39 165 119 40 185 91 179 145 168 81 187 174 169 196 17 157 188 50 171 88 16 56 13 31 78 82 44 120 150 101 1 100 26 121 53 158 154 6 173 180 161 162 51 109 72 59 65 47 149 131 166 11 126 29 156 112 4 190 10 177 104 147 54 30 48 160 192 103 146 195 159 163 69 108 67 36 140 93 117 170 0 68 46 198 139 191 193 41 96 5 42 184 28 77 105 116 118 60 141 66 176 63 136 182 99 189 94 130 12 124 19 152 74
GreedyCycle (GCa),TSPA.csv,126,126,356428208,37590,1921,162,126 29 156 35 166 131 149 77 47 65 59 72 51 151 45 162 161 194 6 154 158 53 100 26 101 150 1 87 125 74 152 97 121 99 19 189 124 167 111 33 37 49 178 55 129 120 44 82 78 31 13 56 16 88 171 50 188 157 17 196 169 174 187 81 168 145 179 91 40 119 165 39 90 107 27 71 58 164 7 95 8 185 106 3 32 138 14 155 144 61 62 9 64 114 83 89 183 143 170 0 153 76 23 186 15 148 12 130 94 182 136 180 173 133 80 176 66 141 60 46 198 139 110 142 159 199 69 163 36 140 67 108 18 20 22 146 103 195 193 41 115 116 105 96 5 42 192 160 48 30 54 147 104 177 10 190 28 184 11 84 4 112
GreedyCycle (GCa),TSPA.csv,127,127,356428209,36797,2268,163,29 156 126 112 4 84 11 166 184 28 190 10 177 104 147 54 30 48 160 192 42 5 96 43 77 105 116 115 41 193 195 103 146 22 20 18 108 67 140 36 163 69 199 159 142 110 139 198 46 60 141 66 176 80 133 173 180 136 182 94 130 12 148 15 186 23 76 153 0 170 143 183 89 83 114 64 9 62 61 144 155 14 138 32 3 106 185 8 95 7 164 58 71 27 107 90 39 165 119 40 91 179 145 168 81 187 174 169 196 17 157 188 50 171 88 16 56 13 31 78 82 44 120 129 55 178 49 37 33 111 167 124 189 19 99 121 97 152 74 125 87 1 150 101 26 100 53 158 154 6 194 161 162 45 151 51 72 59 65 47 131 149 24
GreedyCycle (GCa),TSPA.csv,128,128,356428210,37163,4067,148,74 152 19 124 12 130 94 189 99 182 136 63 176 66 141 60 118 116 105 77 28 184 42 5 96 41 193 191 139 198 46 68 0 170 117 93 140 36 67 108 69 163 159 195 146 103 192 160 48 30 54 147 104 177 10 190 4 112 156 29 126 11 166 131 149 47 65 59 72 109 51 162 161 180 173 6 154 158 53 121 26 100 101 150 1 87 2 120 44 82 78 31 13 56 16 88 171 50 188 157 17 196 169 174 187 81 168 145 179 91 40 119 165 39 90 107 27 71 58 164 7 95 8 185 106 3 32 138 14 155 144 62 61 64 114 83 89 183 76 23 186 15 9 33 37 148 111 167
GreedyCycle (GCa),TSPA.csv,129,129,356428211,36467,4121,153,55 52 178 3 32 49 102 33 37 148 15 186 23 76 183 89 83 114 64 62 9 61 144 155 14 138 8 95 7 164 58 71 27 107 90 39 165 119 40 185 91 179 145 168 81 187 174 169 196 17 157 188 50 171 88 16 56 13 31 78 82 44 120 2 87 1 150 101 100 26 121 53 158 154 6 173 180 161 162 51 109 72 59 65 47 149 131 166 11 126 29 156 112 4 190 10 177 104 147 54 30 48 160 192 103 146 195 159 163 69 108 67 36 140 93 117 170 0 68 46 198 139 191 193 41 96 5 42 184 28 77 105 116 118 60 141 66 176 63 136 182 99 189 19 152 74 94 130 12 124 111 167 128
GreedyCycle (GCa),TSPA.csv,130,130,356428212,36716,3525,155,130 94 80 176 66 141 51 109 60 118 116 105 77 28 184 42 5 96 41 193 191 139 198 46 68 0 170 117 93 140 36 67 108 69 163 159 195 146 103 192 160 48 30 54 147 104 177 10 190 4 112 156 29 126 11 166 131 149 47 65 59 72 162 161 133 63 182 136 180 173 6 154 158 53 100 26 101 150 1 87 125 74 152 97 121 99 189 19 124 167 111 33 37 49 178 55 129 120 44 82 78 31 13 56 16 88 171 50 188 157 17 196 169 174 187 81 168 145 179 91 40 119 165 39 90 107 27 71 58 164 7 95 8 185 106 3 32 138 14 155 144 61 62 9 64 114 83 89 183 76 23 186 15 148 12
GreedyCycle (GCa),TSPA.csv,131,131,356428213,36917,3297,155,131 166 11 126 29 156 112 4 190 10 177 104 147 54 30 48 160 192 103 146 195 159 163 69 108 67 36 140 93 117 170 0 68 46 198 139 191 193 41 96 5 42 184 28 77 105 116 118 60 141 66 176 80 133 173 180 136 182 94 130 12 148 15 186 23 76 183 89 83 114 64 9 62 61 144 155 14 138 32 3 106 185 8 95 7 164 58 71 27 107 90 39 165 119 40 91 179 145 168 81 187 174 169 196 17 157 188 50 171 88 16 56 13 31 78 82 44 120 129 55 178 49 37 33 111 167 124 189 19 99 121 97 152 74 125 87 1 150 101 26 100 53 158 154 6 194 161 162 45 151 51 72 59 65 149
GreedyCycle (GCa),TSPA.csv,132,132,356428214,37125,4031,148,14 138 32 3 106 185 8 95 7 164 58 71 27 107 90 39 165 119 40 91 179 145 168 81 187 174 169 196 17 157 188 50 171 88 16 56 13 31 78 82 44 120 2 87 1 150 101 100 26 121 53 158 154 6 173 180 161 162 51 109 72 59 65 47 149 131 166 11 126 29 156 112 4 190 10 177 104 147 54 30 48 160 192 103 146 195 159 163 69 108 67 36 140 93 117 170 0 68 46 198 139 191 193 41 96 5 42 184 28 77 105 116 118 60 141 66 176 63 136 182 99 189 94 130 12 124 19 152 74 167 111 33 37 148 15 186 23 76 183 89 83 114 64 9 62 61 155 144
GreedyCycle (GCa),TSPA.csv,133,133,356428215,37103,3294,156,51 109 72 59 65 47 149 131 166 11 126 29 156 112 4 190 10 177 104 147 54 30 48 160 192 103 146 195 159 163 69 108 67 36 140 93 117 170 0 68 46 198 139 191 193 41 96 5 42 184 28 77 105 116 118 60 141 66 176 63 173 180 136 182 94 130 12 148 15 186 23 76 183 89 83 114 64 9 62 61 144 155 14 138 32 3 106 185 8 95 7 164 58 71 27 107 90 39 165 119 40 91 179 145 168 81 187 174 169 196 17 157 188 50 171 88 16 56 13 31 78 82 44 120 129 55 178 49 37 33 111 167 124 189 19 99 121 97 152 74 125 87 1 150 101 26 100 53 158 154 6 194 161 162 45 151
GreedyCycle (GCa),TSPA.csv,134,134,356428216,36807,3210,158,159 193 41 195 146 103 181 192 160 48 30 54 147 104 177 10 190 4 112 156 29 126 35 11 184 28 166 131 149 77 47 65 59 72 51 151 45 162 161 194 6 154 158 53 100 26 101 150 1 87 125 74 152 97 121 99 19 189 124 167 111 33 37 49 178 55 129 120 44 82 78 31 13 56 16 88 171 50 188 157 17 196 169 174 187 81 168 145 179 91 40 119 165 39 90 107 27 71 58 164 7 95 8 185 106 3 32 138 14 155 144 61 62 9 64 114 83 89 183 76 23 186 15 148 12 130 94 182 136 180 173 133 80 176 66 141 60 118 116 105 43 42 5 96 110 191 139 198 46 68 0 170 117 93 140 36 163 69
GreedyCycle (GCa),TSPA.csv,135,135,356428217,36405,3631,157,194 161 162 72 51 66 141 60 118 59 116 105 65 47 77 28 184 42 5 96 41 193 191 139 198 46 68 0 170 117 93 140 36 67 108 69 163 159 195 146 103 192 160 48 30 54 147 104 177 10 190 4 112 156 29 126 11 166 149 131 24 123 127 70 154 158 53 100 26 101 150 1 87 125 74 152 97 121 99 19 189 94 124 167 128 49 178 55 129 120 44 82 78 31 13 56 16 88 171 50 188 157 17 196 169 174 187 81 168 145 179 91 40 119 165 39 90 107 27 71 58 164 7 95 8 185 106 3 32 138 14 155 144 62 61 64 114 83 89 183 76 23 186 15 9 33 37 148 111 130 12 63 182 136 180 173 6
GreedyCycle (GCa),TSPA.csv,136,136,356428218,36960,3260,158,136 180 173 6 154 158 53 100 26 101 150 1 87 125 74 152 97 121 99 19 189 94 124 167 128 49 178 55 129 120 44 82 78 31 13 56 16 88 171 50 188 157 17 196 169 174 187 81 168 145 179 91 40 119 165 39 90 107 27 71 58 164 7 95 8 185 106 3 32 138 14 155 144 62 61 64 114 83 89 183 76 23 186 15 9 33 37 148 111 130 12 133 161 162 45 151 51 109 72 59 65 47 149 131 166 11 126 29 156 112 4 190 10 177 104 147 54 30 48 160 192 103 146 195 159 163 69 108 67 36 140 93 117 170 0 68 46 198 139 191 193 41 96 5 42 184 28 77 105 116 118 60 141 66 176 80 63 182
GreedyCycle (GCa),TSPA.csv,137,137,356428219,37256,3763,149,23 114 15 148 37 33 9 62 128 167 111 124 12 130 94 74 152 19 189 99 182 136 63 176 66 141 60 118 116 105 77 28 184 42 5 96 41 193 191 139 198 46 68 0 170 117 93 140 36 67 108 69 163 159 195 146 103 192 160 48 30 54 147 104 177 10 190 4 112 156 29 126 11 166 131 149 47 65 59 72 109 51 162 161 180 173 6 154 158 53 121 26 100 101 150 1 87 2 120 44 82 78 31 13 56 16 88 171 50 188 157 17 196 169 174 187 81 168 145 179 91 40 119 165 39 90 107 27 71 58 164 7 95 8 185 106 3 32 138 14 155 144 132 73 64 83 89 183 76
GreedyCycle (GCa),TSPA.csv,138,138,356428220,36877,4087,150,138 8 95 7 164 58 71 27 107 90 39 165 119 40 91 179 145 168 81 187 174 169 196 17 157 188 50 171 88 16 56 13 31 78 82 44 120 2 87 1 150 101 100 26 121 53 158 154 6 173 180 161 162 51 109 72 59 65 47 149 131 166 11 126 29 156 112 4 190 10 177 104 147 54 30 48 160 192 103 146 195 159 163 69 108 67 36 140 93 117 170 0 68 46 198 139 191 193 41 96 5 42 184 28 77 105 116 118 60 141 66 176 63 136 182 99 189 19 152 74 94 130 12 124 111 167 128 178 3 32 49 102 33 37 148 15 186 23 76 183 89 83 114 64 62 9 61 144 155 14
GreedyCycle (GCa),TSPA.csv,139,139,356428221,36529,3612,158,115 198 46 68 0 170 117 93 140 36 67 108 69 163 159 193 41 195 146 103 181 192 160 48 30 54 147 104 177 10 190 4 112 156 29 126 35 11 184 28 166 131 149 77 47 65 59 72 51 151 45 162 161 194 6 154 158 53 100 26 101 150 1 87 125 74 152 97 121 99 19 189 124 167 111 33 37 49 178 55 129 120 44 82 78 31 13 56 16 88 171 50 188 157 17 196 169 174 187 81 168 145 179 91 40 119 165 39 90 107 27 71 58 164 7 95 8 185 106 3 32 138 14 155 144 61 62 9 64 114 83 89 183 76 23 186 15 148 12 130 94 182 136 180 173 133 80 176 66 141 60 118 116 105 43 42 5 96
GreedyCycle (GCa),TSPA.csv,140,140,356428222,36694,3210,158,140 36 163 69 159 193 41 195 146 103 181 192 160 48 30 54 147 104 177 10 190 4 112 156 29 126 35 11 184 28 166 131 149 77 47 65 59 72 51 151 45 162 161 194 6 154 158 53 100 26 101 150 1 87 125 74 152 97 121 99 19 189 124 167 111 33 37 49 178 55 129 120 44 82 78 31 13 56 16 88 171 50 188 157 17 196 169 174 187 81 168 145 179 91 40 119 165 39 90 107 27 71 58 164 7 95 8 185 106 3 32 138 14 155 144 61 62 9 64 114 83 89 183 76 23 186 15 148 12 130 94 182 136 180 173 133 80 176 66 141 60 118 116 105 43 42 5 96 110 191 139 198 46 68 0 170 117 93
GreedyCycle (GCa),TSPA.csv,141,141,356428223,36775,3364,157,141 60 118 116 105 77 28 184 42 5 96 41 193 191 139 198 46 68 0 170 117 93 140 36 67 108 69 163 159 195 146 103 192 160 48 30 54 147 104 177 10 190 4 112 156 29 126 11 166 131 149 47 65 59 72 109 51 151 45 162 161 194 6 154 158 53 100 26 101 150 1 87 125 74 152 97 121 99 19 189 124 167 111 33 37 49 178 55 129 120 44 82 78 31 13 56 16 88 171 50 188 157 17 196 169 174 187 81 168 145 179 91 40 119 165 39 90 107 27 71 58 164 7 95 8 185 106 3 32 138 14 155 144 61 62 9 64 114 83 89 183 76 23 186 15 148 12 130 94 182 136 180 173 133 80 176 66
GreedyCycle (GCa),TSPA.csv,142,142,356428224,36529,3612,158,163 69 108 67 36 140 93 117 170 0 68 46 198 115 96 5 42 43 105 116 118 60 141 66 176 80 133 173 180 136 182 94 130 12 148 15 186 23 76 183 89 83 114 64 9 62 61 144 155 14 138 32 3 106 185 8 95 7 164 58 71 27 107 90 39 165 119 40 91 179 145 168 81 187 174 169 196 17 157 188 50 171 88 16 56 13 31 78 82 44 120 129 55 178 49 37 33 111 167 124 189 19 99 121 97 152 74 125 87 1 150 101 26 100 53 158 154 6 194 161 162 45 151 51 72 59 65 47 77 149 131 166 28 184 11 35 126 29 156 112 4 190 10 177 104 147 54 30 48 160 192 181 103 146 195 41 193 159
GreedyCycle (GCa),TSPA.csv,143,143,356428225,36554,3572,157,0 46 198 115 96 5 42 43 105 116 118 60 141 66 176 80 133 173 180 136 182 94 130 12 148 15 186 23 76 183 89 83 114 64 9 62 61 144 155 14 138 32 3 106 185 8 95 7 164 58 71 27 107 90 39 165 119 40 91 179 145 168 81 187 174 169 196 17 157 188 50 171 88 16 56 13 31 78 82 44 120 129 55 178 49 37 33 111 167 124 189 19 99 121 97 152 74 125 87 1 150 101 26 100 53 158 154 6 194 161 162 45 151 51 72 59 65 47 77 149 131 166 28 184 11 35 126 29 156 112 4 190 10 177 104 147 54 30 48 160 192 181 103 146 195 41 193 159 163 69 108 67 36 140 93 117 170
GreedyCycle (GCa),TSPA.csv,144,144,356428226,36861,4069,151,144 61 9 62 64 114 83 89 183 76 23 186 15 148 37 33 102 49 128 167 111 124 12 130 94 74 152 19 189 99 182 136 63 176 66 141 60 118 116 105 77 28 184 42 5 96 41 193 191 139 198 46 68 0 170 117 93 140 36 67 108 69 163 159 195 146 103 192 160 48 30 54 147 104 177 10 190 4 112 156 29 126 11 166 131 149 47 65 59 72 109 51 162 161 180 173 6 154 158 53 121 26 100 101 150 1 87 2 120 44 82 78 31 13 56 16 88 171 50 188 157 17 196 169 174 187 81 168 145 179 91 40 119 165 39 90 107 27 71 58 164 7 95 8 185 106 3 32 138 14 155
GreedyCycle (GCa),TSPA.csv,145,145,356428227,37063,3737,154,145 78 31 13 56 16 88 171 50 188 157 17 196 81 187 174 119 40 165 39 90 107 27 71 58 164 7 95 8 185 169 91 179 106 138 14 155 144 61 9 62 64 114 83 89 183 76 23 186 15 148 37 33 102 49 32 3 178 52 55 128 167 111 124 12 130 94 74 152 19 189 99 182 136 63 176 66 141 60 118 116 105 77 28 184 42 5 96 41 193 191 139 198 46 68 0 170 117 93 140 36 67 108 69 163 159 195 146 103 192 160 48 30 54 147 104 177 10 190 4 112 156 29 126 11 166 131 149 47 65 59 72 109 51 162 161 180 173 6 154 158 53 121 26 100 101 150 1 87 2 120 44 82 168
GreedyCycle (GCa),TSPA.csv,146,146,356428228,36345,3610,159,146 22 159 163 69 108 67 36 140 93 117 170 0 68 46 198 139 191 193 41 96 5 42 43 105 116 118 60 141 66 176 80 133 173 180 136 182 94 130 12 148 15 186 23 76 183 89 83 114 64 9 62 61 144 155 14 138 32 3 106 185 8 95 7 164 58 71 27 107 90 39 165 119 40 91 179 145 168 81 187 174 169 196 17 157 188 50 171 88 16 56 13 31 78 82 44 120 129 55 178 49 37 33 111 167 124 189 19 99 121 97 152 74 125 87 1 150 101 26 100 53 158 154 6 194 161 162 45 151 51 72 59 65 47 77 149 131 166 28 184 11 35 126 29 156 112 4 190 10 177 104 147 54 30 48 160 192 181 103
GreedyCycle (GCa),TSPA.csv,147,147,356428229,37696,1906,160,147 184 4 112 156 29 126 11 166 28 77 131 149 47 65 59 72 51 151 45 162 161 194 6 154 158 53 100 26 101 150 1 87 125 74 152 97 121 99 19 189 124 167 111 33 37 49 178 55 129 120 44 82 78 31 13 56 16 88 171 50 188 157 17 196 169 174 187 81 168 145 179 91 40 119 165 39 90 107 27 71 58 164 7 95 8 185 106 3 32 138 14 155 144 61 62 9 64 114 83 89 183 143 170 0 153 76 23 186 15 148 12 130 94 182 136 180 173 133 80 176 66 141 60 46 198 139 110 142 159 199 69 163 36 140 67 108 18 20 22 146 103 195 193 41 115 116 105 96 5 42 192 160 48 54 30 10 190 177 104
GreedyCycle (GCa),TSPA.csv,148,148,356428230,37060,4110,148,148 15 186 23 76 183 89 83 114 64 9 62 61 144 155 14 138 32 3 106 185 8 95 7 164 58 71 27 107 90 39 165 119 40 91 179 145 168 81 187 174 169 196 17 157 188 50 171 88 16 56 13 31 78 82 44 120 2 87 1 150 101 100 26 121 53 158 154 6 173 180 161 162 51 109 72 59 65 47 149 131 166 11 126 29 156 112 4 190 10 177 104 147 54 30 48 160 192 103 146 195 159 163 69 108 67 36 140 93 117 170 0 68 46 198 139 191 193 41 96 5 42 184 28 77 105 116 118 60 141 66 176 63 136 182 99 189 94 130 12 124 19 152 74 167 111 33 37
GreedyCycle (GCa),TSPA.csv,149,149,356428231,36917,3297,155,149 65 59 72 51 151 45 162 161 194 6 154 158 53 100 26 101 150 1 87 125 74 152 97 121 99 19 189 124 167 111 33 37 49 178 55 129 120 44 82 78 31 13 56 16 88 171 50 188 157 17 196 169 174 187 81 168 145 179 91 40 119 165 39 90 107 27 71 58 164 7 95 8 185 106 3 32 138 14 155 144 61 62 9 64 114 83 89 183 76 23 186 15 148 12 130 94 182 136 180 173 133 80 176 66 141 60 118 116 105 77 28 184 42 5 96 41 193 191 139 198 46 68 0 170 117 93 140 36 67 108 69 163 159 195 146 103 192 160 48 30 54 147 104 177 10 190 4 112 156 29 126 11 166 131
GreedyCycle (GCa),TSPA.csv,150,150,356428232,37526,3239,152,150 1 87 125 74 152 19 124 167 111 33 37 49 178 55 129 120 44 82 78 31 13 56 16 88 171 50 188 157 17 196 169 174 187 81 168 145 179 91 40 119 165 39 90 107 27 71 58 164 7 95 8 185 106 3 32 138 14 155 144 61 62 9 64 114 83 89 183 76 23 186 15 148 12 130 94 189 99 182 136 63 176 66 141 60 118 116 105 77 28 184 42 5 96 41 193 191 139 198 46 68 0 170 117 93 140 36 67 108 69 163 159 195 146 103 192 160 48 30 54 147 104 177 10 190 4 112 156 29 126 11 166 131 149 47 65 59 72 109 51 162 161 180 173 6 154 158 53 121 26 100 101
GreedyCycle (GCa),TSPA.csv,151,151,356428233,37103,3294,156,151 51 109 72 59 65 47 149 131 166 11 126 29 156 112 4 190 10 177 104 147 54 30 48 160 192 103 146 195 159 163 69 108 67 36 140 93 117 170 0 68 46 198 139 191 193 41 96 5 42 184 28 77 105 116 118 60 141 66 176 63 173 180 136 182 94 130 12 148 15 186 23 76 183 89 83 114 64 9 62 61 144 155 14 138 32 3 106 185 8 95 7 164 58 71 27 107 90 39 165 119 40 91 179 145 168 81 187 174 169 196 17 157 188 50 171 88 16 56 13 31 78 82 44 120 129 55 178 49 37 33 111 167 124 189 19 99 121 97 152 74 125 87 1 150 101 26 100 53 158 154 6 194 161 162 45
GreedyCycle (GCa),TSPA.csv,152,152,356428234,36474,3924,152,152 19 124 12 130 94 189 99 182 136 63 176 66 141 60 118 116 105 77 28 184 42 5 96 41 193 191 139 198 46 68 0 170 117 93 140 36 67 108 69 163 159 195 146 103 192 160 48 30 54 147 104 177 10 190 4 112 156 29 126 11 166 131 149 47 65 59 72 109 51 162 161 180 173 6 154 158 53 121 26 100 1 101 150 120 44 82 78 31 13 56 16 88 171 50 188 157 17 196 169 174 187 81 168 145 179 91 185 40 119 165 39 90 107 27 71 58 164 7 95 8 138 14 155 144 61 9 62 64 114 83 89 183 76 23 186 15 148 37 33 111 167 128 49 32 3 178 52 55 87 125 74
GreedyCycle (GCa),TSPA.csv,153,153,356428235,36554,3572,157,170 117 93 140 36 67 108 69 163 159 193 41 195 146 103 181 192 160 48 30 54 147 104 177 10 190 4 112 156 29 126 35 11 184 28 166 131 149 77 47 65 59 72 51 151 45 162 161 194 6 154 158 53 100 26 101 150 1 87 125 74 152 97 121 99 19 189 124 167 111 33 37 49 178 55 129 120 44 82 78 31 13 56 16 88 171 50 188 157 17 196 169 174 187 81 168 145 179 91 40 119 165 39 90 107 27 71 58 164 7 95 8 185 106 3 32 138 14 155 144 61 62 9 64 114 83 89 183 76 23 186 15 148 12 130 94 182 136 180 173 133 80 176 66 141 60 118 116 105 43 42 5 96 115 198 46 0
GreedyCycle (GCa),TSPA.csv,154,154,356428236,36960,3260,158,154 6 173 180 136 182 63 80 176 66 141 60 118 116 105 77 28 184 42 5 96 41 193 191 139 198 46 68 0 170 117 93 140 36 67 108 69 163 159 195 146 103 192 160 48 30 54 147 104 177 10 190 4 112 156 29 126 11 166 131 149 47 65 59 72 109 51 151 45 162 161 133 12 130 111 148 37 33 9 15 186 23 76 183 89 83 114 64 61 62 144 155 14 138 32 3 106 185 8 95 7 164 58 71 27 107 90 39 165 119 40 91 179 145 168 81 187 174 169 196 17 157 188 50 171 88 16 56 13 31 78 82 44 120 129 55 178 49 128 167 124 94 189 19 99 121 97 152 74 125 87 1 150 101 26 100 53 158
GreedyCycle (GCa),TSPA.csv,155,155,356428237,36861,4069,151,155 14 138 32 3 106 185 8 95 7 164 58 71 27 107 90 39 165 119 40 91 179 145 168 81 187 174 169 196 17 157 188 50 171 88 16 56 13 31 78 82 44 120 2 87 1 150 101 100 26 121 53 158 154 6 173 180 161 162 51 109 72 59 65 47 149 131 166 11 126 29 156 112 4 190 10 177 104 147 54 30 48 160 192 103 146 195 159 163 69 108 67 36 140 93 117 170 0 68 46 198 139 191 193 41 96 5 42 184 28 77 105 116 118 60 141 66 176 63 136 182 99 189 19 152 74 94 130 12 124 111 167 128 49 102 33 37 148 15 186 23 76 183 89 83 114 64 62 9 61 144
GreedyCycle (GCa),TSPA.csv,156,156,356428238,37590,1921,162,156 35 166 131 149 77 47 65 59 72 51 151 45 162 161 194 6 154 158 53 100 26 101 150 1 87 125 74 152 97 121 99 19 189 124 167 111 33 37 49 178 55 129 120 44 82 78 31 13 56 16 88 171 50 188 157 17 196 169 174 187 81 168 145 179 91 40 119 165 39 90 107 27 71 58 164 7 95 8 185 106 3 32 138 14 155 144 61 62 9 64 114 83 89 183 143 170 0 153 76 23 186 15 148 12 130 94 182 136 180 173 133 80 176 66 141 60 46 198 139 110 142 159 199 69 163 36 140 67 108 18 20 22 146 103 195 193 41 115 116 105 96 5 42 192 160 48 30 54 147 104 177 10 190 28 184 11 84 4 112 126 29
GreedyCycle (GCa),TSPA.csv,157,157,356428239,36265,4286,152,157 188 50 171 88 16 56 13 31 168 78 82 44 120 2 87 1 150 101 100 26 121 53 158 154 6 173 180 161 162 51 109 72 59 65 47 149 131 166 11 126 29 156 112 4 190 10 177 104 147 54 30 48 160 192 103 146 195 159 163 69 108 67 36 140 93 117 170 0 68 46 198 139 191 193 41 96 5 42 184 28 77 105 116 118 60 141 66 176 63 136 182 99 189 19 152 74 94 130 12 124 111 167 128 55 52 178 3 32 49 102 33 37 148 15 186 23 76 183 89 83 114 64 62 9 61 144 155 14 138 8 95 7 164 58 71 27 107 90 39 165 119 40 185 179 91 169 174 187 81 196 17
GreedyCycle (GCa),TSPA.csv,158,158,356428240,36960,3260,158,158 154 6 173 180 136 182 63 80 176 66 141 60 118 116 105 77 28 184 42 5 96 41 193 191 139 198 46 68 0 170 117 93 140 36 67 108 69 163 159 195 146 103 192 160 48 30 54 147 104 177 10 190 4 112 156 29 126 11 166 131 149 47 65 59 72 109 51 151 45 162 161 133 12 130 111 148 37 33 9 15 186 23 76 183 89 83 114 64 61 62 144 155 14 138 32 3 106 185 8 95 7 164 58 71 27 107 90 39 165 119 40 91 179 145 168 81 187 174 169 196 17 157 188 50 171 88 16 56 13 31 78 82 44 120 129 55 178 49 128 167 124 94 189 19 99 121 97 152 74 125 87 1 150 101 26 100 53
GreedyCycle (GCa),TSPA.csv,159,159,356428241,36529,3612,158,159 163 69 108 67 36 140 93 117 170 0 68 46 198 115 96 5 42 43 105 116 118 60 141 66 176 80 133 173 180 136 182 94 130 12 148 15 186 23 76 183 89 83 114 64 9 62 61 144 155 14 138 32 3 106 185 8 95 7 164 58 71 27 107 90 39 165 119 40 91 179 145 168 81 187 174 169 196 17 157 188 50 171 88 16 56 13 31 78 82 44 120 129 55 178 49 37 33 111 167 124 189 19 99 121 97 152 74 125 87 1 150 101 26 100 53 158 154 6 194 161 162 45 151 51 72 59 65 47 77 149 131 166 28 184 11 35 126 29 156 112 4 190 10 177 104 147 54 30 48 160 192 181 103 146 195 41 193
GreedyCycle (GCa),TSPA.csv,160,160,356428242,37431,2643,156,160 48 147 104 177 190 10 54 30 34 103 146 22 159 163 69 108 67 36 140 93 117 170 0 68 46 198 139 191 193 41 96 118 60 141 66 176 80 133 173 180 136 182 94 130 12 148 15 186 23 76 183 89 83 114 64 9 62 61 144 155 14 138 32 3 106 185 8 95 7 164 58 71 27 107 90 39 165 119 40 91 179 145 168 81 187 174 169 196 17 157 188 50 171 88 16 56 13 31 78 82 44 120 129 55 178 49 37 33 111 167 124 189 19 99 121 97 152 74 125 87 1 150 101 26 100 53 158 154 6 194 161 162 45 151 51 72 59 116 105 65 47 149 131 166 11 126 29 156 112 4 184 28 77 43 192
GreedyCycle (GCa),TSPA.csv,161,161,356428243,37103,3294,156,161 194 6 154 158 53 100 26 101 150 1 87 125 74 152 97 121 99 19 189 124 167 111 33 37 49 178 55 129 120 44 82 78 31 13 56 16 88 171 50 188 157 17 196 169 174 187 81 168 145 179 91 40 119 165 39 90 107 27 71 58 164 7 95 8 185 106 3 32 138 14 155 144 61 62 9 64 114 83 89 183 76 23 186 15 148 12 130 94 182 136 180 173 63 176 66 141 60 118 116 105 77 28 184 42 5 96 41 193 191 139 198 46 68 0 170 117 93 140 36 67 108 69 163 159 195 146 103 192 160 48 30 54 147 104 177 10 190 4 112 156 29 126 11 166 131 149 47 65 59 72 109 51 151 45 162
GreedyCycle (GCa),TSPA.csv,162,162,356428244,37103,3294,156,162 161 194 6 154 158 53 100 26 101 150 1 87 125 74 152 97 121 99 19 189 124 167 111 33 37 49 178 55 129 120 44 82 78 31 13 56 16 88 171 50 188 157 17 196 169 174 187 81 168 145 179 91 40 119 165 39 90 107 27 71 58 164 7 95 8 185 106 3 32 138 14 155 144 61 62 9 64 114 83 89 183 76 23 186 15 148 12 130 94 182 136 180 173 63 176 66 141 60 118 116 105 77 28 184 42 5 96 41 193 191 139 198 46 68 0 170 117 93 140 36 67 108 69 163 159 195 146 103 192 160 48 30 54 147 104 177 10 190 4 112 156 29 126 11 166 131 149 47 65 59 72 109 51 151 45
GreedyCycle (GCa),TSPA.csv,163,163,356428245,36694,3210,158,163 69 159 193 41 195 146 103 181 192 160 48 30 54 147 104 177 10 190 4 112 156 29 126 35 11 184 28 166 131 149 77 47 65 59 72 51 151 45 162 161 194 6 154 158 53 100 26 101 150 1 87 125 74 152 97 121 99 19 189 124 167 111 33 37 49 178 55 129 120 44 82 78 31 13 56 16 88 171 50 188 157 17 196 169 174 187 81 168 145 179 91 40 119 165 39 90 107 27 71 58 164 7 95 8 185 106 3 32 138 14 155 144 61 62 9 64 114 83 89 183 76 23 186 15 148 12 130 94 182 136 180 173 133 80 176 66 141 60 118 116 105 43 42 5 96 110 191 139 198 46 68 0 170 117 93 140 36
GreedyCycle (GCa),TSPA.csv,164,164,356428246,36404,4158,151,164 7 95 39 165 8 185 119 40 169 196 91 179 106 138 14 155 144 61 9 62 64 114 83 89 183 76 23 186 15 148 37 33 102 49 32 3 178 52 55 128 167 111 124 12 130 94 74 152 19 189 99 182 136 63 176 66 141 60 118 116 105 77 28 184 42 5 96 41 193 191 139 198 46 68 0 170 117 93 140 36 67 108 69 163 159 195 146 103 192 160 48 30 54 147 104 177 10 190 4 112 156 29 126 11 166 131 149 47 65 59 72 109 51 162 161 180 173 6 154 158 53 121 26 100 101 150 1 87 2 120 44 82 78 168 31 13 56 16 88 171 50 188 157 81 187 90 107 27 71 58
GreedyCycle (GCa),TSPA.csv,165,165,356428247,36594,3866,152,165 119 40 174 187 81 157 188 50 171 88 16 56 13 31 168 78 82 44 120 2 87 1 150 101 100 26 121 53 158 154 6 173 180 161 162 51 109 72 59 65 47 149 131 166 11 126 29 156 112 4 190 10 177 104 147 54 30 48 160 192 103 146 195 159 163 69 108 67 36 140 93 117 170 0 68 46 198 139 191 193 41 96 5 42 184 28 77 105 116 118 60 141 66 176 63 136 182 99 189 19 152 74 94 130 12 124 111 167 128 55 52 178 3 32 49 102 33 37 148 15 186 23 76 183 89 83 114 64 62 9 61 144 155 14 138 106 179 91 196 169 185 8 95 7 164 58 71 27 107 90 39
GreedyCycle (GCa),TSPA.csv,166,166,356428248,36845,2924,157,166 11 126 29 156 112 4 190 10 177 104 147 54 30 48 160 103 146 22 159 163 69 108 67 36 140 93 117 170 0 68 46 198 139 191 193 41 181 192 42 5 96 105 116 118 60 141 66 176 80 133 173 180 136 182 94 130 12 148 15 186 23 76 183 89 83 114 64 9 62 61 144 155 14 138 32 3 106 185 8 95 7 164 58 71 27 107 90 39 165 119 40 91 179 145 168 81 187 174 169 196 17 157 188 50 171 88 16 56 13 31 78 82 44 120 129 55 178 49 37 33 111 167 124 189 19 99 121 97 152 74 125 87 1 150 101 26 100 53 158 154 6 194 161 162 45 151 51 72 59 65 47 77 149 131 184 28
GreedyCycle (GCa),TSPA.csv,167,167,356428249,37163,4067,148,167 111 148 37 33 9 15 186 23 76 183 89 83 114 64 61 62 144 155 14 138 32 3 106 185 8 95 7 164 58 71 27 107 90 39 165 119 40 91 179 145 168 81 187 174 169 196 17 157 188 50 171 88 16 56 13 31 78 82 44 120 2 87 1 150 101 100 26 121 53 158 154 6 173 180 161 162 51 109 72 59 65 47 149 131 166 11 126 29 156 112 4 190 10 177 104 147 54 30 48 160 192 103 146 195 159 163 69 108 67 36 140 93 117 170 0 68 46 198 139 191 193 41 96 5 42 184 28 77 105 116 118 60 141 66 176 63 136 182 99 189 94 130 12 124 19 152 74
GreedyCycle (GCa),TSPA.csv,168,168,356428250,37063,3737,154,168 82 44 120 2 87 1 150 101 100 26 121 53 158 154 6 173 180 161 162 51 109 72 59 65 47 149 131 166 11 126 29 156 112 4 190 10 177 104 147 54 30 48 160 192 103 146 195 159 163 69 108 67 36 140 93 117 170 0 68 46 198 139 191 193 41 96 5 42 184 28 77 105 116 118 60 141 66 176 63 136 182 99 189 19 152 74 94 130 12 124 111 167 128 55 52 178 3 32 49 102 33 37 148 15 186 23 76 183 89 83 114 64 62 9 61 144 155 14 138 106 179 91 169 185 8 95 7 164 58 71 27 107 90 39 165 40 119 174 187 81 196 17 157 188 50 171 88 16 56 13 31 78 145
GreedyCycle (GCa),TSPA.csv,169,169,356428251,36614,3846,152,169 185 8 95 7 164 58 71 27 107 90 39 165 40 119 174 187 81 157 188 50 171 88 16 56 13 31 168 78 82 44 120 2 87 1 150 101 100 26 121 53 158 154 6 173 180 161 162 51 109 72 59 65 47 149 131 166 11 126 29 156 112 4 190 10 177 104 147 54 30 48 160 192 103 146 195 159 163 69 108 67 36 140 93 117 170 0 68 46 198 139 191 193 41 96 5 42 184 28 77 105 116 118 60 141 66 176 63 136 182 99 189 19 152 74 94 130 12 124 111 167 128 55 52 178 3 32 49 102 33 37 148 15 186 23 76 183 89 83 114 64 62 9 61 144 155 14 138 106 179 91 196
GreedyCycle (GCa),TSPA.csv,170,170,356428252,36554,3572,157,170 117 93 140 36 67 108 69 163 159 193 41 195 146 103 181 192 160 48 30 54 147 104 177 10 190 4 112 156 29 126 35 11 184 28 166 131 149 77 47 65 59 72 51 151 45 162 161 194 6 154 158 53 100 26 101 150 1 87 125 74 152 97 121 99 19 189 124 167 111 33 37 49 178 55 129 120 44 82 78 31 13 56 16 88 171 50 188 157 17 196 169 174 187 81 168 145 179 91 40 119 165 39 90 107 27 71 58 164 7 95 8 185 106 3 32 138 14 155 144 61 62 9 64 114 83 89 183 76 23 186 15 148 12 130 94 182 136 180 173 133 80 176 66 141 60 118 116 105 43 42 5 96 115 198 46 0
GreedyCycle (GCa),TSPA.csv,171,171,356428253,36229,4368,152,171 88 16 13 31 168 78 82 44 120 2 87 1 150 101 100 26 121 53 158 154 6 173 180 161 162 51 109 72 59 65 47 149 131 166 11 126 29 156 112 4 190 10 177 104 147 54 30 48 160 192 103 146 195 159 163 69 108 67 36 140 93 117 170 0 68 46 198 139 191 193 41 96 5 42 184 28 77 105 116 118 60 141 66 176 63 136 182 99 189 19 152 74 94 130 12 124 111 167 128 55 52 178 3 32 49 102 33 37 148 15 186 23 76 183 89 83 114 64 62 9 61 144 155 14 138 8 95 7 164 58 71 27 107 90 39 165 119 40 185 179 91 169 174 187 81 196 17 157 188 56 113
GreedyCycle (GCa),TSPA.csv,172,172,356428254,37434,4040,148,74 152 19 124 12 130 94 189 99 182 136 63 176 66 141 60 118 116 105 77 28 184 42 5 96 41 193 191 139 198 46 68 0 170 117 93 140 36 67 108 69 163 159 195 146 103 192 160 48 30 54 147 104 177 10 190 4 112 156 29 126 11 166 131 149 47 65 59 72 109 51 162 161 180 173 6 154 158 53 121 26 100 101 150 1 87 2 120 44 82 78 31 13 56 16 88 171 50 188 157 17 196 169 174 187 81 168 145 179 91 40 119 165 39 90 107 27 71 58 164 7 95 8 185 106 3 32 138 14 155 144 62 61 64 114 83 89 183 76 23 186 15 9 33 37 148 167 111
GreedyCycle (GCa),TSPA.csv,173,173,356428255,36960,3260,158,173 6 154 158 53 100 26 101 150 1 87 125 74 152 97 121 99 19 189 94 124 167 128 49 178 55 129 120 44 82 78 31 13 56 16 88 171 50 188 157 17 196 169 174 187 81 168 145 179 91 40 119 165 39 90 107 27 71 58 164 7 95 8 185 106 3 32 138 14 155 144 62 61 64 114 83 89 183 76 23 186 15 9 33 37 148 111 130 12 133 161 162 45 151 51 109 72 59 65 47 149 131 166 11 126 29 156 112 4 190 10 177 104 147 54 30 48 160 192 103 146 195 159 163 69 108 67 36 140 93 117 170 0 68 46 198 139 191 193 41 96 5 42 184 28 77 105 116 118 60 141 66 176 80 63 182 136 180
GreedyCycle (GCa),TSPA.csv,174,174,356428256,36614,3846,152,174 119 40 165 39 90 107 27 71 58 164 7 95 8 185 169 196 91 179 106 138 14 155 144 61 9 62 64 114 83 89 183 76 23 186 15 148 37 33 102 49 32 3 178 52 55 128 167 111 124 12 130 94 74 152 19 189 99 182 136 63 176 66 141 60 118 116 105 77 28 184 42 5 96 41 193 191 139 198 46 68 0 170 117 93 140 36 67 108 69 163 159 195 146 103 192 160 48 30 54 147 104 177 10 190 4 112 156 29 126 11 166 131 149 47 65 59 72 109 51 162 161 180 173 6 154 158 53 121 26 100 101 150 1 87 2 120 44 82 78 168 31 13 56 16 88 171 50 188 157 81 187
GreedyCycle (GCa),TSPA.csv,175,175,356428257,36229,4368,152,113 56 188 157 17 196 81 187 174 169 91 179 185 40 119 165 39 90 107 27 71 58 164 7 95 8 138 14 155 144 61 9 62 64 114 83 89 183 76 23 186 15 148 37 33 102 49 32 3 178 52 55 128 167 111 124 12 130 94 74 152 19 189 99 182 136 63 176 66 141 60 118 116 105 77 28 184 42 5 96 41 193 191 139 198 46 68 0 170 117 93 140 36 67 108 69 163 159 195 146 103 192 160 48 30 54 147 104 177 10 190 4 112 156 29 126 11 166 131 149 47 65 59 72 109 51 162 161 180 173 6 154 158 53 121 26 100 101 150 1 87 2 120 44 82 78 168 31 13 16 88 171
GreedyCycle (GCa),TSPA.csv,176,176,356428258,36775,3364,157,176 66 141 60 118 116 105 77 28 184 42 5 96 41 193 191 139 198 46 68 0 170 117 93 140 36 67 108 69 163 159 195 146 103 192 160 48 30 54 147 104 177 10 190 4 112 156 29 126 11 166 131 149 47 65 59 72 109 51 151 45 162 161 194 6 154 158 53 100 26 101 150 1 87 125 74 152 97 121 99 19 189 124 167 111 33 37 49 178 55 129 120 44 82 78 31 13 56 16 88 171 50 188 157 17 196 169 174 187 81 168 145 179 91 40 119 165 39 90 107 27 71 58 164 7 95 8 185 106 3 32 138 14 155 144 61 62 9 64 114 83 89 183 76 23 186 15 148 12 130 94 182 136 180 173 133 80
GreedyCycle (GCa),TSPA.csv,177,177,356428259,37696,1906,160,177 190 10 30 54 48 160 192 42 5 96 105 116 115 41 193 195 103 146 22 20 18 108 67 140 36 163 69 199 159 142 110 139 198 46 60 141 66 176 80 133 173 180 136 182 94 130 12 148 15 186 23 76 153 0 170 143 183 89 83 114 64 9 62 61 144 155 14 138 32 3 106 185 8 95 7 164 58 71 27 107 90 39 165 119 40 91 179 145 168 81 187 174 169 196 17 157 188 50 171 88 16 56 13 31 78 82 44 120 129 55 178 49 37 33 111 167 124 189 19 99 121 97 152 74 125 87 1 150 101 26 100 53 158 154 6 194 161 162 45 151 51 72 59 65 47 149 131 77 28 166 11 126 29 156 112 4 184 147 104
GreedyCycle (GCa),TSPA.csv,178,178,356428260,36877,4087,150,178 128 167 111 124 12 130 94 74 152 19 189 99 182 136 63 176 66 141 60 118 116 105 77 28 184 42 5 96 41 193 191 139 198 46 68 0 170 117 93 140 36 67 108 69 163 159 195 146 103 192 160 48 30 54 147 104 177 10 190 4 112 156 29 126 11 166 131 149 47 65 59 72 109 51 162 161 180 173 6 154 158 53 121 26 100 101 150 1 87 2 120 44 82 78 31 13 56 16 88 171 50 188 157 17 196 169 174 187 81 168 145 179 91 40 119 165 39 90 107 27 71 58 164 7 95 8 138 14 155 144 61 9 62 64 114 83 89 183 76 23 186 15 148 37 33 102 49 32 3
GreedyCycle (GCa),TSPA.csv,179,179,356428261,36265,4286,152,179 185 40 119 165 39 90 107 27 71 58 164 7 95 8 138 14 155 144 61 9 62 64 114 83 89 183 76 23 186 15 148 37 33 102 49 32 3 178 52 55 128 167 111 124 12 130 94 74 152 19 189 99 182 136 63 176 66 141 60 118 116 105 77 28 184 42 5 96 41 193 191 139 198 46 68 0 170 117 93 140 36 67 108 69 163 159 195 146 103 192 160 48 30 54 147 104 177 10 190 4 112 156 29 126 11 166 131 149 47 65 59 72 109 51 162 161 180 173 6 154 158 53 121 26 100 101 150 1 87 2 120 44 82 78 168 31 13 56 16 88 171 50 188 157 17 196 81 187 174 169 91
GreedyCycle (GCa),TSPA.csv,180,180,356428262,36960,3260,158,180 173 6 154 158 53 100 26 101 150 1 87 125 74 152 97 121 99 19 189 94 124 167 128 49 178 55 129 120 44 82 78 31 13 56 16 88 171 50 188 157 17 196 169 174 187 81 168 145 179 91 40 119 165 39 90 107 27 71 58 164 7 95 8 185 106 3 32 138 14 155 144 62 61 64 114 83 89 183 76 23 186 15 9 33 37 148 111 130 12 133 161 162 45 151 51 109 72 59 65 47 149 131 166 11 126 29 156 112 4 190 10 177 104 147 54 30 48 160 192 103 146 195 159 163 69 108 67 36 140 93 117 170 0 68 46 198 139 191 193 41 96 5 42 184 28 77 105 116 118 60 141 66 176 80 63 182 136
GreedyCycle (GCa),TSPA.csv,181,181,356428263,37431,2643,156,43 77 28 184 4 112 156 29 126 11 166 131 149 47 65 105 116 59 72 51 151 45 162 161 194 6 154 158 53 100 26 101 150 1 87 125 74 152 97 121 99 19 189 124 167 111 33 37 49 178 55 129 120 44 82 78 31 13 56 16 88 171 50 188 157 17 196 169 174 187 81 168 145 179 91 40 119 165 39 90 107 27 71 58 164 7 95 8 185 106 3 32 138 14 155 144 61 62 9 64 114 83 89 183 76 23 186 15 148 12 130 94 182 136 180 173 133 80 176 66 141 60 118 96 41 193 191 139 198 46 68 0 170 117 93 140 36 67 108 69 163 159 22 146 103 34 30 54 10 190 177 104 147 48 160 192
GreedyCycle (GCa),TSPA.csv,182,182,356428264,36960,3260,158,182 63 80 176 66 141 60 118 116 105 77 28 184 42 5 96 41 193 191 139 198 46 68 0 170 117 93 140 36 67 108 69 163 159 195 146 103 192 160 48 30 54 147 104 177 10 190 4 112 156 29 126 11 166 131 149 47 65 59 72 109 51 151 45 162 161 133 12 130 111 148 37 33 9 15 186 23 76 183 89 83 114 64 61 62 144 155 14 138 32 3 106 185 8 95 7 164 58 71 27 107 90 39 165 119 40 91 179 145 168 81 187 174 169 196 17 157 188 50 171 88 16 56 13 31 78 82 44 120 129 55 178 49 128 167 124 94 189 19 99 121 97 152 74 125 87 1 150 101 26 100 53 158 154 6 173 180 136
GreedyCycle (GCa),TSPA.csv,183,183,356428265,37076,3818,150,183 76 23 186 114 15 148 37 33 9 62 128 167 111 124 12 130 94 74 152 19 189 99 182 136 63 176 66 141 60 118 116 105 77 28 184 42 5 96 41 193 191 139 198 46 68 0 170 117 93 140 36 67 108 69 163 159 195 146 103 192 160 48 30 54 147 104 177 10 190 4 112 156 29 126 11 166 131 149 47 65 59 72 109 51 162 161 180 173 6 154 158 53 121 26 100 101 150 1 87 2 120 44 82 78 31 13 56 16 88 171 50 188 157 17 196 169 174 187 81 168 145 179 91 40 119 165 39 90 107 27 71 58 164 7 95 8 185 106 3 32 138 14 155 144 132 73 64 83 89
GreedyCycle (GCa),TSPA.csv,184,184,356428266,36845,2924,157,184 131 149 77 47 65 59 72 51 151 45 162 161 194 6 154 158 53 100 26 101 150 1 87 125 74 152 97 121 99 19 189 124 167 111 33 37 49 178 55 129 120 44 82 78 31 13 56 16 88 171 50 188 157 17 196 169 174 187 81 168 145 179 91 40 119 165 39 90 107 27 71 58 164 7 95 8 185 106 3 32 138 14 155 144 61 62 9 64 114 83 89 183 76 23 186 15 148 12 130 94 182 136 180 173 133 80 176 66 141 60 118 116 105 96 5 42 192 181 41 193 191 139 198 46 68 0 170 117 93 140 36 67 108 69 163 159 22 146 103 160 48 30 54 147 104 177 10 190 4 112 156 29 126 11 166 28
GreedyCycle (GCa),TSPA.csv,185,185,356428267,36594,3866,152,185 8 95 7 164 58 71 27 107 90 39 165 119 40 174 187 81 157 188 50 171 88 16 56 13 31 168 78 82 44 120 2 87 1 150 101 100 26 121 53 158 154 6 173 180 161 162 51 109 72 59 65 47 149 131 166 11 126 29 156 112 4 190 10 177 104 147 54 30 48 160 192 103 146 195 159 163 69 108 67 36 140 93 117 170 0 68 46 198 139 191 193 41 96 5 42 184 28 77 105 116 118 60 141 66 176 63 136 182 99 189 19 152 74 94 130 12 124 111 167 128 55 52 178 3 32 49 102 33 37 148 15 186 23 76 183 89 83 114 64 62 9 61 144 155 14 138 106 179 91 196 169
GreedyCycle (GCa),TSPA.csv,186,186,356428268,37076,3818,150,186 114 15 148 37 33 9 62 128 167 111 124 12 130 94 74 152 19 189 99 182 136 63 176 66 141 60 118 116 105 77 28 184 42 5 96 41 193 191 139 198 46 68 0 170 117 93 140 36 67 108 69 163 159 195 146 103 192 160 48 30 54 147 104 177 10 190 4 112 156 29 126 11 166 131 149 47 65 59 72 109 51 162 161 180 173 6 154 158 53 121 26 100 101 150 1 87 2 120 44 82 78 31 13 56 16 88 171 50 188 157 17 196 169 174 187 81 168 145 179 91 40 119 165 39 90 107 27 71 58 164 7 95 8 185 106 3 32 138 14 155 144 132 73 64 83 89 183 76 23
GreedyCycle (GCa),TSPA.csv,187,187,356428269,36614,3846,152,187 174 119 40 165 39 90 107 27 71 58 164 7 95 8 185 169 196 91 179 106 138 14 155 144 61 9 62 64 114 83 89 183 76 23 186 15 148 37 33 102 49 32 3 178 52 55 128 167 111 124 12 130 94 74 152 19 189 99 182 136 63 176 66 141 60 118 116 105 77 28 184 42 5 96 41 193 191 139 198 46 68 0 170 117 93 140 36 67 108 69 163 159 195 146 103 192 160 48 30 54 147 104 177 10 190 4 112 156 29 126 11 166 131 149 47 65 59 72 109 51 162 161 180 173 6 154 158 53 121 26 100 101 150 1 87 2 120 44 82 78 168 31 13 56 16 88 171 50 188 157 81
GreedyCycle (GCa),TSPA.csv,188,188,356428270,36275,4286,152,188 50 171 88 16 56 13 31 168 78 82 44 120 2 87 1 150 101 100 26 121 53 158 154 6 173 180 161 162 51 109 72 59 65 47 149 131 166 11 126 29 156 112 4 190 10 177 104 147 54 30 48 160 192 103 146 195 159 163 69 108 67 36 140 93 117 170 0 68 46 198 139 191 193 41 96 5 42 184 28 77 105 116 118 60 141 66 176 63 136 182 99 189 19 152 74 94 130 12 124 111 167 128 55 52 178 3 32 49 102 33 37 148 15 186 23 76 183 89 83 114 64 62 9 61 144 155 14 138 8 95 7 164 58 71 27 107 90 39 165 119 40 185 179 91 169 174 187 81 196 17 157
GreedyCycle (GCa),TSPA.csv,189,189,356428271,37443,3280,152,189 99 182 136 63 176 66 141 60 118 116 105 77 28 184 42 5 96 41 193 191 139 198 46 68 0 170 117 93 140 36 67 108 69 163 159 195 146 103 192 160 48 30 54 147 104 177 10 190 4 112 156 29 126 11 166 131 149 47 65 59 72 109 51 162 161 180 173 6 154 158 53 121 100 26 101 150 1 87 125 74 152 19 124 167 111 33 37 49 178 55 129 120 44 82 78 31 13 56 16 88 171 50 188 157 17 196 169 174 187 81 168 145 179 91 40 119 165 39 90 107 27 71 58 164 7 95 8 185 106 3 32 138 14 155 144 61 62 9 64 114 83 89 183 76 23 186 15 148 12 130 94
GreedyCycle (GCa),TSPA.csv,190,190,356428272,37702,1900,160,190 104 147 184 4 112 156 29 126 11 166 28 77 131 149 47 65 59 72 51 151 45 162 161 194 6 154 158 53 100 26 101 150 1 87 125 74 152 97 121 99 19 189 124 167 111 33 37 49 178 55 129 120 44 82 78 31 13 56 16 88 171 50 188 157 17 196 169 174 187 81 168 145 179 91 40 119 165 39 90 107 27 71 58 164 7 95 8 185 106 3 32 138 14 155 144 61 62 9 64 114 83 89 183 143 170 0 153 76 23 186 15 148 12 130 94 182 136 180 173 133 80 176 66 141 60 46 198 139 110 142 159 199 69 163 36 140 67 108 18 20 22 146 103 195 193 41 115 116 105 96 5 42 192 160 48 54 30 177 10
GreedyCycle (GCa),TSPA.csv,191,191,356428273,36529,3612,158,96 5 42 43 105 116 118 60 141 66 176 80 133 173 180 136 182 94 130 12 148 15 186 23 76 183 89 83 114 64 9 62 61 144 155 14 138 32 3 106 185 8 95 7 164 58 71 27 107 90 39 165 119 40 91 179 145 168 81 187 174 169 196 17 157 188 50 171 88 16 56 13 31 78 82 44 120 129 55 178 49 37 33 111 167 124 189 19 99 121 97 152 74 125 87 1 150 101 26 100 53 158 154 6 194 161 162 45 151 51 72 59 65 47 77 149 131 166 28 184 11 35 126 29 156 112 4 190 10 177 104 147 54 30 48 160 192 181 103 146 195 41 193 159 163 69 108 67 36 140 93 117 170 0 68 46 198 115
GreedyCycle (GCa),TSPA.csv,192,192,356428274,37431,2643,156,192 43 77 28 184 4 112 156 29 126 11 166 131 149 47 65 105 116 59 72 51 151 45 162 161 194 6 154 158 53 100 26 101 150 1 87 125 74 152 97 121 99 19 189 124 167 111 33 37 49 178 55 129 120 44 82 78 31 13 56 16 88 171 50 188 157 17 196 169 174 187 81 168 145 179 91 40 119 165 39 90 107 27 71 58 164 7 95 8 185 106 3 32 138 14 155 144 61 62 9 64 114 83 89 183 76 23 186 15 148 12 130 94 182 136 180 173 133 80 176 66 141 60 118 96 41 193 191 139 198 46 68 0 170 117 93 140 36 67 108 69 163 159 22 146 103 34 30 54 10 190 177 104 147 48 160
GreedyCycle (GCa),TSPA.csv,193,193,356428275,36529,3612,158,193 159 163 69 108 67 36 140 93 117 170 0 68 46 198 115 96 5 42 43 105 116 118 60 141 66 176 80 133 173 180 136 182 94 130 12 148 15 186 23 76 183 89 83 114 64 9 62 61 144 155 14 138 32 3 106 185 8 95 7 164 58 71 27 107 90 39 165 119 40 91 179 145 168 81 187 174 169 196 17 157 188 50 171 88 16 56 13 31 78 82 44 120 129 55 178 49 37 33 111 167 124 189 19 99 121 97 152 74 125 87 1 150 101 26 100 53 158 154 6 194 161 162 45 151 51 72 59 65 47 77 149 131 166 28 184 11 35 126 29 156 112 4 190 10 177 104 147 54 30 48 160 192 181 103 146 195 41
GreedyCycle (GCa),TSPA.csv,194,194,356428276,36960,3260,158,173 180 136 182 63 80 176 66 141 60 118 116 105 77 28 184 42 5 96 41 193 191 139 198 46 68 0 170 117 93 140 36 67 108 69 163 159 195 146 103 192 160 48 30 54 147 104 177 10 190 4 112 156 29 126 11 166 131 149 47 65 59 72 109 51 151 45 162 161 133 12 130 111 148 37 33 9 15 186 23 76 183 89 83 114 64 61 62 144 155 14 138 32 3 106 185 8 95 7 164 58 71 27 107 90 39 165 119 40 91 179 145 168 81 187 174 169 196 17 157 188 50 171 88 16 56 13 31 78 82 44 120 129 55 178 49 128 167 124 94 189 19 99 121 97 152 74 125 87 1 150 101 26 100 53 158 154 6
GreedyCycle (GCa),TSPA.csv,195,195,356428277,36345,3610,159,103 146 22 159 163 69 108 67 36 140 93 117 170 0 68 46 198 139 191 193 41 96 5 42 43 105 116 118 60 141 66 176 80 133 173 180 136 182 94 130 12 148 15 186 23 76 183 89 83 114 64 9 62 61 144 155 14 138 32 3 106 185 8 95 7 164 58 71 27 107 90 39 165 119 40 91 179 145 168 81 187 174 169 196 17 157 188 50 171 88 16 56 13 31 78 82 44 120 129 55 178 49 37 33 111 167 124 189 19 99 121 97 152 74 125 87 1 150 101 26 100 53 158 154 6 194 161 162 45 151 51 72 59 65 47 77 149 131 166 28 184 11 35 126 29 156 112 4 190 10 177 104 147 54 30 48 160 192 181
GreedyCycle (GCa),TSPA.csv,196,196,356428278,36614,3846,152,196 91 179 106 138 14 155 144 61 9 62 64 114 83 89 183 76 23 186 15 148 37 33 102 49 32 3 178 52 55 128 167 111 124 12 130 94 74 152 19 189 99 182 136 63 176 66 141 60 118 116 105 77 28 184 42 5 96 41 193 191 139 198 46 68 0 170 117 93 140 36 67 108 69 163 159 195 146 103 192 160 48 30 54 147 104 177 10 190 4 112 156 29 126 11 166 131 149 47 65 59 72 109 51 162 161 180 173 6 154 158 53 121 26 100 101 150 1 87 2 120 44 82 78 168 31 13 56 16 88 171 50 188 157 81 187 174 119 40 165 39 90 107 27 71 58 164 7 95 8 185 169
GreedyCycle (GCa),TSPA.csv,197,197,356428279,36827,3332,156,118 60 141 66 176 80 133 173 180 136 182 94 130 12 148 15 186 23 76 183 89 83 114 64 9 62 61 144 155 14 138 32 3 106 185 8 95 7 164 58 71 27 107 90 39 165 119 40 91 179 145 168 81 187 174 169 196 17 157 188 50 171 88 16 56 13 31 78 82 44 120 129 55 178 49 37 33 111 167 124 189 19 99 121 97 152 74 125 87 1 150 101 26 100 53 158 154 6 194 161 162 45 151 51 72 59 65 47 149 131 166 11 126 29 156 112 4 190 10 177 104 147 54 30 48 160 192 103 146 195 159 163 69 108 67 36 140 93 117 170 0 68 46 198 139 191 193 41 96 5 42 184 28 77 105 116
GreedyCycle (GCa),TSPA.csv,198,198,356428280,36529,3612,158,198 46 68 0 170 117 93 140 36 67 108 69 163 159 193 41 195 146 103 181 192 160 48 30 54 147 104 177 10 19